tenure,TotalCharges,MonthlyCharges,PaymentMethod_Electronic check,Contract_Two year,InternetService_Fiber optic,PaperlessBilling_Yes,gender_Male,OnlineSecurity_Yes,Contract_One year,Partner_Yes,MultipleLines_Yes,TechSupport_Yes,Dependents_Yes,OnlineBackup_Yes
-1.1147282801182177,-0.8365044671657157,0.5042861484510788,True,False,True,False,False,False,False,False,False,False,False,False
-1.1958844299632747,-0.9077419070684984,0.7241891470889775,True,False,True,True,False,False,False,False,False,False,False,False
-1.1958844299632747,-0.9095741008688148,0.33729214196665935,False,False,True,True,False,False,False,True,True,False,False,False
1.1170658406208545,1.110332316656322,0.5158599904846523,False,False,False,False,False,False,True,False,True,True,False,False
-0.8306817556605175,-0.5151289498578159,1.1226599942448703,False,False,True,True,False,True,False,False,False,True,False,False
1.3199562152334972,-0.4283178626523428,-1.5079089593859372,False,True,False,False,False,False,False,True,False,False,False,False
-0.5872133061253461,-0.8519690553136253,-1.519482801419511,True,False,False,False,True,False,False,False,False,False,False,False
-0.9929940553506318,-0.7842433201947826,-0.028110585093308608,False,False,False,False,False,False,False,False,False,True,False,False
-0.059698332132474476,-0.7255694949227417,-1.47153402728042,False,True,False,False,True,False,False,False,False,False,False,False
1.3605342901560258,-0.269680416108271,-1.3161138628295743,False,True,False,True,False,False,False,False,True,False,False,False
-1.277040579808332,-0.9952073492026561,-1.47153402728042,False,False,False,True,True,False,False,False,False,False,False,False
-0.4249010064352317,-0.8198184164842617,-1.499641929361956,False,False,False,False,True,False,True,False,False,False,False,False
1.441690440001083,-0.3825348294753859,-1.469880621275624,False,True,False,False,False,False,False,False,False,False,False,False
-0.5466352312028174,-0.584076147510203,-0.5075983264842161,False,False,False,True,False,False,False,True,False,False,True,False
-1.1958844299632747,-0.9776706371139121,-1.49798852335716,False,False,False,False,False,False,False,True,False,False,True,False
1.6040027396911973,1.649542589723282,0.6712801549354983,True,True,False,True,True,True,False,True,True,False,False,True
-1.277040579808332,-0.9802880568286501,-0.34060431999979657,True,False,False,True,False,False,False,False,False,False,False,False
-1.277040579808332,-0.9954909030050858,-1.4930283053427713,False,False,False,False,False,False,False,False,False,False,False,False
1.6040027396911973,2.3450346315910493,1.385551549007471,False,False,True,True,False,True,True,True,True,False,False,True
-0.26258870674511736,-0.21888066181139987,0.1504572634246848,False,False,False,True,False,True,False,False,True,False,False,True
-1.1958844299632747,-0.9381257875904139,-0.4728768003834952,False,False,False,True,False,False,False,False,True,False,False,False
1.5634246647686687,1.7627896160476075,0.8250469133815482,False,True,False,False,False,True,False,True,True,True,True,True
0.4272385669378685,-0.09841391944058885,-0.5257857925369748,False,False,False,True,False,False,False,False,False,False,False,False
-0.7089475308929317,-0.8712507138788611,-1.4930283053427713,False,False,False,False,True,False,True,False,False,False,False,False
-0.38432293151270314,-0.7356901844863949,-1.327687704863148,False,False,False,False,False,False,True,False,True,False,False,False
-1.277040579808332,-0.9820548151360982,-0.4745302063882914,False,False,False,False,True,True,False,False,False,False,True,False
1.0764877656983258,1.7250551484934697,1.362403864940324,True,False,True,True,False,False,True,True,True,False,True,True
1.5634246647686687,2.3382293403327314,1.4566480072137091,False,True,True,True,False,True,False,True,True,False,True,True
0.6301289415505114,0.5423522385582012,0.18848560153499835,False,False,True,True,False,False,False,True,False,False,False,False
-0.30316678166764593,0.11547289491540859,1.3227221208252145,False,False,True,True,False,False,False,True,True,True,False,False
1.6040027396911973,-0.21482366125355615,-1.307846832805593,False,True,False,False,True,False,False,False,True,False,False,False
1.52284658984614,2.365319634380268,1.6286022317125175,False,True,True,True,False,True,False,True,True,True,True,True
-1.2364625048858033,-0.9889473537182412,-1.47153402728042,False,False,False,False,False,False,True,False,False,False,False,False
0.5489727917054542,-0.5861482714510371,-1.506255553381141,False,True,False,False,False,False,False,True,False,False,True,False
-0.34374485659017456,-0.37562047906228674,-0.14880922344343336,False,False,False,False,True,True,False,False,False,True,False,True
0.7112850913955685,0.9010696104630282,0.7638708912040872,True,False,True,True,False,False,False,True,True,False,False,True
0.4272385669378685,0.9737248193779603,1.4086992330746182,True,False,True,True,False,False,True,True,True,True,False,False
1.6040027396911973,1.4955728750038257,0.462950998331173,True,True,False,True,False,False,False,True,True,True,True,True
-0.9524159804281033,-0.7180007895809579,0.35713301402421394,False,False,True,True,False,False,False,True,False,False,False,False
1.0359096907757972,0.6499063770029719,0.00991775301700495,False,False,False,True,False,True,False,True,False,False,False,True
-0.34374485659017456,-0.3000206729682742,0.14880385741988864,False,False,False,True,False,False,False,True,False,False,False,True
0.5489727917054542,0.8440316725126985,0.859768439482269,False,False,True,False,False,False,True,True,False,True,True,False
-1.3176186547308604,-1.0041283880637208,0.27776952579399455,False,True,False,False,False,False,False,True,True,True,True,True
-1.1958844299632747,-0.9146780693125537,0.47783165237433917,True,False,True,True,False,False,False,False,True,False,False,True
-0.6683694559704032,-0.8754822090843539,-1.4946817113475674,False,False,False,False,True,False,False,False,False,False,False,False
0.8330193161631543,1.541530402828432,1.5062501873575962,True,False,True,False,False,True,True,True,False,True,False,True
1.3199562152334972,1.6683225761765261,0.9738534538132092,True,False,True,False,False,True,False,True,False,False,False,True
0.5489727917054542,-0.6279179277320625,-1.4880680873283825,False,True,False,False,True,False,False,True,False,False,True,False
-0.38432293151270314,-0.2875006819994447,0.28768996182277234,False,False,False,True,False,False,False,True,True,True,False,False
-1.1958844299632747,-0.9125623217098072,0.00991775301700495,False,False,False,True,True,False,False,False,True,True,False,False
-1.074150205195689,-0.8577055668550925,-0.3058827938990755,False,False,False,True,True,True,False,False,False,False,False,True
0.9953316158532686,0.37943967314672405,-0.3058827938990755,True,False,False,False,True,True,False,True,False,True,False,False
0.5083947167829257,0.8246409547926817,0.8052060413239931,False,False,True,True,False,False,False,False,True,False,False,False
1.52284658984614,0.21722508632584378,-0.8233988734002967,False,True,False,True,True,False,False,False,False,True,False,False
-1.2364625048858033,-0.979546454576141,-1.3194206748391668,True,False,False,True,True,False,False,False,False,False,False,False
0.2243481923252256,0.6248882068962691,1.1441542723072209,True,False,True,True,False,False,False,False,True,True,False,False
-1.074150205195689,-0.8143654587452244,0.13723001538631474,True,False,True,True,True,False,False,False,False,False,False,False
-0.790103680737989,-0.4973304957975983,0.7936321992904196,False,True,False,False,False,True,False,False,True,True,True,True
-1.155306355040746,-0.8424372851857882,0.7770981392424573,True,False,True,True,True,False,False,False,False,False,False,False
0.6301289415505114,0.9473543157519763,1.0565237540530208,False,True,True,True,True,True,False,True,True,False,False,True
0.34608241709281135,0.45248749501886726,0.7026948690266268,False,False,True,True,False,False,True,True,False,True,False,True
1.2793781403109687,1.928079671033305,1.304534654772456,False,False,True,True,False,True,True,True,True,True,True,False
1.52284658984614,1.5013093865452931,0.4877520884031165,False,True,False,False,False,True,False,True,True,True,True,True
-1.277040579808332,-0.9715851362771466,0.3191046759139004,False,False,True,False,True,False,False,True,False,False,True,True
0.2243481923252256,0.31027435718477564,0.4794850583791353,True,False,True,True,True,True,False,True,False,False,False,True
-1.1147282801182177,-0.7805789325941496,1.0350294759906697,True,False,True,True,False,False,False,False,False,False,False,True
1.1170658406208545,1.2779126138924146,0.8134730713479743,True,True,True,True,True,False,False,False,True,False,False,False
-0.26258870674511736,-0.10242729633652019,0.6861608089786645,False,False,True,True,False,False,False,True,False,False,False,False
-0.8712598305830461,-0.5430480934816866,1.1425008663024248,True,False,True,True,False,False,False,True,True,False,False,False
1.2793781403109687,1.9154506209096944,1.304534654772456,False,True,True,True,True,False,False,False,True,False,False,True
1.5634246647686687,2.4930060927975646,1.6567101337940533,False,True,True,True,True,True,False,True,True,True,False,True
1.4011123650785544,1.0094962221460446,0.16368451146305485,False,True,False,True,False,False,False,True,True,True,True,False
-0.9118379055055746,-0.7037140403046803,0.26123546574603224,True,False,True,True,True,False,False,False,False,False,False,True
-0.14085448197753164,0.2892259403120918,1.2896540007292896,True,False,True,True,True,False,False,True,True,False,True,False
1.3605342901560258,0.5802830125909443,-0.34060431999979657,False,True,False,False,True,False,False,True,False,True,True,False
-0.10027640705500306,-0.13156790249393527,0.08762783524242773,True,False,False,False,True,True,False,True,True,True,True,True
-0.6683694559704032,-0.5386421036285446,-0.06283211119402941,False,False,False,True,False,False,False,False,True,False,False,False
0.8735973910856829,0.6911089256791376,0.23643437567408873,False,False,False,False,False,False,True,False,True,True,False,True
1.5634246647686687,2.1427735231346796,1.1325804302736475,True,True,True,True,False,False,False,True,False,False,False,True
-1.2364625048858033,-0.9248860062000315,0.7043482750314229,True,False,True,True,False,True,False,False,False,True,False,True
-1.277040579808332,-0.9824038044313964,-0.5009847024650312,False,False,False,True,True,False,False,False,True,False,False,False
-0.2220106318225888,0.16212840133061127,1.1755689863983494,False,False,True,True,True,False,True,False,True,False,False,False
-1.0335721302731604,-0.7731410982381027,0.16533791746785098,False,False,True,True,True,False,False,True,False,False,True,False
-0.4249010064352317,-0.8241589708445354,-1.5112157713955297,False,False,False,True,False,False,True,False,False,False,False,False
-0.10027640705500306,-0.2826584555271796,-0.30753619990387193,False,True,False,True,True,True,False,False,False,False,False,False
-0.26258870674511736,-0.804637382138782,-1.4930283053427713,False,False,False,False,True,False,True,False,False,False,False,False
-0.9524159804281033,-0.8079309686131604,-0.3174566359326492,True,False,False,False,True,False,False,False,False,False,True,False
1.1170658406208545,-0.5228503380162927,-1.5112157713955297,False,True,False,True,False,False,False,True,False,False,True,False
-0.790103680737989,-0.8901397594868862,-1.4731874332852164,False,True,False,True,False,False,False,False,False,False,False,False
1.6040027396911973,-0.19743963198150533,-1.321074080843963,False,True,False,False,False,False,False,True,True,False,False,False
-0.18143255690006022,0.25687899500412276,1.2681597226669385,True,False,True,True,False,False,False,False,True,True,False,False
0.26492626724775414,-0.5860174004653003,-1.3061934268007966,False,False,False,False,True,False,True,False,True,False,True,False
-0.8306817556605175,-0.8155651094478126,-0.9738588198367539,False,False,False,False,True,False,False,True,False,True,True,True
-0.30316678166764593,-0.8033722959433253,-1.4599601852468467,False,False,False,False,True,False,False,False,False,False,True,False
-0.34374485659017456,0.03926235755462397,1.193756452451108,True,False,True,True,True,False,False,True,True,False,False,False
-0.9929940553506318,-0.9102502676284556,-1.3045400207960005,False,False,False,False,True,False,False,False,False,False,True,False
1.1576439155433829,1.483729050794637,0.9722000478084126,False,True,True,True,False,False,False,True,True,True,False,True
-1.155306355040746,-0.9531105154572884,-1.3111536448151857,False,True,False,True,False,False,False,False,True,False,False,False
-0.4654790813577603,-0.14310636106973812,0.9688932357988204,True,False,True,True,False,False,False,False,True,False,False,False
-1.277040579808332,-0.9623151081207832,1.0218022279522996,True,False,True,True,False,False,False,False,False,True,False,False
-0.7089475308929317,-0.5017801093126527,0.3356387359618627,False,False,True,False,True,True,False,True,False,False,True,False
-0.7495256058154603,-0.9043828851012514,-1.49798852335716,False,False,False,False,True,False,True,True,False,False,False,False
0.8735973910856829,-0.5232211391425472,-1.4847612753187902,False,True,False,False,False,False,False,True,False,False,False,False
-1.277040579808332,-0.9889909773801536,-1.0003133159134936,True,False,False,True,False,False,False,False,False,False,False,False
0.9953316158532686,0.9017675890536248,0.3191046759139004,False,False,False,False,False,False,True,True,True,True,False,True
-0.9929940553506318,-0.6636457068382347,1.2036768884798852,True,False,True,False,False,False,False,False,True,False,False,False
0.14319204248016842,0.09167618734224992,0.19013900753979449,False,False,False,True,False,False,True,False,True,True,False,True
-1.155306355040746,-0.9677898776907766,-1.4847612753187902,False,False,False,False,False,False,False,False,False,False,False,False
0.9953316158532686,-0.5131004495788941,-1.4649204032612353,False,True,False,False,True,False,False,False,False,False,False,False
-0.8712598305830461,-0.6839525214584093,-0.029763991098104747,False,False,False,False,False,True,False,False,False,False,False,False
0.3866604920153399,0.8601069919273802,1.2169041365182554,True,False,True,True,True,False,False,False,True,False,False,True
-0.8712598305830461,-0.7388965236369488,-0.3703656280861287,True,False,False,False,True,False,False,False,True,False,False,False
-0.8306817556605175,-0.8864971837172092,-1.3541422009398876,False,True,False,True,True,False,False,True,True,False,True,False
0.021457817712582688,0.3000446084663416,0.8498480034534917,True,False,True,True,False,True,False,False,True,False,False,False
-0.9118379055055746,-0.828499525204809,-0.6415242128727111,True,False,False,True,True,False,False,False,False,False,False,False
-0.7089475308929317,-0.32392643969621354,1.335949368863584,False,False,True,True,False,False,False,True,True,False,True,True
0.34608241709281135,0.8539342437667901,1.1524213023312022,True,False,True,True,True,False,False,True,True,False,False,False
0.06203589263511127,-0.42574406659951725,-0.8068648133523344,True,True,False,True,True,False,False,True,False,True,True,False
0.46781664186039706,-0.6353993857500216,-1.4847612753187902,False,True,False,False,True,False,False,False,False,False,False,False
-0.30316678166764593,-0.40517551000786867,-0.3587917860525551,True,False,False,False,False,False,False,True,True,False,False,True
-0.9929940553506318,-0.6410268381367081,1.1689553623791644,False,False,True,False,True,True,False,False,False,True,False,False
-1.277040579808332,-0.9734827655703315,0.1752583534966283,True,False,True,True,False,False,False,False,False,False,False,False
1.5634246647686687,1.744533113537311,0.6778937789546833,True,False,False,False,True,True,True,True,True,True,True,False
-0.18143255690006022,-0.6591960933231802,-1.1640005103883206,False,False,False,True,False,False,False,False,False,False,False,False
-0.8306817556605175,-0.5923864551044958,0.47121802835515414,True,False,False,True,False,True,True,True,False,True,False,False
0.30550434217028277,0.06916637779550416,-0.028110585093308608,False,False,False,True,False,True,False,False,False,True,True,False
-0.34374485659017456,-0.32383919237238895,0.04463927911772576,False,False,False,False,False,True,False,True,True,False,False,True
-0.9929940553506318,-0.9097049718545519,-1.1772277584266906,False,False,False,False,True,True,False,False,False,False,False,False
1.2388000653884401,1.0350814998576077,0.31579786390430814,False,True,False,False,True,True,False,True,False,True,True,True
1.6040027396911973,1.0918795076674197,-0.006616307030957384,False,True,False,False,False,True,False,True,True,True,False,True
0.5895508666279828,-0.6021145317109382,-1.49798852335716,False,True,False,False,False,False,False,True,False,False,False,False
-0.6683694559704032,-0.511464562257183,0.3240648939282893,False,False,True,True,False,False,False,False,True,False,False,False
0.30550434217028277,-0.6638202014858838,-1.5161759894099185,False,True,False,False,False,False,False,True,False,False,False,False
-0.9929940553506318,-0.7994243545402623,-0.22321249365926385,False,False,False,False,False,True,True,False,False,True,False,True
-0.30316678166764593,-0.049838971901244804,0.8184332893623631,True,False,True,True,False,False,False,False,True,False,False,True
0.06203589263511127,0.3446061791097541,0.8233935073767515,True,False,True,True,True,False,False,True,False,False,True,True
0.8330193161631543,0.4607105552893354,-0.12731494538108237,True,False,False,True,True,False,True,False,False,False,False,False
0.9953316158532686,0.4954131783405684,-0.2050250276065054,False,False,False,True,False,True,False,True,False,False,False,True
0.06203589263511127,-0.7094069281842353,-1.4963351173523636,False,False,False,False,True,False,False,False,False,False,False,False
1.1982219904659115,1.1696604968570472,0.5456212985709846,False,False,True,True,True,True,True,True,False,False,True,True
0.3866604920153399,-0.6246461530886401,-1.4748408392900125,False,False,False,False,False,False,False,True,False,False,False,False
-1.155306355040746,-0.8574874485455309,0.5009793364414861,True,False,True,True,True,True,False,False,True,False,False,False
1.0359096907757972,1.6763493299683891,1.4715286612568754,False,True,True,True,False,True,False,True,True,False,False,True
1.52284658984614,-0.19429872832381984,-1.2863525547432422,False,False,False,False,False,False,True,False,True,False,False,False
-0.6277913810478746,-0.5951565576359267,-0.3009225758846869,False,False,False,True,False,False,True,False,True,False,True,False
1.52284658984614,0.7579621875597344,-0.2364397416976339,False,True,False,False,False,False,False,True,False,True,False,True
-1.277040579808332,-0.984541363865099,-0.663018490935062,False,False,False,True,True,False,False,False,False,False,False,False
0.5895508666279828,0.7592708974171033,0.6795471849594795,False,False,True,False,True,True,False,False,False,False,False,False
1.6040027396911973,0.9803338041576737,-0.13227516339547102,False,True,False,False,True,True,False,True,False,True,True,False
-0.14085448197753164,-0.5317931887083137,-0.8415863394530553,False,False,False,False,False,True,True,False,False,True,False,True
-0.5872133061253461,-0.2161323711109251,1.2780801586957158,False,False,True,True,False,False,False,False,True,True,False,True
-1.277040579808332,-0.9929171069522604,-1.2979263967768155,True,False,False,True,False,False,False,False,True,False,False,False
0.2243481923252256,0.5625063703616828,0.9936943258707638,False,False,True,False,False,True,True,True,True,False,False,True
0.95475354093074,1.575949472077235,1.3838981430026749,True,False,True,True,False,False,True,False,True,False,False,True
-1.074150205195689,-0.8875005279411922,-0.5059449204794199,False,False,False,True,False,False,False,False,False,True,False,False
-1.277040579808332,-0.9842578100626691,-0.6415242128727111,False,False,False,True,True,False,False,False,False,False,False,False
-1.1147282801182177,-0.7970032413041298,0.6696267489307022,True,False,True,True,False,False,False,False,True,False,False,False
0.3866604920153399,-0.3736356024452772,-1.038341654023807,False,False,False,False,False,False,True,True,False,True,False,True
1.5634246647686687,1.6915303643138688,0.7192289290745891,False,False,True,True,True,True,True,True,False,False,True,True
0.7924412412406258,1.5431881019810993,1.4268866991273768,False,False,True,False,False,True,False,False,True,False,False,True
0.10261396755763985,0.6458930001070406,1.4880627213048376,True,False,True,True,True,False,False,True,True,True,True,True
-0.7089475308929317,-0.5094796856401733,0.3058774278755308,False,False,True,True,True,False,False,False,True,False,False,False
0.30550434217028277,-0.11571070138881497,-0.4662631763643102,True,False,False,True,False,False,False,True,False,False,True,True
1.6040027396911973,1.8588489195784876,0.8233935073767515,False,True,False,False,True,True,False,True,True,True,True,True
-0.18143255690006022,0.14123266727462067,0.8267003193863444,True,False,True,True,False,False,False,False,True,False,False,True
-0.8306817556605175,-0.8926699318777994,-1.469880621275624,False,False,False,False,True,False,False,True,False,False,True,False
-1.277040579808332,-0.973395518246507,0.18187197751581333,False,False,False,True,True,True,False,False,False,True,True,True
-0.10027640705500306,0.09080371410400395,0.6778937789546833,True,False,True,False,True,False,False,True,True,False,True,False
0.2243481923252256,-0.6806589349840309,-1.4847612753187902,False,True,False,False,False,False,False,False,False,False,False,False
-0.8306817556605175,-0.5427863515102129,0.8002458233096047,True,False,True,True,False,False,False,False,True,False,False,True
1.1170658406208545,1.5149417808928862,0.9358251157028956,True,False,True,True,True,True,False,True,True,False,True,True
-0.7089475308929317,-0.5205164721039848,0.1206959553383524,False,False,True,True,True,False,False,True,False,False,False,False
0.9141754660082114,0.38129367877799675,-0.1901443735633392,True,True,False,True,True,True,False,False,False,True,False,False
1.4011123650785544,1.9264655955425496,1.3458698048923616,False,True,True,True,False,False,False,True,True,True,True,False
0.8330193161631543,0.9370155078787616,0.649785876873147,True,False,False,True,False,False,True,False,True,True,True,True
-0.4654790813577603,-0.637646004338505,-0.7622228512228361,True,False,False,True,False,True,False,False,False,False,False,False
-0.9118379055055746,-0.9083744501662268,-1.4880680873283825,False,False,False,True,True,False,True,False,False,False,True,False
-1.277040579808332,-0.9648234686807404,0.8316605374007328,True,False,True,True,True,False,False,True,False,False,True,False
1.1982219904659115,1.8917629724913168,1.1970632644607007,False,True,True,True,False,True,False,True,True,False,True,False
-1.277040579808332,-0.9729156579654716,0.21824690962133025,False,False,True,True,True,False,False,False,False,False,False,False
1.6040027396911973,1.6940605367047818,0.6530926888827399,False,True,True,True,False,True,False,False,True,True,False,False
-0.6683694559704032,-0.4538813285329495,0.314144457899512,False,False,True,True,True,False,False,False,True,False,False,False
-0.5466352312028174,-0.32167982110773014,0.7241891470889775,True,False,True,True,False,False,False,True,True,False,False,False
0.30550434217028277,0.8187517604345215,1.3574436469259352,False,False,True,True,True,False,True,True,True,False,False,True
-0.7089475308929317,-0.8801063172470576,-1.4847612753187902,False,False,False,False,False,False,False,True,False,False,True,False
-0.30316678166764593,-0.0046230463291480305,0.7936321992904196,True,False,True,True,True,False,False,False,True,False,False,True
-0.7089475308929317,-0.3711054300543639,1.0168420099379112,True,False,True,False,True,False,False,False,True,True,False,True
1.3199562152334972,-0.3870935021452211,-1.4731874332852164,False,True,False,True,True,False,False,True,False,False,False,False
-0.9929940553506318,-0.7937532784916635,-0.34060431999979657,False,False,False,False,False,True,False,True,False,False,True,True
-1.1147282801182177,-0.8390564513875851,0.462950998331173,True,False,True,False,False,False,False,False,False,False,False,False
1.3605342901560258,0.46361152880650325,-0.47618361239308776,False,True,False,False,True,False,False,True,False,True,True,False
0.9141754660082114,1.220307568337225,0.8415809734295105,False,False,True,True,True,False,False,True,True,False,True,False
0.8735973910856829,1.8013311213471233,1.6748975998468119,False,False,True,True,False,True,True,True,True,True,False,True
1.3199562152334972,1.5949257650090847,0.8432343794343067,False,True,False,True,False,True,False,True,True,True,True,True
-1.277040579808332,-0.9933097199094709,-1.327687704863148,False,False,False,False,True,False,False,False,False,False,False,False
0.06203589263511127,-0.6321494229375554,-1.3194206748391668,False,False,False,True,True,False,False,False,False,False,False,False
-1.277040579808332,-0.9737663193727615,0.15376407543427706,True,False,True,True,True,False,False,False,False,False,False,False
-1.155306355040746,-0.8733664614816076,0.46129759232637685,False,False,True,True,False,False,False,True,False,False,True,False
1.0359096907757972,-0.36096292865975466,-1.3111536448151857,False,True,False,True,True,False,False,False,True,False,False,False
-1.074150205195689,-0.8784704299253464,-0.4679165823691066,False,False,False,True,False,False,False,False,False,True,False,False
-1.277040579808332,-0.9598721830536946,1.2069837004894781,True,False,True,True,True,False,False,False,True,False,False,False
1.4011123650785544,-0.42506789983987653,-1.4583067792420503,False,False,False,True,False,False,True,True,False,False,False,False
-0.8306817556605175,-0.6145690871868993,0.38524091610574973,True,False,True,True,False,False,False,False,True,False,True,False
-0.9118379055055746,-0.9064550090420855,-1.327687704863148,False,False,False,False,True,False,False,False,True,False,True,False
0.26492626724775414,0.6393494508201959,1.157381520345591,False,False,True,True,False,False,False,True,True,True,True,False
1.2793781403109687,-0.3432953455852739,-1.327687704863148,False,True,False,True,True,False,False,True,True,False,True,False
-0.5466352312028174,-0.2834873051035132,0.654746094887536,True,False,True,True,True,True,False,False,True,False,False,False
-1.0335721302731604,-0.896552437787994,-1.00196672191829,False,False,False,False,False,True,False,True,False,True,True,False
1.5634246647686687,-0.20280534239671796,-1.329341110867944,False,True,False,False,False,False,False,True,True,False,False,False
-1.277040579808332,-0.9854138371033451,-0.7291547311269114,True,False,False,True,True,False,False,False,False,False,False,False
-1.277040579808332,-0.9930479779379972,-1.307846832805593,False,False,False,False,False,False,False,False,True,False,True,False
1.1170658406208545,1.7862373343254678,1.354136834916343,True,False,True,True,False,False,False,False,True,False,False,True
-1.1147282801182177,-0.90796002537806,-0.6663253029446546,False,False,False,False,False,False,False,True,False,False,True,False
0.183770117402697,-0.3091598301389007,-0.6464844308870997,True,True,False,False,False,True,False,True,False,True,False,False
-1.277040579808332,-0.9949237954002261,-1.450039749218069,False,False,False,False,True,False,False,False,False,False,False,False
-1.1958844299632747,-0.9039248366511724,0.1752583534966283,True,False,True,True,False,False,False,False,False,False,False,False
-0.059698332132474476,0.14465712473473602,0.6580529068971283,True,False,True,True,False,False,False,True,True,False,False,False
-1.155306355040746,-0.8468432750389303,0.9903875138611715,False,False,True,True,True,True,False,False,False,True,False,True
-0.30316678166764593,-0.13473061798257688,0.370360262062584,False,False,False,True,False,True,False,False,False,True,False,False
-0.4654790813577603,-0.38275294778494745,0.013224565026597229,False,False,False,False,True,True,False,False,False,False,False,False
0.34608241709281135,0.8115102325570802,1.306188060777252,False,False,True,True,False,True,True,True,False,False,False,True
-0.790103680737989,-0.5984065204483929,0.2595820597412361,True,False,False,True,True,False,False,True,True,True,True,True
1.3605342901560258,0.7484304174318971,-0.12566153937628624,False,True,False,True,False,True,False,False,False,False,False,True
-1.277040579808332,-0.9670482754382675,0.6630131249115171,True,False,True,True,False,False,False,False,True,False,False,False
-1.155306355040746,-0.8649034710706216,0.5175133964894484,False,False,True,True,True,False,False,True,False,True,False,False
-0.4654790813577603,-0.04429876683838303,1.304534654772456,False,False,True,True,False,True,False,True,True,False,False,False
0.8330193161631543,0.5190135794351218,-0.026457179088511997,False,False,False,False,True,True,True,True,True,True,True,True
-1.2364625048858033,-0.9673100174097413,-0.6415242128727111,True,False,False,False,False,False,False,False,False,False,False,False
0.26492626724775414,-0.048028589931884594,-0.33399069598061154,False,False,False,False,True,False,True,False,False,True,True,False
-1.155306355040746,-0.9475921222253827,-1.187148194455468,True,False,False,True,False,True,False,True,False,False,False,False
-0.790103680737989,-0.4540340113496425,0.9540125817556541,False,False,True,False,True,True,False,True,True,False,False,True
-1.2364625048858033,-0.9396526157573444,0.13392320337672245,False,False,False,False,False,False,False,True,False,False,False,False
-1.074150205195689,-0.9498387408138661,-1.5012953353667524,False,True,False,False,False,False,False,False,False,False,False,False
-0.26258870674511736,-0.4877114783459366,-0.677899144978228,False,False,False,True,False,False,False,False,False,True,False,False
0.7924412412406258,1.3084055535691113,1.200370076470293,False,False,True,False,False,False,True,True,True,False,True,False
-0.18143255690006022,-0.7108901326892534,-1.3028866147912044,False,False,False,False,False,False,True,True,True,False,False,False
1.6040027396911973,1.5639311532203972,0.51255317847506,False,True,False,True,False,True,False,True,False,True,True,False
0.5083947167829257,0.9087909986215049,1.0614839720674092,True,False,True,True,False,True,False,False,True,True,False,True
0.2243481923252256,-0.6712362240109745,-1.499641929361956,False,False,False,False,False,False,True,True,False,False,True,False
-0.26258870674511736,-0.09540388676864024,0.5638087646237432,False,False,False,True,True,False,True,True,True,True,True,False
0.8735973910856829,1.203621517655771,0.9639330177844314,False,False,True,True,False,False,True,False,False,False,False,False
1.4822685149236117,2.0490698973470636,1.3376027748683805,False,True,True,False,False,False,False,True,True,True,False,True
-0.8712598305830461,-0.7345995929385875,-0.3422577260045927,False,False,False,True,False,True,True,False,False,True,False,False
-0.10027640705500306,-0.7525725416464542,-1.4930283053427713,False,False,False,False,True,False,True,True,False,False,False,False
-1.277040579808332,-0.9959053277932528,-1.5244430194338996,False,False,False,True,True,False,False,False,False,False,False,False
0.7924412412406258,1.576843757146437,1.5310512774295397,False,False,True,True,False,True,True,False,True,True,False,True
-0.790103680737989,-0.5191859504156596,0.47287143435995027,True,False,True,True,False,False,False,False,False,False,False,True
1.3605342901560258,1.2795485012141259,0.4927123064175049,False,True,False,False,True,False,False,True,True,False,True,True
-1.155306355040746,-0.8524707274256167,1.145807678312017,True,False,True,True,False,True,False,True,True,False,False,False
-0.5466352312028174,-0.26826264709612124,0.8068594473287892,False,False,True,True,False,False,True,True,True,True,True,False
-0.9524159804281033,-0.912235144245465,-1.4946817113475674,False,True,False,False,False,False,False,True,False,False,True,False
-0.6683694559704032,-0.8552190181260916,-1.4814544633091975,True,False,False,False,True,False,False,True,False,False,True,False
0.26492626724775414,-0.12668205235975785,-0.46956998837390274,True,False,False,True,False,False,False,False,False,False,False,False
-0.8306817556605175,-0.547781260799171,0.9672398297940241,True,False,True,True,False,False,False,False,True,False,False,False
1.3605342901560258,-0.4628459910559267,-1.5079089593859372,False,True,False,False,True,False,False,False,False,False,False,False
1.52284658984614,2.5414283575202155,1.6732441938420157,False,False,True,False,False,True,True,False,True,True,False,True
-0.10027640705500306,0.11708697040616353,0.6150643507724263,False,False,True,True,True,False,False,True,True,True,True,True
-1.277040579808332,-0.9952945965264806,-1.478147651299605,False,False,False,False,True,False,False,False,False,False,False,False
1.6040027396911973,1.9926863143254185,1.0829782501297605,False,True,True,True,False,False,False,True,True,False,False,True
-1.277040579808332,-0.9715851362771466,0.3191046759139004,False,False,True,True,True,False,False,True,True,False,False,False
-0.38432293151270314,-0.4315896372957651,-0.3571383800477589,True,False,False,False,True,False,False,False,False,True,True,True
0.6301289415505114,-0.3833418672207635,-1.172267540412302,False,False,False,True,False,False,False,True,False,True,True,False
0.26492626724775414,0.4004444663574956,0.5605019526141508,True,False,True,False,True,False,True,False,False,True,False,False
1.6040027396911973,-0.3869408193285281,-1.5095623653907335,False,True,False,False,True,False,False,False,False,False,False,False
-0.14085448197753164,0.14040381769828697,0.816779883357567,False,False,True,False,True,False,False,False,False,True,False,True
-0.5466352312028174,-0.8373987522349178,-1.4798010573044011,False,False,False,False,False,False,False,True,False,False,True,False
-0.4654790813577603,-0.5628750478208261,-0.7076604530645604,False,False,False,True,True,True,False,False,False,True,False,False
0.34608241709281135,0.6760151386574823,0.9788136718275976,True,False,True,True,True,False,False,True,False,False,False,True
-0.059698332132474476,0.13593239235227642,0.654746094887536,False,False,True,True,False,True,False,False,True,False,False,False
-1.277040579808332,-0.9839742562602393,-0.6200299348103598,False,False,False,False,True,False,False,False,False,False,False,False
0.10261396755763985,-0.0897328107200415,-0.09424682528515771,True,False,False,True,False,False,False,False,False,False,False,False
1.6040027396911973,1.4958128051443436,0.46625781034076524,False,True,True,False,False,True,False,True,True,False,True,False
0.7112850913955685,-0.030949926293219864,-0.6663253029446546,False,False,False,True,True,False,True,True,False,False,True,False
1.2793781403109687,1.8481829342409313,1.2284779785518287,True,True,True,False,True,False,False,True,True,True,False,False
1.4822685149236117,2.1519563039672187,1.3276823388396028,False,False,True,True,False,True,True,True,True,True,True,True
-0.790103680737989,-0.5977521655197084,0.27776952579399455,False,False,False,False,True,False,False,False,False,True,False,True
1.5634246647686687,0.8762041231730183,-0.11739450935230507,False,True,False,True,False,False,False,True,False,True,False,True
-0.5060571562802889,-0.826601895911624,-1.4963351173523636,False,True,False,False,False,False,False,False,False,False,False,False
-0.9929940553506318,-0.9334798675967543,-1.512869177400326,False,False,False,True,False,False,True,False,False,False,False,False
1.6040027396911973,2.694154797875171,1.7162327499667176,False,True,True,True,False,True,False,True,True,True,True,True
1.4822685149236117,0.9929192306193715,0.06448015117528084,False,True,False,True,False,True,False,False,True,True,False,True
-1.277040579808332,-0.9646053503711789,0.8481945974486951,True,False,True,False,False,False,False,False,False,False,False,False
-0.019120257209945892,0.15844220189902217,0.4811384643839315,True,False,True,True,False,False,False,False,False,False,False,False
-1.2364625048858033,-0.9368170777330449,0.2529684357220511,False,False,True,True,True,False,False,False,True,False,False,False
-0.4654790813577603,-0.3211127135028703,0.30091720986114195,False,False,True,True,False,False,False,True,False,False,True,True
0.10261396755763985,0.11970439012090142,0.3389455479714555,True,False,True,True,True,False,False,True,True,False,False,False
1.4011123650785544,1.305046531601864,0.4877520884031165,True,True,False,True,True,True,False,True,True,False,True,False
-0.26258870674511736,-0.09291733803963913,0.5142065844798561,True,False,True,True,True,False,False,False,True,True,False,False
0.021457817712582688,0.3206131650579902,1.0201488219475034,True,False,True,True,True,False,True,True,False,False,False,False
-0.6277913810478746,-0.38892569594553766,0.7208823350793853,True,False,True,False,True,False,True,False,True,True,False,False
0.7112850913955685,-0.557443901912745,-1.506255553381141,False,True,False,False,False,False,False,False,False,False,False,False
1.5634246647686687,1.9053299313460417,0.9358251157028956,False,False,True,True,True,False,False,True,True,False,False,True
-0.38432293151270314,-0.11204631378818189,0.8333139434055293,False,False,True,False,False,False,False,True,True,False,False,False
1.4822685149236117,-0.3936806750939782,-1.4880680873283825,False,True,False,False,True,False,False,False,False,False,False,False
-0.5060571562802889,-0.8219995995798766,-1.4649204032612353,False,False,False,False,True,False,True,True,False,False,False,False
0.8330193161631543,0.10690084534964198,-0.6167231228007676,False,False,False,True,True,True,False,False,False,False,False,True
1.6040027396911973,2.301694523481182,1.3243755268300106,False,False,True,False,False,False,True,True,True,False,False,True
1.52284658984614,1.1297230343763383,0.03471884308894845,True,True,False,False,False,True,False,False,True,True,True,True
-0.6683694559704032,-0.8639219386775949,-1.4731874332852164,True,False,False,False,False,False,False,True,False,False,True,False
-1.155306355040746,-0.9782813683806844,-1.4880680873283825,False,False,False,True,True,False,False,False,False,False,False,False
-0.2220106318225888,0.21452041928728138,1.1838360164223307,True,False,True,False,True,True,False,True,True,True,True,True
0.5083947167829257,0.9701913027630644,1.116046370225685,False,False,True,True,True,False,True,True,True,True,False,True
-0.5872133061253461,-0.8332545043532494,-1.49798852335716,False,False,False,False,False,False,False,False,False,False,False,False
-0.6277913810478746,-0.8702037459929659,-1.5079089593859372,False,False,False,False,False,False,True,True,False,False,False,False
-0.4654790813577603,-0.574413506396629,-0.6382174008631186,False,False,False,False,True,False,False,False,False,False,True,False
-1.277040579808332,-0.9847594821746606,-0.6795525509830244,False,False,False,False,True,False,False,False,False,False,False,False
1.3605342901560258,2.153614003119886,1.4268866991273768,False,False,True,False,False,False,True,False,True,False,False,True
1.3199562152334972,-0.2822658425699689,-1.2962729907720194,False,True,False,False,True,False,False,False,True,False,False,False
-0.2220106318225888,-0.05289262823510567,0.4811384643839315,True,False,True,True,True,False,False,False,True,True,True,False
-0.7089475308929317,-0.8389692040637605,-1.2764321187144645,True,False,False,True,True,False,False,False,True,False,False,False
-0.9118379055055746,-0.9222249628233813,-1.4880680873283825,False,False,False,True,False,False,False,True,False,False,False,False
-0.790103680737989,-0.8945239375090721,-1.526096425438696,False,False,False,False,False,False,False,True,False,False,True,False
0.7924412412406258,1.0254188587440336,0.803552635319197,False,True,False,True,True,True,False,False,True,True,False,True
-0.8712598305830461,-0.4710254276644826,1.0333760699858736,False,False,True,True,False,True,False,True,True,True,False,False
1.1576439155433829,1.098772046249563,0.47783165237433917,True,False,False,True,False,True,True,True,True,True,True,True
-1.0335721302731604,-0.7230393225318285,1.0135351979283185,False,False,True,True,True,False,False,True,True,False,False,False
-0.9524159804281033,-0.7433025134900908,0.18352538352060946,True,False,True,True,True,False,False,False,False,False,False,False
-0.790103680737989,-0.711566299448894,-0.4249280262444044,False,False,False,True,True,True,False,False,False,False,True,False
-0.8712598305830461,-0.509588744794954,1.2929608127388819,False,False,True,True,False,False,False,True,True,True,False,False
0.30550434217028277,0.7901564500510104,1.202023482475089,True,False,True,True,True,False,False,True,True,False,False,True
-1.277040579808332,-0.9688804692385841,0.5241270205086335,True,False,True,True,True,False,False,False,False,False,False,False
-1.277040579808332,-0.9736136365560685,0.16533791746785098,True,False,True,False,True,False,False,False,False,False,False,False
0.10261396755763985,0.26859194822757476,0.6729335609402944,False,False,True,False,False,False,False,False,True,True,False,True
0.2243481923252256,0.9277891033843108,1.5128638113767812,True,False,True,True,True,True,True,True,True,True,False,False
-1.277040579808332,-0.9957526449765598,-1.512869177400326,False,False,False,False,True,False,False,False,False,False,False,False
1.0359096907757972,0.762171870934271,0.1702981354822394,False,True,False,False,True,False,False,False,False,True,False,True
-0.8712598305830461,-0.620218351404542,0.5935700727100756,True,False,True,True,False,False,False,True,False,True,False,False
1.4822685149236117,1.190578042743994,0.3025706158659381,False,True,False,False,True,True,False,False,True,True,False,False
1.441690440001083,2.097841151365013,1.2036768884798852,False,False,True,False,True,True,True,False,True,False,False,True
0.8735973910856829,1.6651816725188406,1.4748354732664677,True,False,True,False,True,True,False,True,True,False,False,True
1.4822685149236117,0.7995791610240666,-0.1934511855729317,False,False,False,False,False,False,True,True,False,True,True,True
-0.26258870674511736,0.004690605489127762,0.8316605374007328,False,False,False,True,False,True,True,True,True,True,False,True
1.6040027396911973,-0.22917584602270216,-1.349181982925499,False,True,False,True,False,False,False,True,True,False,False,False
-0.6277913810478746,-0.2997371191658443,0.9126774316357483,True,False,True,True,False,False,False,True,True,False,False,False
-0.9929940553506318,-0.8421101077214459,-0.7142740770837452,False,False,False,True,True,False,False,True,False,False,False,True
-0.7495256058154603,-0.501234813538749,0.5274338325182262,False,False,True,True,False,False,False,True,False,False,True,False
-0.34374485659017456,-0.4158633071763817,-0.33068388397101905,True,False,False,False,True,True,False,False,False,True,False,False
-0.6277913810478746,-0.527278139700391,-0.008269713035753523,False,False,False,True,False,False,False,False,False,False,True,False
-1.277040579808332,-0.9934842145571202,-1.3409149529015179,False,False,False,False,True,False,False,False,False,False,False,False
1.6040027396911973,2.5399451530151977,1.610414765659759,False,True,True,True,False,True,False,True,True,True,False,True
-0.38432293151270314,-0.2141693063248717,0.5588485466093542,False,False,True,False,False,True,True,True,True,False,True,False
1.5634246647686687,-0.25809833387055575,-1.3326479228775365,False,True,False,True,False,False,False,True,True,False,False,False
0.5083947167829257,0.6440171826448118,0.6861608089786645,False,False,True,True,False,True,False,False,False,True,False,True
1.6040027396911973,2.421376039937571,1.4880627213048376,False,True,True,True,True,True,False,True,True,True,False,True
0.5895508666279828,0.588287954551851,0.46129759232637685,True,False,True,True,True,False,True,True,True,False,False,True
-0.8306817556605175,-0.5549137295218317,0.6233313807964075,False,False,True,True,True,False,False,False,False,True,False,True
-0.10027640705500306,0.24632206882134652,0.9622796117796353,False,False,True,True,True,False,False,True,True,False,False,False
1.4011123650785544,2.065057969437921,1.3376027748683805,False,False,True,True,False,True,True,True,True,True,False,True
-1.2364625048858033,-0.953066891795376,-0.35052475602857386,False,False,False,True,False,False,False,False,True,True,False,False
1.2793781403109687,2.1952527884151745,1.6583635397988494,False,True,True,True,False,True,False,False,True,True,False,True
-0.7089475308929317,-0.8598213144578389,-1.47153402728042,False,False,False,False,False,False,False,True,False,False,False,False
0.34608241709281135,0.5862812661038853,0.8018992293144008,True,False,True,True,True,False,False,False,True,False,False,True
-0.5060571562802889,-0.44816662882243835,-0.026457179088511997,False,False,False,True,True,True,True,True,False,True,False,False
-1.277040579808332,-0.9665902269881884,0.697734651012238,True,False,True,True,True,False,False,True,True,False,False,False
-1.155306355040746,-0.8363954080109349,1.0912452801537418,True,False,True,True,False,False,False,True,True,False,True,True
-1.277040579808332,-0.9956217739908229,-1.5029487413715485,False,False,False,True,True,False,False,False,False,False,False,False
1.6040027396911973,0.8564207924957911,-0.1719569075105807,False,True,False,False,False,True,False,False,True,False,False,True
-0.7495256058154603,-0.5425464213696952,0.5092463664654673,False,False,True,True,False,False,False,False,True,False,False,False
-0.6277913810478746,-0.8543029212259332,-1.5145225834051224,False,True,False,False,True,False,False,False,False,False,False,False
-0.019120257209945892,0.24852506374791763,0.8630752514918613,True,False,True,False,True,False,False,False,False,False,False,False
1.0359096907757972,0.8713400848697969,0.20336625557816407,False,False,False,True,False,True,True,False,True,True,False,True
1.6040027396911973,2.33630989920859,1.3607504589355275,False,True,True,False,False,True,False,True,True,True,True,True
0.8735973910856829,0.3449987920669648,-0.32903047796622287,False,False,False,True,True,False,False,False,True,False,True,True
0.7924412412406258,0.1347327416496882,-0.4629563643547177,False,False,False,True,False,False,True,True,False,False,True,False
-0.5060571562802889,-0.7834144706184489,-1.3243808928535554,False,False,False,False,False,False,False,False,False,False,False,False
0.30550434217028277,0.033722152491762,-0.2761214858127434,False,False,False,False,False,False,False,True,True,False,False,True
-0.5872133061253461,-0.7392018892703349,-0.9837792558655312,True,False,False,True,False,False,False,False,False,True,False,False
-0.14085448197753164,-0.7545137946015514,-1.4930283053427713,False,False,False,True,True,False,True,False,False,False,False,False
-0.18143255690006022,-0.13505779544691912,0.18021857151101717,False,False,True,True,False,False,True,True,False,False,True,False
-0.7495256058154603,-0.5234610692830649,0.462950998331173,True,False,True,True,False,False,False,False,True,False,False,True
-0.5466352312028174,-0.6143291570463817,-0.6646718969398582,False,False,False,True,False,False,True,False,False,False,False,False
-1.277040579808332,-0.9606137853062037,1.150767896326406,True,False,True,True,True,False,False,False,True,False,True,False
-0.10027640705500306,0.05967823132957934,0.6398654408443698,False,False,True,True,True,True,False,False,False,False,False,True
-0.5872133061253461,-0.32626030560852143,0.6696267489307022,True,False,True,True,False,False,False,False,True,False,False,False
0.021457817712582688,-0.18197504383359564,-0.18187734353935803,False,False,False,True,False,True,False,False,False,False,False,True
0.95475354093074,-0.4221887381536649,-1.3243808928535554,True,False,False,False,True,False,True,False,True,False,False,False
0.021457817712582688,-0.751372890943866,-1.4831078693139936,False,False,False,False,False,False,True,True,False,False,True,False
-0.2220106318225888,-0.035639469948791906,0.6927744329978496,True,False,True,True,True,True,True,True,True,False,False,False
-0.5060571562802889,-0.5574875255746573,-0.4348484622731819,False,False,False,True,True,False,False,False,False,False,False,True
-1.1147282801182177,-0.9603302315037736,-1.322727486848759,True,False,False,True,True,False,False,True,False,False,False,False
-0.14085448197753164,-0.5362209903924121,-0.9705520078271614,False,False,False,False,True,True,True,False,False,True,False,False
1.0359096907757972,1.4002551737254545,0.8796093115398236,True,False,True,True,False,False,False,True,False,False,True,True
0.06203589263511127,-0.06294788230589045,0.0016507229930237826,False,False,False,False,False,False,False,False,True,True,False,False
-1.074150205195689,-0.8147580717024351,0.3124910518947158,True,False,True,False,False,False,False,False,False,False,False,False
0.4272385669378685,0.6894730383574265,0.8498480034534917,False,False,True,True,True,True,True,False,False,True,False,True
0.30550434217028277,0.7879970787863514,1.2466654446045877,False,False,True,True,True,False,False,False,True,False,False,True
1.1170658406208545,2.0172028123201295,1.689778253889978,False,True,True,True,False,True,False,True,True,True,False,True
-1.2364625048858033,-0.9466978371561805,0.15376407543427706,True,False,True,True,False,False,False,False,False,False,False,False
1.6040027396911973,2.326450951616411,1.2797335647005124,True,True,True,True,True,False,False,False,True,False,False,True
-0.4249010064352317,-0.5464943627727582,-0.5009847024650312,True,False,False,True,False,True,False,False,False,False,False,False
-0.7495256058154603,-0.8803462473875752,-1.4897214933331788,False,False,False,False,True,False,False,False,False,False,False,False
-1.277040579808332,-0.9848903531603975,-0.6894729870118017,True,False,False,True,False,False,False,False,False,False,False,False
-0.8712598305830461,-0.6385839130696194,0.38193410409615747,True,False,True,True,False,False,False,False,True,False,False,False
-1.074150205195689,-0.9575383171413865,-1.5029487413715485,False,False,False,False,False,False,False,False,False,False,False,False
-1.2364625048858033,-0.9872024072417492,-1.49798852335716,False,False,False,True,True,False,False,False,False,False,False,False
-0.9524159804281033,-0.7053717394573478,0.3736670740721763,True,False,True,True,True,False,False,False,True,False,False,False
-0.30316678166764593,-0.09324451550398137,0.649785876873147,False,False,True,True,False,False,False,False,True,False,False,False
0.34608241709281135,-0.6532850871340639,-1.4963351173523636,False,True,False,False,False,False,False,True,False,False,True,False
-0.9118379055055746,-0.923337366202145,-1.5095623653907335,False,False,False,True,False,False,True,False,False,False,False,False
0.5895508666279828,1.315690705108465,1.603801141640574,False,False,True,True,True,True,True,True,True,True,True,True
1.1982219904659115,1.5073730755511026,0.9606262057748391,False,False,True,True,False,False,True,False,True,False,False,False
-1.0335721302731604,-0.766313995148828,0.2909967738323646,False,False,True,False,True,False,False,False,True,False,False,False
1.2793781403109687,1.4246408007344293,0.5390076745517997,True,False,False,False,True,True,True,False,True,True,False,True
0.8330193161631543,1.1897928168295726,0.9573193937652469,True,False,True,False,True,True,False,True,True,False,False,False
0.7112850913955685,-0.5383803616570707,-1.4682272152708278,False,True,False,False,True,False,False,True,False,False,False,False
0.10261396755763985,0.40768599423493707,0.8779559055350274,False,False,True,True,True,False,False,True,True,True,False,False
1.52284658984614,1.3034760797730216,0.39681475813932365,False,True,False,True,True,True,False,True,True,True,False,False
-1.277040579808332,-0.9712579588128044,0.3439057659858439,False,False,True,False,True,False,False,True,False,False,False,False
-1.277040579808332,-0.9832108421767741,-0.5621607246424917,True,False,False,False,True,True,False,False,False,False,False,False
-0.5872133061253461,-0.8425027206786566,-1.4831078693139936,False,True,False,False,False,False,False,True,False,False,False,False
1.52284658984614,2.158652536070756,1.2913074067340857,False,True,True,True,True,True,False,False,True,True,False,False
0.26492626724775414,-0.6051463762138429,-1.3475285769207026,False,False,False,True,False,False,True,True,True,False,True,False
1.3605342901560258,1.8728521150523354,1.2615460986477534,False,False,True,True,False,True,False,False,True,True,False,True
-1.277040579808332,-0.9847594821746606,-0.6795525509830244,False,False,False,False,False,False,False,False,False,False,False,False
1.0359096907757972,-0.5524053689618746,-1.5145225834051224,False,True,False,True,True,False,False,False,False,False,False,False
-0.5872133061253461,-0.8428953336358673,-1.4748408392900125,False,False,False,False,False,False,True,False,False,False,False,False
-0.8712598305830461,-0.7981156446828934,-0.6712855209590433,False,False,False,True,False,False,False,False,False,False,False,False
-1.2364625048858033,-0.9424227182887754,0.19013900753979449,True,False,True,True,False,False,False,True,False,False,False,False
-1.2364625048858033,-0.9261729042264444,0.7026948690266268,False,False,True,True,False,False,False,False,False,False,False,False
0.2243481923252256,0.09623486001208519,0.03967906110333734,False,False,False,True,False,True,False,False,True,False,False,True
1.6040027396911973,2.4013964027817387,1.4252332931225806,False,True,True,True,False,False,False,False,True,True,False,True
1.5634246647686687,0.644060806306724,-0.34556453801418524,False,True,False,False,True,True,False,True,False,True,False,False
1.6040027396911973,2.324291580351752,1.349176616901954,False,False,True,True,False,False,True,True,True,False,False,True
-0.18143255690006022,-0.10175112957687948,0.3290251119426782,False,False,True,True,True,True,False,False,False,False,True,False
0.5895508666279828,0.5423740503891573,0.34721257799543664,False,False,True,False,False,True,False,False,False,False,False,False
-1.277040579808332,-0.9953382201883928,-1.4814544633091975,False,False,False,True,False,False,False,False,False,False,False,False
0.5489727917054542,0.30872571718688896,-0.02480377308371586,False,True,False,True,False,False,False,True,False,True,False,True
1.6040027396911973,0.7336638078745843,-0.3191100419374456,False,True,False,False,True,True,False,True,True,False,True,False
-1.277040579808332,-0.9710834641651551,0.35713301402421394,True,False,True,True,True,False,False,False,True,False,False,False
-1.155306355040746,-0.9449092670177763,-0.9903928798847162,False,False,False,False,False,True,False,False,False,False,False,False
-0.9929940553506318,-0.9346795182993425,-1.5046021473763447,False,False,False,False,True,False,False,False,False,False,True,False
1.441690440001083,1.1566606456071824,0.264542277755625,False,True,False,True,True,False,False,True,False,True,True,False
-1.277040579808332,-0.9694039531815317,0.48444527639352375,True,False,True,True,False,False,False,False,False,False,True,False
0.46781664186039706,0.7295413718238721,0.8498480034534917,False,False,True,True,True,False,True,True,False,False,False,False
1.6040027396911973,1.9330527684913068,0.915984243645341,False,True,False,False,False,True,False,True,True,True,True,True
1.441690440001083,1.459125305476101,0.5786894186669094,False,True,False,True,False,True,False,False,False,True,False,True
1.1576439155433829,0.17220546723235228,-0.7027002350501715,False,False,False,False,False,True,True,False,False,True,False,True
1.5634246647686687,-0.22341752265027878,-1.3061934268007966,False,True,False,False,True,False,False,True,True,False,False,False
-0.38432293151270314,-0.05034064401323627,1.1342338362784437,True,False,True,True,True,True,False,True,True,False,False,True
-1.2364625048858033,-0.9689895283933647,-0.6729389269638394,False,False,False,True,False,False,False,True,False,False,False,False
1.1982219904659115,-0.47992465469459133,-1.4847612753187902,False,True,False,True,True,False,False,False,False,False,False,False
-1.2364625048858033,-0.9660449312142847,-0.3472179440189814,False,False,False,True,True,True,False,False,False,True,False,False
1.5634246647686687,2.35092382594921,1.4434207591753392,False,True,True,True,True,False,False,True,True,True,False,True
0.7518631663180971,0.5499645675618972,0.15872429344866595,False,False,False,True,False,True,True,True,False,True,True,True
0.4272385669378685,0.47859625667337763,0.51255317847506,True,False,True,False,False,False,False,True,True,False,False,True
0.183770117402697,-0.6911286138429824,-1.491374899337975,False,False,False,True,False,False,True,True,False,False,False,False
1.1170658406208545,0.5586456762824445,-0.15707625346741452,False,False,False,True,True,False,False,True,False,True,False,True
-0.7089475308929317,-0.39749774551130423,0.7671777032136801,True,False,True,False,False,False,False,True,False,False,False,False
0.3866604920153399,0.18583786157994542,0.047946091127318506,False,False,False,True,False,True,False,True,True,True,False,True
1.6040027396911973,2.5410139327320485,1.5756932395590377,False,True,True,True,True,True,False,True,True,True,True,True
0.5083947167829257,0.013982445476447128,-0.46460977035951406,False,False,False,True,False,True,False,True,False,False,True,False
-1.277040579808332,-0.9842141864007569,-0.6382174008631186,True,False,False,True,False,False,False,False,False,False,False,False
-0.10027640705500306,0.11084878675270503,0.667973342925906,True,False,True,False,False,False,False,False,False,True,False,False
0.8735973910856829,1.3077730104713827,1.1606883323551833,False,False,True,True,False,True,True,False,False,False,False,True
0.7518631663180971,1.1068860473652502,0.9490523637412657,False,False,True,True,True,True,True,True,True,False,False,False
-1.1958844299632747,-0.8787539837277762,1.1259668062544625,False,False,True,True,False,True,False,False,False,False,False,False
0.9141754660082114,1.1408252563330181,0.8333139434055293,True,False,False,True,False,True,True,True,True,True,False,True
-1.277040579808332,-0.9699056252935232,0.44641693828321066,True,False,True,False,False,False,False,False,False,False,False,False
-0.5060571562802889,-0.5941532134119438,-0.5075983264842161,True,False,False,True,True,False,False,True,False,False,True,False
-0.34374485659017456,-0.7722468131689006,-1.4516931552228654,False,False,False,False,False,False,True,False,False,False,True,False
-0.8306817556605175,-0.5896163525730648,0.51255317847506,True,False,True,True,True,False,False,True,False,False,False,False
1.4822685149236117,2.159415950154221,1.3706708949643052,False,False,True,True,False,True,True,True,False,True,False,True
0.95475354093074,1.1565297746214454,0.8184332893623631,False,False,True,False,True,False,False,True,False,False,False,False
0.67070701647304,-0.4755622885033615,-1.3128070508199818,False,True,False,False,False,False,False,True,True,False,True,False
1.3199562152334972,0.706399019179398,-0.16534328349139568,False,True,False,False,False,True,False,False,False,True,False,False
-0.790103680737989,-0.8076474148107304,-0.9771656318463464,False,True,False,False,False,False,False,False,False,True,False,False
-1.277040579808332,-0.97326464726077,0.19179241354459062,False,False,True,False,False,False,False,False,False,False,False,False
0.7924412412406258,-0.12253780447808954,-0.8283590914146854,True,False,False,True,True,True,False,True,False,False,False,False
-1.277040579808332,-0.962424167275564,1.0135351979283185,True,False,True,True,False,True,False,False,False,False,False,False
1.4011123650785544,2.172372177742174,1.4698752552520793,True,False,True,True,False,True,True,True,True,True,True,False
0.6301289415505114,-0.48803865581027883,-1.3541422009398876,False,True,False,False,False,False,False,False,True,False,False,False
-0.059698332132474476,-0.285646676368172,-0.35052475602857386,False,False,False,False,True,False,False,True,False,True,True,False
-0.4249010064352317,-0.4573057859930648,-0.19510459157772808,False,False,False,True,False,True,False,False,True,True,False,False
-1.277040579808332,-0.9955781503289105,-1.499641929361956,False,False,False,True,False,False,False,False,False,False,False,False
-1.1147282801182177,-0.8341706012534078,0.5307406445278184,False,False,True,True,False,False,False,False,False,False,False,False
-1.2364625048858033,-0.9248860062000315,1.0102283859187262,False,False,True,True,True,False,False,True,False,False,False,False
-0.7089475308929317,-0.6938987163744132,-0.45799614634032904,True,False,False,True,False,False,False,True,True,False,False,False
0.5083947167829257,0.6788943003436941,0.6415188468491659,False,True,False,True,True,True,False,True,False,True,True,True
1.1982219904659115,1.3566315118131564,0.7985924173048081,False,True,True,True,True,False,False,True,True,False,True,False
-0.6683694559704032,-0.7142927783184126,-0.8614272115106101,True,False,False,True,False,True,False,False,False,False,False,False
-1.1147282801182177,-0.8658850034636484,-0.01819014906453083,False,False,False,False,True,True,False,True,True,True,True,True
-0.6683694559704032,-0.6299246161800283,-0.3009225758846869,False,False,False,True,True,True,True,True,False,False,True,True
1.441690440001083,-0.281109815529293,-1.335954734887129,False,True,False,False,True,False,False,False,True,False,False,False
-0.790103680737989,-0.8920155769491149,-1.4880680873283825,False,False,False,True,True,False,True,False,False,False,False,False
1.5634246647686687,-0.21307871477706422,-1.3061934268007966,False,True,False,False,False,False,False,True,True,False,True,False
1.4011123650785544,1.762244320273704,0.9722000478084126,False,False,True,True,False,True,True,True,True,True,True,False
-1.0335721302731604,-0.8881766947008327,-0.6795525509830244,True,False,False,True,True,False,False,False,False,True,False,True
-0.4249010064352317,-0.5247697791404338,-0.48279723641227257,True,False,False,True,False,False,False,False,False,False,False,True
0.8330193161631543,1.2646510206710762,1.1689553623791644,False,False,True,True,False,False,True,False,False,False,False,True
1.3199562152334972,1.5831909999546765,0.8498480034534917,True,False,True,True,True,False,False,True,True,False,False,True
-0.38432293151270314,-0.4591597916243375,-0.3488713500237777,True,False,False,False,False,True,False,False,True,False,False,False
1.5634246647686687,2.2772216491483825,1.354136834916343,True,False,True,True,False,False,True,False,True,False,False,True
-0.8712598305830461,-0.6917393451097547,-0.001656089016568496,True,False,False,True,False,False,False,False,False,False,False,False
1.1170658406208545,-0.4973304957975983,-1.49798852335716,False,True,False,False,True,False,False,True,False,False,True,False
0.6301289415505114,0.6411380209586001,0.46129759232637685,False,True,False,False,True,False,False,False,False,True,False,True
0.95475354093074,1.5236228896134334,1.335949368863584,False,False,True,True,True,True,False,False,True,True,False,False
-0.9929940553506318,-0.7125478318419207,0.661359718906721,True,False,True,False,False,True,False,False,False,False,False,False
-0.5060571562802889,-0.056600639497651,1.392165173026656,True,False,True,False,True,False,False,True,True,True,False,True
-0.059698332132474476,-0.6978684696084325,-1.4649204032612353,True,False,False,True,True,False,False,True,False,False,True,False
1.6040027396911973,-0.16895338075277472,-1.273125306704872,False,True,False,False,False,False,False,True,True,False,False,False
0.10261396755763985,0.14581315177541196,0.3439057659858439,False,False,True,False,True,False,False,False,True,False,False,False
-0.4654790813577603,-0.3189315304072554,0.34225235998104775,False,False,True,False,True,False,False,False,True,False,False,False
-0.2220106318225888,-0.7722250013379445,-1.4748408392900125,False,True,False,False,True,False,False,False,False,False,False,False
-0.059698332132474476,-0.34100510333487827,-0.4993312964602349,False,True,False,True,False,True,False,False,False,True,False,True
1.5634246647686687,1.8704964373090716,0.8696888755110463,False,True,False,True,True,True,False,True,True,True,True,True
-1.1958844299632747,-0.9353993087208953,-0.2992691698798907,False,False,False,False,True,True,False,False,False,False,True,False
0.06203589263511127,0.049862907399312276,0.1669913234726471,False,False,True,True,False,False,False,False,False,False,False,False
1.5634246647686687,1.9478630017105323,1.038336288000262,False,True,True,True,False,True,False,True,True,True,False,True
0.8330193161631543,-0.5583818106438595,-1.4599601852468467,False,False,False,False,False,False,True,True,False,False,False,False
-1.277040579808332,-0.9822511216147034,-0.4894108604314576,False,False,False,True,True,False,False,False,False,False,True,False
-1.277040579808332,-0.9700801199411723,0.4331896902448406,True,False,True,False,False,False,False,False,False,False,False,False
0.8330193161631543,-0.5644454996496688,-1.5012953353667524,False,False,False,False,False,False,True,True,False,False,True,False
1.4011123650785544,1.999687912062342,1.3111482787916404,False,True,True,False,True,True,False,True,True,True,True,False
0.10261396755763985,-0.2618063451331011,-0.5208255745225858,True,False,False,False,True,False,False,False,False,False,False,False
-0.059698332132474476,0.41078327423071015,1.297921030753271,True,False,True,True,False,False,False,True,True,True,True,False
-1.1147282801182177,-0.8243552773231407,0.45633737431198795,True,False,True,True,True,False,False,True,True,False,False,True
-0.5872133061253461,-0.3822948993348683,0.5638087646237432,False,False,False,True,True,False,True,False,True,True,False,False
-1.277040579808332,-0.9738535666965861,0.1471504514150925,False,False,True,False,True,False,False,False,False,False,False,False
-1.277040579808332,-0.9733518945845946,0.1851787895254056,True,False,True,True,False,False,False,False,False,False,False,False
-0.10027640705500306,-0.09069253128211197,0.13723001538631474,False,True,False,True,True,False,False,False,True,True,False,False
1.5634246647686687,1.7283705467988046,0.7241891470889775,False,True,False,False,True,True,False,True,True,True,True,True
1.6040027396911973,-0.1899145503016339,-1.3061934268007966,False,True,False,False,False,False,False,False,True,False,False,False
0.3866604920153399,0.9156399135417356,1.3309891508491956,True,False,True,True,False,True,False,False,True,False,False,False
0.46781664186039706,0.9636477534762197,1.3590970529307314,True,False,True,True,True,True,True,False,False,False,False,True
0.67070701647304,-0.5795174748403679,-1.4814544633091975,False,True,False,True,False,False,False,True,False,False,False,False
-0.2220106318225888,-0.3978249229756465,-0.3687122220813326,True,False,False,True,True,False,False,True,False,True,False,True
1.5634246647686687,-0.39793398213042724,-1.4831078693139936,False,True,False,False,False,False,False,True,False,False,True,False
1.0764877656983258,-0.5244426016760916,-1.5079089593859372,False,True,False,False,True,False,False,False,False,False,False,False
-1.155306355040746,-0.9207853819802754,-0.6382174008631186,False,False,False,False,False,False,False,False,False,False,False,False
1.3199562152334972,2.043267950312728,1.3409095868779728,True,False,True,True,False,False,False,True,True,False,True,True
1.0359096907757972,0.8412615699812674,0.2199003156261264,False,True,False,False,True,True,False,True,True,True,True,True
1.4011123650785544,1.933118203984175,1.1887962344367196,False,False,True,True,True,True,True,True,False,False,False,True
0.9141754660082114,0.857031523762563,0.4232692542160633,False,False,True,True,False,False,False,True,True,False,False,True
0.67070701647304,1.0606231539072584,0.9556659877604503,False,False,True,True,True,True,False,True,True,False,False,True
0.183770117402697,0.5370301518049008,0.9986545438851527,True,False,True,True,False,False,False,True,True,False,True,True
0.95475354093074,1.4019128728781218,1.1524213023312022,False,False,True,True,False,False,True,True,True,False,True,False
0.95475354093074,1.0114592869320982,0.5390076745517997,False,True,False,False,False,True,False,True,True,True,True,True
-0.7089475308929317,-0.2758749760998172,1.2169041365182554,True,False,True,False,False,True,False,True,False,False,False,False
0.9953316158532686,0.4242629857616103,-0.18683756155374692,False,False,False,True,False,True,True,True,False,True,True,False
0.30550434217028277,-0.5648817362687918,-1.3128070508199818,False,True,False,False,True,False,False,True,True,False,True,False
0.8330193161631543,1.119449661995992,0.9688932357988204,False,False,True,True,True,False,True,True,False,False,False,True
-0.34374485659017456,-0.20965425731694878,0.32571829993308543,False,False,False,False,True,True,True,True,True,False,True,False
0.10261396755763985,-0.16476550920919414,-0.3207634479422417,False,True,False,False,True,True,False,False,True,False,False,False
1.5634246647686687,1.7414358335415376,0.8630752514918613,False,True,False,False,False,True,False,True,True,True,True,True
0.26492626724775414,-0.03372002882465075,-0.20998524562089405,False,False,False,True,False,False,True,False,False,False,False,True
1.0764877656983258,-0.34519297487845885,-1.321074080843963,False,True,False,False,True,False,False,False,True,False,False,False
-1.277040579808332,-0.9672227700859168,0.649785876873147,False,False,True,True,True,True,False,False,False,False,False,False
1.6040027396911973,1.7775562256049207,0.8085128533335859,False,True,False,True,True,True,False,True,True,True,True,True
-1.277040579808332,-0.969164023041014,0.5026327424462826,False,False,True,False,False,False,False,False,False,False,False,False
-0.9118379055055746,-0.73673715237229,-0.08928660727076905,False,False,False,False,True,True,False,False,False,True,False,False
1.6040027396911973,-0.18094988777865667,-1.299579802781612,False,True,False,False,False,False,False,True,True,False,False,False
-1.277040579808332,-0.9846286111889238,-0.6696321149542469,False,False,False,False,True,False,False,True,False,False,False,False
0.7924412412406258,-0.4566078074024681,-1.385556915031016,False,True,False,False,False,False,False,True,True,False,True,False
-0.8306817556605175,-0.8903142541345352,-1.4963351173523636,False,False,False,False,False,False,True,False,False,False,False,False
1.5634246647686687,-0.27055288934651694,-1.3392615468967215,False,True,False,True,False,False,False,True,True,False,False,False
0.95475354093074,1.1432027459072382,0.7093084930458119,True,False,True,True,True,True,False,False,True,False,False,True
1.52284658984614,2.3612844456533804,1.610414765659759,True,True,True,True,False,True,False,True,True,True,False,True
-0.9118379055055746,-0.917491795505897,-1.4864146813235863,False,False,False,True,True,False,False,False,False,False,False,False
-1.277040579808332,-0.9934842145571202,-1.3409149529015179,True,False,False,True,True,False,False,False,False,False,False,False
-0.4249010064352317,-0.5123370354954289,-0.3472179440189814,True,False,False,True,True,True,False,False,True,False,False,False
0.9141754660082114,-0.37435539286683006,-1.2979263967768155,False,True,False,False,True,False,False,True,True,False,False,False
0.183770117402697,0.6369937730769318,1.1425008663024248,True,False,True,True,False,False,False,True,True,False,False,False
-0.790103680737989,-0.6957745338366422,-0.3472179440189814,True,False,False,True,True,True,False,True,False,True,False,False
-1.277040579808332,-0.9819239441503612,-0.46460977035951406,False,False,False,False,True,False,False,False,False,False,False,False
-1.155306355040746,-0.9249078180309876,-0.6266435588295449,True,False,False,False,False,False,False,True,False,False,True,False
-1.1958844299632747,-0.8849485437193226,0.9903875138611715,True,False,True,False,False,False,False,True,True,False,False,False
-0.7495256058154603,-0.5476067661515218,0.17360494749183214,True,False,True,False,False,False,False,True,False,False,True,False
-1.2364625048858033,-0.962882215725643,0.047946091127318506,False,False,False,False,True,True,False,False,False,False,False,False
-0.7089475308929317,-0.5367444743353595,0.1504572634246848,False,False,False,True,True,False,False,True,False,True,True,True
0.021457817712582688,-0.19390611536660923,-0.3703656280861287,False,False,False,True,False,False,True,True,False,True,False,True
-0.4249010064352317,-0.2260567541959729,0.36540004404819515,False,False,True,True,False,False,True,False,True,False,False,False
-1.2364625048858033,-0.9456508692702853,0.6315984108203886,True,False,True,True,False,False,False,True,True,False,False,False
-0.14085448197753164,0.07211097497458428,0.6448256588587586,True,False,True,True,True,True,False,True,True,False,False,True
-0.5872133061253461,-0.49517112453293954,-0.004962901026161245,True,False,False,False,False,True,False,False,True,False,True,False
-1.0335721302731604,-0.712286089870447,0.9688932357988204,True,False,True,True,True,False,False,False,False,False,False,True
-1.277040579808332,-0.9954472793431736,-1.4897214933331788,False,False,False,False,False,False,False,False,False,False,False,False
-0.26258870674511736,0.18038490384090816,1.3392561808731767,True,True,True,True,False,False,False,False,False,True,True,True
0.021457817712582688,-0.11688854026044702,-0.1339285694002674,False,False,False,True,False,True,False,False,True,False,False,True
0.06203589263511127,-0.5946548855239352,-1.1425062323259698,False,False,False,False,True,True,True,True,False,False,True,False
1.6040027396911973,1.4988228378162922,0.51255317847506,False,True,True,False,False,True,False,True,True,False,False,False
-1.074150205195689,-0.8668883476876313,-0.5125585444986047,True,False,False,True,False,True,False,False,False,False,False,False
1.441690440001083,1.743137156356117,0.8349673494103255,False,True,True,False,False,False,False,True,True,True,False,True
-0.8712598305830461,-0.6252568843554124,0.4811384643839315,False,False,True,True,True,False,False,True,False,False,True,False
1.6040027396911973,0.5580131331847161,-0.5208255745225858,True,True,False,True,False,True,False,True,False,False,False,True
1.6040027396911973,-0.2193823339233912,-1.314460456824778,False,True,False,True,True,False,False,True,True,False,True,False
-0.9524159804281033,-0.71566692366865,0.4761782463695426,False,False,True,True,True,False,False,True,True,False,True,False
1.6040027396911973,1.980297194342326,1.0879384681441489,True,True,True,True,False,False,False,True,True,False,False,False
0.6301289415505114,1.1671085126351777,1.14911449032161,False,False,True,True,False,True,True,True,False,False,True,False
0.7112850913955685,0.790418192022484,0.6101041327580379,True,False,True,True,False,True,False,False,True,False,False,True
-0.8306817556605175,-0.49621809241883474,1.163995144364776,False,False,True,True,False,False,False,False,True,False,False,False
-0.7495256058154603,-0.6669829169745255,-0.1934511855729317,False,False,False,False,False,False,True,False,False,True,False,False
-0.30316678166764593,-0.7862718204737044,-1.4616135912516428,False,True,False,True,True,False,False,False,False,False,False,False
-1.277040579808332,-0.9663502968476708,0.7159221170649964,True,False,True,True,True,False,False,False,True,False,False,False
-1.2364625048858033,-0.9547900264409118,-0.09259341928036156,False,False,False,True,False,True,False,True,False,False,False,False
1.52284658984614,2.1317585485018244,1.3012278427628632,False,True,True,True,False,False,False,True,True,True,False,False
1.6040027396911973,2.3842304918192494,1.4368071351561544,False,True,True,True,True,True,False,True,True,False,True,True
-0.8306817556605175,-0.8818076400616371,-1.322727486848759,False,False,False,False,True,False,True,False,True,False,False,False
0.4272385669378685,0.7578313165739974,0.9126774316357483,False,False,True,True,False,False,False,True,True,False,True,False
0.5083947167829257,1.017544787768864,1.14911449032161,False,True,True,False,True,False,False,False,True,False,True,False
-1.2364625048858033,-0.9182333977584061,0.9986545438851527,True,False,True,True,False,False,False,False,True,False,False,False
-1.1958844299632747,-0.9705599802222077,-1.469880621275624,True,False,False,True,True,False,False,False,False,False,False,False
-1.2364625048858033,-0.9212216185993984,0.8283537253911405,False,False,True,False,True,False,False,True,False,True,True,False
1.441690440001083,0.7302175385835127,-0.22155908765446772,False,False,False,False,False,True,True,True,True,True,False,False
-1.1147282801182177,-0.8480647375724747,0.36209323203860283,False,False,True,True,True,False,False,False,True,False,False,False
-0.6277913810478746,-0.6347232189903811,-0.4844506424170689,False,False,False,True,True,True,False,False,False,False,True,False
0.8735973910856829,0.8243355891592957,0.31745126990910427,False,True,False,True,True,True,False,True,False,False,False,True
-1.277040579808332,-0.9955563384979543,-1.49798852335716,False,False,False,False,False,False,False,False,False,False,False,False
1.5634246647686687,1.8686424316777988,0.9507057697460618,False,True,True,True,False,False,False,True,True,False,False,False
1.3199562152334972,1.9296937465240602,1.3012278427628632,False,True,True,True,False,True,False,True,True,False,True,False
0.26492626724775414,-0.05123492908243846,-0.2992691698798907,True,False,False,False,False,True,False,True,False,False,False,False
-1.155306355040746,-0.8996279059528108,-0.4662631763643102,False,False,False,False,False,False,False,True,True,False,True,False
-0.7089475308929317,-0.3817277917300085,1.0366828819954659,False,False,True,True,False,True,False,False,False,True,False,False
0.183770117402697,0.6439735589828995,1.3078414667820482,False,False,True,True,True,False,True,False,True,True,False,True
1.6040027396911973,2.29246811898673,1.2896540007292896,False,True,True,True,False,True,False,True,True,True,False,True
-1.3176186547308604,-1.0041283880637208,-1.3095002388103891,False,True,False,False,True,False,False,True,True,False,True,False
-0.26258870674511736,-0.05760398372163394,0.661359718906721,True,False,True,False,False,False,False,True,False,False,False,True
-0.5872133061253461,-0.5297428765984358,-0.11408769734271255,False,False,False,True,False,True,True,True,False,True,True,True
-0.790103680737989,-0.6173173778873741,0.171951541487036,False,False,True,True,False,False,False,False,False,False,False,False
-1.155306355040746,-0.974267991484753,-1.4814544633091975,False,False,False,True,False,False,False,False,False,False,False,False
-1.277040579808332,-0.9957526449765598,-1.512869177400326,False,False,False,True,True,False,False,False,False,False,True,False
0.6301289415505114,1.2067406094825006,1.3078414667820482,True,False,True,True,False,True,False,True,False,True,True,False
-0.6277913810478746,-0.30259446902109977,0.9672398297940241,True,False,True,True,False,False,False,False,True,False,False,False
0.8735973910856829,1.0615392508074164,0.7324561771129587,False,True,False,False,True,True,False,False,True,True,False,False
0.7924412412406258,0.32139839097241163,-0.2050250276065054,False,True,False,True,False,True,False,False,False,False,False,True
0.183770117402697,0.48749548370348644,0.839927567424714,True,False,True,True,True,False,False,True,False,True,False,False
0.5489727917054542,1.1134950321449635,1.4533411952041169,False,True,True,True,False,False,False,True,True,True,False,True
0.3866604920153399,0.7471871430673966,0.9738534538132092,True,False,True,True,True,True,False,True,True,False,False,False
1.4822685149236117,-0.23480329840938866,-1.2780855247192608,True,False,False,True,False,False,True,True,True,False,False,False
-0.9929940553506318,-0.7365408458936846,0.6299450048155925,True,False,True,True,False,False,False,True,True,False,False,False
1.3605342901560258,1.9531414648019205,1.3094948727868443,False,False,True,True,False,True,True,False,True,True,False,True
-1.277040579808332,-0.9720213728962696,0.2860365558179757,False,False,True,True,False,True,False,False,False,False,True,False
-0.8306817556605175,-0.9043392614393392,-1.5095623653907335,False,False,False,False,False,False,True,False,False,False,False,False
1.441690440001083,0.8831402854170736,-0.028110585093308608,False,True,False,False,False,False,False,True,False,True,False,True
0.34608241709281135,-0.569440408938627,-1.3128070508199818,False,False,False,True,True,False,False,False,True,False,False,False
-0.38432293151270314,-0.41645222661219766,-0.16368987748659955,False,False,False,False,False,False,True,True,False,True,False,False
-0.9118379055055746,-0.641746628558261,0.49932593043668994,False,False,True,True,False,False,False,False,True,False,False,True
0.95475354093074,1.5927882055753821,1.4764888792712638,False,False,True,True,False,True,False,True,True,True,True,False
1.4822685149236117,0.7650292207895266,-0.1554228474626184,False,True,False,False,True,True,False,True,False,True,False,False
0.6301289415505114,-0.460991985424654,-1.2780855247192608,False,True,False,False,True,False,False,True,True,False,True,False
-0.8306817556605175,-0.5261657363216273,0.8085128533335859,True,False,True,True,False,False,False,False,False,True,False,False
0.4272385669378685,1.0409052587228993,1.5145172173815773,False,False,True,True,True,False,False,True,True,True,True,True
-1.2364625048858033,-0.9643872320616175,-0.5257857925369748,False,False,False,True,False,False,False,False,False,False,False,True
-0.10027640705500306,0.4103688494425434,1.407045827069822,True,False,True,True,False,False,False,True,True,True,True,True
-1.1147282801182177,-0.8207127015534638,0.6729335609402944,False,False,True,True,False,False,False,False,False,False,False,True
0.7924412412406258,1.1883096123245547,0.9804670778323937,False,False,True,False,False,False,False,True,True,False,False,True
-0.790103680737989,-0.8870206676601567,-1.4864146813235863,False,True,False,False,True,False,False,False,False,False,False,False
-1.074150205195689,-0.7701310655661542,0.945745551731673,False,False,True,True,False,False,False,False,True,False,False,False
-1.277040579808332,-0.9740498731751915,0.13226979737192632,True,False,True,True,False,False,False,True,False,False,False,False
-0.34374485659017456,-0.44762133304853463,-0.4563427403355329,True,False,False,True,True,True,False,False,False,False,False,False
-0.6683694559704032,-0.45263805416844893,0.4811384643839315,False,False,True,True,False,False,True,False,True,True,True,False
1.3605342901560258,1.5827765751665097,0.859768439482269,False,True,True,True,False,True,False,False,True,True,True,False
-0.790103680737989,-0.465965082882656,1.0019613558947449,True,False,True,True,True,False,False,True,True,False,False,False
-1.277040579808332,-0.9846940466817921,-0.6745923329686357,True,False,False,False,True,False,False,True,False,False,True,False
-0.10027640705500306,-0.43361813757468703,-0.6762457389734319,True,False,False,True,True,False,False,False,False,False,True,False
0.9141754660082114,0.8448387102580758,0.47783165237433917,True,False,True,False,True,False,False,True,False,True,True,True
-0.9524159804281033,-0.935355685058983,-1.5178293954147148,False,False,False,False,False,False,False,False,False,False,False,False
1.52284658984614,2.4169700500844296,1.646789697765276,False,True,True,False,True,True,False,True,True,True,True,True
-0.7089475308929317,-0.8735191442983005,-1.499641929361956,False,False,False,False,False,False,False,False,False,False,False,False
1.441690440001083,1.9494116417084184,1.193756452451108,False,False,True,True,True,False,True,True,True,False,True,True
-1.277040579808332,-0.995381843850305,-1.4847612753187902,False,False,False,True,True,False,False,False,False,False,False,False
1.4822685149236117,-0.2204074899783303,-1.2880059607480383,False,True,False,True,True,False,False,True,True,False,True,False
0.34608241709281135,0.7478851216579934,1.195409858455904,False,False,True,True,False,False,True,False,False,True,False,False
1.6040027396911973,-0.2286741739107108,-1.329341110867944,False,True,False,False,True,False,False,False,True,False,False,False
1.0359096907757972,0.5134297507103476,-0.12896835138587875,False,False,False,True,False,True,True,True,True,True,False,False
1.6040027396911973,-0.29605091973425507,-1.377289885007035,False,False,False,True,False,False,True,True,True,False,True,False
-0.38432293151270314,-0.4439133217859893,-0.3191100419374456,False,False,False,True,True,False,False,False,False,True,True,True
-0.8712598305830461,-0.864074621494288,-1.314460456824778,True,False,False,False,False,False,False,False,False,False,True,False
-0.7495256058154603,-0.5936297294689963,-0.008269713035753523,False,False,False,True,False,True,False,True,True,False,False,False
1.3605342901560258,0.6488594091170768,-0.2761214858127434,False,True,False,True,True,True,False,True,False,True,False,True
1.6040027396911973,2.2888473550480097,1.3607504589355275,False,True,True,True,True,True,False,True,True,True,True,True
-1.155306355040746,-0.8697238857119307,0.697734651012238,True,False,True,False,True,False,False,False,False,False,False,False
-1.074150205195689,-0.9601121131942122,-1.49798852335716,False,False,False,False,True,False,False,False,False,False,True,False
0.3866604920153399,0.4674722228857416,0.44641693828321066,False,True,False,True,False,False,False,False,True,True,False,False
-1.277040579808332,-0.9955345266669983,-1.4963351173523636,False,False,False,False,True,False,False,True,False,False,True,False
-0.7089475308929317,-0.7992498598926131,-1.1491198563451546,False,False,False,True,True,True,False,True,False,False,True,False
1.1170658406208545,1.4439224592996651,1.0664441900817982,True,True,True,True,False,True,False,True,False,True,False,False
1.6040027396911973,-0.3838435393327549,-1.4963351173523636,False,True,False,False,True,False,False,True,False,False,False,False
-0.7089475308929317,-0.8298082350621779,-1.307846832805593,False,False,False,True,False,False,False,False,True,False,False,False
-0.8712598305830461,-0.8971631690547662,-1.3822501030214236,False,False,False,False,True,False,False,False,True,False,False,False
0.14319204248016842,0.16505118667873536,0.3505193900050289,False,False,False,True,False,True,True,False,False,True,False,True
-0.9524159804281033,-0.6714979659824483,0.6448256588587586,True,False,True,True,False,False,False,False,True,False,False,False
0.7518631663180971,0.7297813019643897,0.48444527639352375,False,False,True,True,True,False,True,False,True,False,False,True
-1.277040579808332,-0.9884674934372059,-0.9606315717983841,False,False,False,False,False,False,False,False,False,True,False,False
-0.5872133061253461,-0.583203674271957,-0.21659886964007907,False,False,False,True,True,True,False,False,True,False,False,True
1.4822685149236117,1.7538031416936744,0.8498480034534917,False,True,False,False,True,True,False,False,True,True,False,True
-0.30316678166764593,-0.5807389373739122,-0.8035580013427419,False,False,False,True,True,True,True,False,False,False,True,False
-0.790103680737989,-0.5724940652724878,0.34225235998104775,False,False,False,True,True,False,True,True,True,False,False,False
-0.5466352312028174,-0.5531033475524714,-0.2926555458607057,False,False,False,True,False,False,False,False,True,False,False,False
0.7518631663180971,-0.44520021981240215,-1.3045400207960005,False,True,False,False,False,False,False,True,True,False,False,False
-0.14085448197753164,0.2306175505329192,1.1772223924031455,False,False,True,False,True,False,True,False,True,True,True,True
-1.155306355040746,-0.90065306200775,0.019838189045782256,False,False,False,False,True,False,False,False,True,True,False,False
-0.30316678166764593,0.026306129966671327,0.9837738898419865,False,False,True,True,True,False,False,False,True,False,False,False
0.67070701647304,1.142395708161861,1.116046370225685,True,False,True,False,True,False,False,False,True,False,False,True
0.4272385669378685,0.7468381537720984,0.8696888755110463,False,False,True,True,True,True,True,True,True,True,True,False
-1.074150205195689,-0.8893763454034209,-0.6795525509830244,True,False,False,True,False,False,False,False,False,False,False,False
-0.26258870674511736,-0.4468361071341133,-0.48279723641227257,False,False,False,True,False,False,False,False,False,False,False,False
-0.38432293151270314,-0.0747044591912547,0.7770981392424573,False,False,True,True,False,False,False,True,False,False,True,True
1.0764877656983258,1.019769594526391,0.5390076745517997,False,False,True,True,False,True,True,True,False,False,False,False
-0.8306817556605175,-0.541630324469537,1.0962054981681302,True,False,True,True,False,False,False,True,True,False,False,True
-1.277040579808332,-0.9952509728645683,-1.4748408392900125,False,False,False,False,True,False,False,False,False,False,False,False
-1.074150205195689,-0.9554225695386401,-1.4963351173523636,False,False,False,False,True,False,False,False,False,False,True,False
-0.5060571562802889,-0.28813322509717304,0.4579907803167841,True,False,True,False,True,False,False,False,False,False,False,False
-1.277040579808332,-0.9698183779696985,0.4530305623023957,True,False,True,False,False,False,False,False,False,False,True,False
0.26492626724775414,0.3513896585371165,0.5472747045757808,False,False,True,True,False,False,False,True,False,True,True,False
1.6040027396911973,2.5125931169961864,1.5856136755878156,False,False,True,True,True,True,False,True,True,True,False,True
-1.074150205195689,-0.8234828040848947,-0.1339285694002674,False,False,False,False,True,False,False,False,False,False,False,False
-1.2364625048858033,-0.9427498957531176,0.19013900753979449,False,False,True,False,True,False,False,False,False,False,False,False
-0.019120257209945892,-0.736300915753167,-1.521136207424307,False,True,False,False,True,False,False,True,False,False,True,False
0.34608241709281135,0.10033548423184124,0.0016507229930237826,False,False,False,False,True,False,True,False,True,False,False,False
-0.9929940553506318,-0.8230683792967278,-0.45964955234512545,True,False,False,True,True,False,False,True,False,False,True,False
0.3866604920153399,-0.11756470702008763,-0.5555471006233069,False,True,False,False,True,True,False,True,False,True,True,False
1.2793781403109687,2.0014546703697906,1.312801684796437,False,False,True,True,True,False,True,False,True,True,False,False
1.0764877656983258,-0.4514165916349046,-1.4748408392900125,False,False,False,False,False,False,True,True,False,False,False,False
0.46781664186039706,0.6117574846606674,0.6712801549354983,False,False,False,True,True,False,True,False,True,True,False,True
0.10261396755763985,0.7033235510145811,1.5955341116165929,False,True,True,True,False,True,False,False,True,True,False,True
-1.277040579808332,-0.9735263892322438,0.171951541487036,False,False,True,True,False,False,False,False,False,False,False,False
-1.1147282801182177,-0.8540848029163718,0.49436571242230154,False,False,True,True,True,False,False,True,True,False,False,False
1.2793781403109687,1.072161612483061,0.31083764588991925,False,True,False,True,False,True,False,True,False,True,False,True
0.183770117402697,-0.3589998638737012,-0.8184386553859079,False,False,False,True,False,False,False,False,False,False,False,False
-0.9524159804281033,-0.6885548177901568,0.4827918703887276,True,False,True,True,False,False,False,False,False,False,False,False
0.183770117402697,0.4667524324641886,0.8283537253911405,True,False,True,False,False,False,False,True,False,True,False,False
-0.5466352312028174,-0.8538448727758542,-1.4930283053427713,False,False,False,False,True,False,True,True,False,False,True,False
-0.5060571562802889,-0.8296337404145288,-1.4847612753187902,False,True,False,False,True,False,False,True,False,False,True,False
-0.5466352312028174,-0.6943785766554487,-0.8349727154338702,True,False,False,True,False,False,False,False,False,False,False,True
-0.9118379055055746,-0.5795610985022801,1.116046370225685,True,False,True,True,False,True,False,False,True,False,False,False
1.52284658984614,1.876298384343407,0.9936943258707638,False,False,True,True,True,False,True,True,True,False,False,True
-0.5872133061253461,-0.853234141509082,-1.4847612753187902,False,False,False,False,True,False,True,True,False,False,True,False
1.2388000653884401,1.1945914196399254,0.4976725244318938,False,False,False,False,True,True,True,True,True,True,False,True
-1.2364625048858033,-0.8982101369406612,1.304534654772456,True,False,True,True,False,False,False,True,True,True,False,False
-0.9524159804281033,-0.6958835929914229,0.3240648939282893,True,False,True,True,False,False,False,False,True,False,False,False
-1.2364625048858033,-0.9353120613970708,0.2099798795973491,False,False,True,True,True,False,False,False,False,False,False,False
-0.8712598305830461,-0.5219124292851782,1.0879384681441489,False,False,True,True,False,False,False,False,True,False,False,False
-0.7495256058154603,-0.7123515253633155,-0.4877574544266612,False,False,False,False,True,False,False,True,False,False,False,False
-1.277040579808332,-0.9690985875481455,0.5075929604606711,True,False,True,True,True,True,False,True,True,False,False,False
1.6040027396911973,1.0204893849479442,-0.01653674305973469,False,True,False,True,True,True,False,True,False,True,False,True
0.7112850913955685,0.8189480669131272,0.5803428246717055,False,False,False,True,False,True,True,False,True,True,False,False
-0.4249010064352317,-0.31751376139510573,0.33233192395227046,False,False,True,False,True,True,False,True,False,False,True,False
0.5895508666279828,0.6821878868180725,0.697734651012238,False,False,True,True,True,False,False,False,True,False,False,False
-1.155306355040746,-0.8870642913220691,0.171951541487036,True,False,True,True,False,False,False,False,False,False,False,False
-0.30316678166764593,-0.2024563531014196,0.20171284957336794,False,False,False,True,False,True,False,True,False,True,False,True
-0.10027640705500306,-0.11213356111200651,0.18021857151101717,True,False,False,False,True,True,True,False,False,True,False,True
-1.155306355040746,-0.9003258845434078,0.17360494749183214,True,False,True,True,True,False,False,False,False,False,False,False
0.4272385669378685,0.5551994069913729,0.710961899050608,False,True,False,False,False,True,False,True,True,True,False,True
-0.8306817556605175,-0.9177099138154585,-1.506255553381141,False,False,False,False,False,False,False,True,False,False,True,False
1.5634246647686687,1.1654508134825103,0.1950992255541829,False,True,False,True,True,True,False,True,False,True,True,False
-0.5466352312028174,-0.8480865494034308,-1.4897214933331788,False,False,False,False,True,False,True,True,False,False,True,False
0.7518631663180971,0.3679012145709213,-0.14715581743863723,False,False,False,True,False,True,True,True,False,True,False,True
1.6040027396911973,1.1843180472595791,0.23643437567408873,False,True,False,False,True,True,False,True,True,True,True,True
0.30550434217028277,0.3624918804937963,0.5241270205086335,True,False,True,False,True,False,True,True,False,False,False,True
0.67070701647304,0.31511658365704065,-0.10582066731873138,False,False,False,False,False,True,False,True,False,True,True,False
-1.0335721302731604,-0.9160304028318351,-1.1623471043835245,False,False,False,False,False,True,False,False,False,False,True,False
0.34608241709281135,0.83694282745195,1.1474610843168136,False,True,True,True,True,False,False,False,False,True,False,True
0.8735973910856829,1.2335255378966514,1.0664441900817982,False,True,True,True,False,False,False,False,True,False,False,True
-0.10027640705500306,-0.7180226014119142,-1.49798852335716,False,False,False,False,False,False,False,True,False,False,False,False
-1.277040579808332,-0.9847812940056168,-0.6812059569878206,False,False,False,True,False,False,False,True,False,False,True,False
-0.2220106318225888,-0.7629331613506249,-1.4847612753187902,False,False,False,False,True,False,True,False,False,False,True,False
0.5489727917054542,0.9253243664862657,0.9903875138611715,False,False,True,True,True,False,True,False,True,False,False,True
1.5634246647686687,2.4221394540210364,1.4764888792712638,True,False,True,True,True,True,True,True,True,False,False,True
0.9953316158532686,0.9319769749278911,0.48940549440791264,False,True,False,True,True,False,False,False,True,False,False,True
0.4272385669378685,1.1030035414550556,1.4748354732664677,False,False,True,True,False,True,True,True,True,True,False,False
-1.277040579808332,-0.9733300827536385,0.18683219553020172,False,False,True,False,True,False,False,False,False,False,False,False
-1.155306355040746,-0.9015909707388643,-0.3389509139950002,False,False,False,False,False,True,False,True,False,False,False,True
-0.34374485659017456,-0.050013466548894034,0.8134730713479743,True,False,True,True,True,False,False,False,False,False,False,True
1.1576439155433829,1.7442277479039248,1.3723243009691013,True,False,True,True,True,True,False,False,True,False,False,False
-0.7089475308929317,-0.4622352597891545,0.75395045517531,False,False,True,True,True,True,False,False,True,False,False,False
-1.2364625048858033,-0.9379731047737209,0.19013900753979449,True,False,True,True,False,False,False,False,False,False,False,False
-0.059698332132474476,0.10642098506860674,0.5357008625422074,False,False,False,True,False,True,True,True,False,True,True,False
-0.5466352312028174,-0.800100521299903,-1.3243808928535554,False,True,False,True,False,False,False,True,True,False,True,False
-1.277040579808332,-0.9694257650124878,0.4827918703887276,True,False,True,True,True,False,False,False,False,False,False,False
1.6040027396911973,0.5344781675830313,-0.5307460105513634,False,True,False,False,True,True,False,True,False,True,True,False
0.10261396755763985,-0.6109701350791348,-1.301233208786408,True,False,False,True,True,False,False,False,True,False,False,False
-1.277040579808332,-0.995796268638472,-1.5161759894099185,False,False,False,False,True,False,False,False,False,False,False,False
-0.9118379055055746,-0.6820985158271367,0.17691175950142443,True,False,True,True,True,False,False,True,False,False,False,False
1.2793781403109687,1.7504223078954713,1.0565237540530208,False,False,True,True,False,True,True,True,False,True,False,False
1.5634246647686687,1.7489172915594966,0.8316605374007328,True,True,False,False,False,True,False,True,True,True,False,True
-0.14085448197753164,-0.09671259662600917,0.20005944356857178,False,False,False,True,False,False,True,False,True,False,False,False
-1.074150205195689,-0.7724867433094182,0.8614218454870651,True,False,True,True,True,False,False,True,False,False,False,True
-0.019120257209945892,0.009990880411471817,0.3488659840002328,False,False,True,True,False,True,False,True,False,False,False,False
-0.5466352312028174,-0.40404129479814893,0.36209323203860283,False,False,False,True,False,True,False,False,True,True,True,True
-0.7089475308929317,-0.8431134519454289,-1.3194206748391668,False,True,False,False,False,False,False,False,True,False,False,False
-1.277040579808332,-0.9823819926004403,-0.4993312964602349,True,False,False,True,True,False,False,False,False,False,True,False
-1.277040579808332,-0.9931788489237342,-1.3177672688343705,False,False,False,True,False,False,False,False,False,False,False,False
1.1170658406208545,1.373666551789909,0.8250469133815482,False,False,True,True,True,False,False,False,True,False,False,True
-0.8712598305830461,-0.7037794757975488,-0.1339285694002674,True,False,False,True,True,False,False,False,False,True,False,True
-0.30316678166764593,-0.7920955793389962,-1.4831078693139936,False,True,False,False,False,False,False,True,False,False,True,False
-0.10027640705500306,-0.336424618834087,-0.3191100419374456,False,False,False,True,False,True,False,False,False,False,False,True
-1.1958844299632747,-0.9027688096104964,0.5142065844798561,True,False,True,True,False,False,False,False,False,False,False,False
0.34608241709281135,-0.3879877872144232,-0.9771656318463464,False,False,False,False,False,True,True,True,False,False,True,False
-0.30316678166764593,-0.767906258808627,-1.4665738092660314,False,False,False,False,True,False,False,False,False,False,False,False
-1.2364625048858033,-0.9597849357298699,-0.3571383800477589,False,False,False,False,False,False,False,False,True,False,False,True
-0.2220106318225888,-0.1624752669587985,0.3389455479714555,False,False,True,True,False,True,False,True,False,False,False,False
-0.7089475308929317,-0.3932662503058113,0.8779559055350274,True,False,True,True,False,False,False,False,False,False,False,False
1.4011123650785544,-0.2480648916307272,-1.3128070508199818,False,True,False,True,False,False,False,True,True,False,False,False
0.021457817712582688,-0.21728839815160095,-0.3422577260045927,True,False,False,True,True,False,False,False,False,True,False,False
-1.277040579808332,-0.99082317118047,-1.1391994203163773,False,False,False,False,False,True,False,True,False,False,True,False
0.5489727917054542,1.037480801262784,1.1921030464463118,True,False,True,True,True,False,False,True,True,False,False,False
0.10261396755763985,0.08434741214098397,0.23643437567408873,False,False,False,True,True,False,True,False,False,True,True,False
-0.019120257209945892,0.20267659507809244,0.7506436431657177,False,False,True,False,True,True,False,False,True,True,False,False
-1.277040579808332,-0.9821638742908789,-0.48279723641227257,True,False,False,True,True,False,False,True,False,False,False,False
1.1170658406208545,1.5011348918976437,1.0184954159427073,True,False,True,True,True,False,False,True,True,False,False,True
-1.0335721302731604,-0.9480283588445056,-1.5029487413715485,False,False,False,False,True,False,True,False,False,False,False,False
-1.2364625048858033,-0.987006100763144,-1.4847612753187902,False,False,False,True,False,False,False,False,False,False,False,False
-0.26258870674511736,-0.7886493100479247,-1.478147651299605,False,False,False,True,False,False,False,True,False,False,True,False
0.67070701647304,1.2531125620952734,1.3789379249882863,False,True,True,False,False,True,False,True,True,True,False,True
-1.277040579808332,-0.9951855373716998,-1.469880621275624,False,False,False,False,True,False,False,False,False,False,False,False
1.1576439155433829,1.7769673061691045,1.3640572709451202,True,False,True,True,True,True,False,True,True,False,False,True
0.30550434217028277,0.4597290228963087,0.6646665309163132,True,False,True,True,True,False,True,True,False,False,True,False
1.52284658984614,1.8183661613238753,0.8564616274726763,True,False,True,True,False,True,False,True,True,False,False,False
-1.2364625048858033,-0.9902124399136978,-1.4764942452948089,False,False,False,False,False,False,True,True,False,False,True,False
-0.9524159804281033,-0.6906705653929033,0.4827918703887276,True,False,True,True,True,False,False,False,False,False,False,False
-1.277040579808332,-0.9952073492026561,-1.47153402728042,False,False,False,True,True,False,False,False,False,False,False,False
1.4822685149236117,-0.25452119359374736,-1.322727486848759,False,True,False,True,False,False,False,True,True,False,False,False
0.46781664186039706,0.03210807700100705,-0.3637520040669437,False,False,False,True,True,False,True,False,False,False,False,True
1.1576439155433829,0.8397129299833808,0.16368451146305485,False,True,False,True,True,True,False,True,True,False,False,False
-1.155306355040746,-0.8637038203680335,0.32571829993308543,False,False,True,True,True,False,False,False,False,False,False,False
-1.2364625048858033,-0.9376241154784226,0.4927123064175049,True,False,True,True,True,False,False,False,False,True,False,False
-1.277040579808332,-0.9736354483870245,0.16368451146305485,True,False,True,True,True,False,False,False,False,False,False,False
-0.6683694559704032,-0.3115809433750332,1.1176997762304812,True,False,True,True,True,False,False,True,True,False,False,False
-0.10027640705500306,-0.4862937093337869,-0.8134784373715193,False,False,False,True,False,False,True,False,False,True,False,False
0.9953316158532686,0.11828662110875174,-0.6646718969398582,True,False,False,True,True,False,False,True,False,False,False,False
-0.38432293151270314,-0.8180080345149012,-1.499641929361956,False,True,False,False,True,False,False,True,False,False,True,False
-1.1958844299632747,-0.8985373144050034,0.4480703442880068,True,False,True,True,True,False,False,False,False,False,False,False
0.14319204248016842,0.32645873575423817,0.654746094887536,True,False,True,True,True,False,False,False,True,False,False,False
1.52284658984614,2.3967504827880792,1.5541989614966871,False,True,True,True,False,True,False,False,True,True,False,True
-1.277040579808332,-0.9715415126152344,0.32241148792349317,True,False,True,True,False,False,False,False,False,False,False,True
-1.155306355040746,-0.8950256096210636,0.021491595050578394,True,False,False,False,True,False,False,True,True,False,False,False
1.4011123650785544,0.5767713078070043,-0.35548497404296253,False,True,False,False,False,True,False,True,False,True,True,True
-1.1958844299632747,-0.9040120839749969,0.3240648939282893,False,False,True,True,False,False,False,True,True,False,False,False
0.021457817712582688,-0.7030160617140836,-1.4665738092660314,False,False,False,False,True,False,True,True,False,False,True,False
0.10261396755763985,-0.6855011614562959,-1.4963351173523636,False,True,False,False,False,False,False,True,False,False,True,False
1.52284658984614,-0.4246534750517098,-1.491374899337975,False,True,False,False,False,False,False,True,False,False,False,False
0.06203589263511127,-0.011646455897027978,0.13888342139111134,False,False,True,False,True,False,False,False,False,False,False,False
0.26492626724775414,0.42062040999193345,0.7060016810362191,False,False,True,True,True,False,False,True,False,False,True,True
1.3605342901560258,0.856246297848142,-0.03637761511728954,True,False,False,False,True,False,False,True,True,True,False,False
-0.30316678166764593,-0.7836325889280104,-1.4897214933331788,True,False,False,False,True,False,True,True,False,False,True,False
-0.4249010064352317,-0.09021267100107673,1.1838360164223307,True,False,True,True,True,True,False,False,True,False,False,False
0.8735973910856829,-0.2968361456486765,-1.1425062323259698,True,False,False,False,True,False,False,True,False,False,False,True
0.7924412412406258,0.45397069952388525,-0.056218487174844387,False,True,False,True,True,True,False,False,False,False,False,True
1.4011123650785544,1.5778689132013763,0.7423766131417365,True,False,True,False,True,False,True,True,True,False,True,True
-0.26258870674511736,-0.09738876338564968,0.5605019526141508,False,False,False,False,False,False,False,True,False,True,False,True
-0.8712598305830461,-0.6439278116538759,0.3306785179474743,True,False,True,True,True,False,False,True,True,False,False,False
0.9953316158532686,1.7235283203265392,1.4698752552520793,False,False,True,True,False,False,True,True,True,True,False,True
-0.4654790813577603,-0.8068621888963091,-1.4616135912516428,False,False,False,False,False,False,False,False,False,False,True,False
1.5634246647686687,1.8340924914432584,0.9341717096980995,False,True,False,False,False,True,False,True,True,True,False,True
-0.4654790813577603,-0.3607884340121054,0.13723001538631474,True,False,True,True,True,False,False,True,False,False,False,False
-0.9118379055055746,-0.7163649022592468,0.1702981354822394,True,False,True,True,True,False,False,True,False,False,False,False
1.6040027396911973,2.436578886114007,1.4748354732664677,False,True,True,False,False,True,False,True,True,False,True,True
-0.6277913810478746,-0.49565098481397485,0.18352538352060946,False,False,True,False,False,False,False,False,False,False,False,False
-0.9118379055055746,-0.7016855400257586,0.2843831498131796,False,False,False,False,False,True,True,False,True,True,True,False
-1.277040579808332,-0.9736790720489368,0.16037769945346209,True,False,True,True,False,False,False,True,False,False,True,False
0.46781664186039706,0.6808573651297476,0.6563995008923321,False,False,True,True,False,False,False,False,True,False,False,True
0.7924412412406258,0.7755207114794344,0.5257804265134296,True,False,False,True,True,False,True,True,True,False,True,True
-0.26258870674511736,-0.2991045760681159,-0.16203647148180342,True,False,False,True,False,False,False,True,True,True,True,True
0.5895508666279828,1.066774090236892,1.14911449032161,True,False,True,False,False,False,False,True,True,False,False,False
1.2388000653884401,1.8763420080053193,1.2714665346765313,True,False,True,True,True,False,False,True,True,False,False,True
-1.1958844299632747,-0.8860391352671301,0.3356387359618627,False,False,True,True,False,False,False,False,True,False,False,False
-0.18143255690006022,-0.7585053596665268,-1.469880621275624,False,False,False,False,False,False,False,True,False,False,False,False
-0.8306817556605175,-0.5408014748932034,1.0267624459666884,True,False,True,True,False,False,False,False,False,False,False,False
1.3199562152334972,-0.30573537267878526,-1.327687704863148,False,False,False,False,True,False,True,False,True,False,False,False
-0.9524159804281033,-0.8522526091160553,-0.6795525509830244,False,False,False,True,True,False,False,False,False,False,False,False
-1.155306355040746,-0.8708362890906942,0.42988287823524834,False,False,True,False,False,False,False,False,True,False,False,True
-0.7089475308929317,-0.3136748791468235,1.3276823388396028,True,False,True,False,False,True,False,False,False,True,False,False
0.9141754660082114,0.5737830869660119,-0.006616307030957384,False,True,False,True,False,False,False,False,False,False,False,True
-0.38432293151270314,-0.7990099297520955,-1.5029487413715485,False,False,False,True,False,False,False,False,False,False,False,False
-0.7089475308929317,-0.45030418825614105,0.6927744329978496,False,False,True,True,False,False,False,False,False,False,True,True
0.5895508666279828,0.3139387447854085,0.03637224909374459,False,False,False,True,False,True,True,True,False,False,False,False
1.3199562152334972,1.9379604304564402,1.3260289328348067,False,False,True,True,False,False,True,False,True,True,False,True
1.2793781403109687,0.9361430346405157,0.1421902334007036,False,True,False,False,True,True,False,True,False,True,True,False
-0.4249010064352317,-0.8222177178894381,-1.4847612753187902,False,False,False,True,False,False,True,False,False,False,False,False
1.2388000653884401,1.9935587875636644,1.448380977189728,True,False,True,True,False,False,False,True,True,True,False,True
-0.059698332132474476,0.23703022883402716,0.8515014094582878,True,False,True,True,True,False,False,False,True,False,False,True
-1.277040579808332,-0.9888601063944166,-0.9903928798847162,True,False,False,False,False,False,False,True,False,False,False,False
1.1576439155433829,2.0467578432657114,1.6583635397988494,False,False,True,True,False,True,True,False,True,True,False,True
0.10261396755763985,-0.12705285348601245,-0.32903047796622287,False,False,False,False,True,False,False,False,False,False,False,False
0.10261396755763985,-0.3783033342698931,-0.8300124974194816,True,False,False,True,False,False,False,False,False,False,False,False
-0.9524159804281033,-0.9211998067684424,-1.3343013288823327,False,False,False,True,True,False,False,False,False,False,False,False
-0.5466352312028174,-0.6842142634298832,-0.8366261214386665,True,False,False,True,True,False,False,False,False,False,False,False
1.6040027396911973,2.2869715375857815,1.3227221208252145,True,False,True,True,True,False,True,False,True,False,False,True
1.2793781403109687,2.1466996527067863,1.6004943296309813,True,False,True,False,False,True,True,True,True,True,True,True
0.67070701647304,1.0826094795110563,1.0135351979283185,True,False,True,True,False,False,False,True,True,False,True,False
-0.7089475308929317,-0.725176881965531,-0.6167231228007676,True,False,False,False,False,False,False,True,False,False,True,False
0.2243481923252256,0.17728762384513486,0.18683219553020172,False,False,False,False,True,True,True,False,False,True,False,True
-0.4249010064352317,-0.08604661128845219,0.9821204838371904,False,False,True,True,True,False,False,False,True,False,False,False
0.06203589263511127,0.4542760651572714,1.1540747083359983,True,False,True,True,True,False,True,False,False,False,False,True
1.6040027396911973,1.4657124784248579,0.4811384643839315,False,True,False,True,False,True,False,True,True,True,True,True
1.6040027396911973,-0.18649009284151855,-1.327687704863148,False,True,False,False,True,False,False,True,True,False,False,False
-0.8306817556605175,-0.6062805914235627,0.5456212985709846,True,False,True,True,True,False,False,False,False,False,False,False
-0.38432293151270314,-0.2259913187031044,0.46791121634556143,False,False,True,True,False,False,False,False,False,True,False,True
-0.34374485659017456,-0.008134751113087904,0.9804670778323937,True,False,True,True,False,True,False,False,False,False,False,False
-0.30316678166764593,0.09235235410189062,1.1358872422832398,False,True,True,False,True,False,False,False,False,True,False,False
-1.2364625048858033,-0.9867443587916702,-1.463266997256439,False,False,False,True,False,False,False,False,False,False,False,False
-0.9929940553506318,-0.7207272684504766,0.7142687110602003,True,False,True,True,True,False,False,False,True,False,False,False
1.1982219904659115,-0.458788990498083,-1.4864146813235863,False,True,False,False,True,False,False,False,False,False,True,False
-0.019120257209945892,0.07906894904959594,0.5075929604606711,False,False,True,True,True,False,False,True,False,False,False,False
-1.1958844299632747,-0.9652815171308194,-1.3673694489782573,False,False,False,True,True,False,False,True,True,False,False,False
-1.074150205195689,-0.9603520433347299,-1.4831078693139936,False,True,False,False,False,False,False,True,False,False,True,False
1.6040027396911973,2.056464108041198,1.0995123101777229,False,True,True,True,False,True,False,True,True,True,False,False
1.2793781403109687,0.4893276775038029,-0.3422577260045927,True,True,False,True,False,False,False,True,False,True,True,True
1.6040027396911973,1.7744589456091473,0.8366207554151216,False,True,False,True,True,True,False,True,True,True,False,True
0.6301289415505114,0.6022911500256987,0.45633737431198795,False,False,False,True,True,True,True,False,True,False,True,False
-1.277040579808332,-0.9695130123363125,0.4761782463695426,True,False,True,True,False,False,False,False,False,False,True,False
0.34608241709281135,0.41970431309177525,0.5158599904846523,True,False,False,True,False,False,True,False,True,False,False,True
1.441690440001083,1.4341289472003542,0.5092463664654673,False,False,True,True,True,False,False,True,True,False,False,False
0.67070701647304,0.8661052454403211,0.8233935073767515,False,False,True,True,False,False,True,False,False,False,False,True
0.34608241709281135,0.7367174642084451,1.094552092163334,False,False,True,False,False,False,False,False,True,False,False,False
0.7518631663180971,0.7782253785179968,0.5307406445278184,False,False,True,False,True,False,False,False,True,False,False,True
-0.9118379055055746,-0.8081272750917659,-0.8019045953379456,False,False,False,False,False,True,False,False,False,False,False,True
-1.2364625048858033,-0.9350285075946407,0.34721257799543664,False,False,True,True,False,False,False,False,True,False,False,False
-0.9929940553506318,-0.7224067794341001,0.370360262062584,False,True,False,True,True,True,False,True,True,True,True,True
1.3199562152334972,2.022459463580562,1.4450741651801358,False,True,True,False,True,True,False,True,True,True,True,False
-0.7089475308929317,-0.5874569813084061,-0.19841140358732037,True,False,False,False,False,True,False,False,False,True,False,False
0.5489727917054542,0.25807864570671096,-0.13888878741465605,False,True,False,True,True,True,False,False,False,True,False,False
0.2243481923252256,-0.6741590093590984,-1.4880680873283825,False,True,False,True,False,False,False,True,False,False,True,False
1.4011123650785544,2.400327623064887,1.7658349301106047,False,False,True,True,True,True,True,False,True,True,False,True
0.4272385669378685,0.6704749335946205,0.8366207554151216,True,False,True,True,False,False,False,False,True,False,False,True
1.441690440001083,1.6689551192742547,0.8151264773527704,False,False,True,True,False,False,False,True,True,False,False,True
1.0764877656983258,0.30711164169613403,-0.4381552742827742,True,False,False,True,True,False,False,False,False,True,False,False
0.8735973910856829,1.6348850393207497,1.6434828857556838,False,False,True,True,False,True,True,True,True,True,False,True
-0.9524159804281033,-0.6085272100120461,1.2086371064942742,True,False,True,True,True,False,False,True,False,True,True,True
0.7112850913955685,1.184863343033483,1.2863471887196969,False,False,True,True,True,False,False,True,True,False,True,True
-1.1958844299632747,-0.9820548151360982,-1.4798010573044011,False,False,False,False,True,False,False,False,False,False,True,False
0.5489727917054542,1.1224378828369845,1.4897161273096338,True,False,True,True,False,True,True,False,True,False,False,True
0.95475354093074,0.5949187511625205,-0.009923119040549664,False,False,False,True,True,True,True,False,True,True,False,True
0.46781664186039706,0.9570387686965063,1.2962676247484748,True,False,True,False,False,False,False,True,True,True,False,False
0.5895508666279828,0.7691734686711948,0.6084507267532412,False,False,True,True,True,False,False,True,True,False,False,True
-0.10027640705500306,0.39702000889738026,1.3706708949643052,False,False,True,False,False,True,False,False,True,True,False,False
-0.14085448197753164,-0.6000860314320163,-1.11605173624923,True,False,False,True,False,False,False,False,False,True,False,False
-0.5872133061253461,-0.37075644075906544,0.5191668024942451,True,False,True,True,True,False,False,False,True,False,False,True
1.4822685149236117,-0.2879151067876115,-1.3458751709159065,False,True,False,False,False,False,False,True,True,False,False,False
-1.277040579808332,-0.9716941954319274,0.31083764588991925,True,False,True,False,False,False,False,False,False,False,False,True
-0.9524159804281033,-0.8606283522032164,-0.8035580013427419,False,False,False,False,True,False,False,True,False,True,False,False
1.52284658984614,1.4466271263382273,0.5208202084990412,True,True,False,False,False,True,False,True,True,True,True,True
-0.7089475308929317,-0.6258676156221845,-0.17526371952017322,False,False,False,True,True,False,False,True,True,True,True,False
0.4272385669378685,0.9730268407873638,1.3574436469259352,False,False,True,True,False,True,True,False,False,True,True,True
1.2388000653884401,1.5334600253746569,0.8300071313959366,False,False,True,True,False,False,True,False,False,True,False,False
-0.6277913810478746,-0.41710658154088215,0.49932593043668994,False,False,True,False,False,False,False,False,True,False,False,False
-1.277040579808332,-0.9910849131519438,-1.159040292373932,False,False,False,False,False,True,False,False,False,False,False,False
-0.30316678166764593,-0.7825638092111591,-1.4798010573044011,False,False,False,True,False,False,True,True,False,False,False,False
0.5083947167829257,1.0636331865792068,1.187142828431923,False,False,True,True,True,False,False,False,True,False,False,True
0.021457817712582688,0.42247441562320615,1.1788757984079417,False,False,True,True,True,False,False,True,True,False,False,True
0.06203589263511127,0.717653923952771,1.6930850658995706,False,True,True,True,False,True,False,False,True,True,True,True
1.52284658984614,0.46607626570454797,-0.4993312964602349,False,True,False,True,False,True,False,True,False,True,False,False
0.30550434217028277,-0.12138177743741371,-0.48610404842186505,False,False,False,True,False,False,True,False,False,False,False,False
1.5634246647686687,1.9047192000792696,0.8415809734295105,True,True,False,False,True,True,False,True,True,True,True,True
1.6040027396911973,2.516759176708811,1.5525455554918908,False,True,True,True,True,True,False,True,True,True,False,False
1.5634246647686687,-0.1867518348129923,-1.3194206748391668,False,True,False,False,False,False,False,True,True,False,False,False
-1.277040579808332,-0.964627162202135,0.8465411914438989,True,False,True,False,False,False,False,False,False,False,False,False
-1.155306355040746,-0.9633838878376345,-1.506255553381141,False,False,False,False,True,False,False,False,False,False,False,False
1.3605342901560258,-0.40465202606492107,-1.4864146813235863,False,True,False,False,True,False,False,True,False,False,True,False
-1.1958844299632747,-0.9185605752227483,-0.3191100419374456,True,False,False,True,False,False,False,False,False,False,False,False
1.6040027396911973,2.1904978092667333,1.2036768884798852,True,False,True,True,False,False,True,True,True,False,False,True
1.0359096907757972,-0.3454547168499326,-1.3161138628295743,False,True,False,False,False,False,False,True,True,False,True,False
1.2793781403109687,1.1200603932627644,0.32075808191869704,False,False,False,False,False,False,False,False,True,True,False,True
-1.1958844299632747,-0.8739771927483797,1.2102905124990704,False,False,True,True,True,False,False,False,True,False,False,False
0.7112850913955685,-0.5726685599201371,-1.4814544633091975,False,False,False,False,True,False,True,False,False,False,False,False
-1.1958844299632747,-0.9611590810801074,-1.1821879764410792,False,False,False,False,False,False,False,False,False,False,False,True
-0.4249010064352317,-0.16877888610512548,0.9837738898419865,False,False,True,True,True,False,False,True,False,False,False,False
-1.277040579808332,-0.9821202506289667,-0.47949042440268,True,False,False,True,True,False,False,False,True,False,False,False
-0.059698332132474476,0.01862836547010691,0.3405989539762516,False,False,False,True,True,True,True,True,True,True,True,True
0.46781664186039706,0.0603980217511323,-0.36209859806214756,True,False,False,True,True,True,True,False,False,False,False,False
1.1170658406208545,1.642693674803051,1.1970632644607007,False,True,True,False,True,False,False,True,True,False,False,False
0.3866604920153399,-0.5255113813929428,-1.3177672688343705,False,False,False,True,True,False,False,True,False,False,False,False
0.7112850913955685,0.7914869717393352,0.6431722528539625,False,False,True,True,False,False,False,True,True,False,True,False
-0.7089475308929317,-0.4719851482265532,0.6729335609402944,True,False,True,False,True,False,False,False,False,False,False,False
-0.9929940553506318,-0.8289793854858443,-0.28604192184152094,False,False,False,False,False,False,False,True,False,True,True,True
-1.074150205195689,-0.759574139383378,1.101165716182519,True,False,True,True,False,False,False,False,True,False,False,True
1.6040027396911973,2.2497823658055474,1.1887962344367196,False,True,True,True,True,False,False,False,True,False,False,True
1.6040027396911973,2.5941693647721835,1.5922272996070002,False,True,True,True,False,True,False,True,True,True,True,True
-1.1147282801182177,-0.8730829076791775,-0.30257598188948326,False,False,False,False,False,True,False,False,False,False,False,False
-1.277040579808332,-0.9930916015999094,-1.3111536448151857,True,False,False,True,True,False,False,False,False,False,True,False
0.3866604920153399,0.7997100320098035,1.1259668062544625,False,True,True,True,False,False,False,True,False,True,False,False
1.6040027396911973,1.7989754436038585,0.7638708912040872,False,True,False,True,False,True,False,True,True,True,True,True
1.6040027396911973,1.748371995785593,0.697734651012238,False,True,False,False,True,True,False,False,True,True,False,True
-0.9118379055055746,-0.9171209943796426,-1.4897214933331788,False,False,False,True,False,False,False,False,False,False,False,False
-1.2364625048858033,-0.9415938687124417,0.36209323203860283,True,False,True,True,False,False,False,False,True,False,False,False
-1.1958844299632747,-0.9790447824641495,-1.463266997256439,False,False,False,False,True,False,False,False,False,False,False,False
-1.277040579808332,-0.980135374011957,-0.32903047796622287,True,False,False,True,True,False,False,False,False,False,False,False
1.3199562152334972,0.6273093201324017,-0.17691712552496938,False,True,False,True,False,True,False,False,False,True,False,True
-1.074150205195689,-0.8492207646131505,-0.33399069598061154,True,False,False,False,False,False,False,True,False,False,True,False
-1.277040579808332,-0.9824256162623527,-0.5026381084698274,True,False,False,False,True,True,False,False,False,False,False,False
0.67070701647304,0.8519929908116929,0.6464790648635548,True,False,True,False,True,False,False,True,True,False,True,False
0.9953316158532686,-0.4575893397954948,-1.4682272152708278,False,True,False,False,True,False,False,False,False,False,False,False
1.5634246647686687,-0.3493590345910833,-1.469880621275624,False,True,False,False,False,False,False,True,False,False,True,False
0.95475354093074,1.2923520459853854,0.9870807018515788,False,False,True,False,True,True,True,False,False,False,True,False
-0.7089475308929317,-0.5635294027495106,0.021491595050578394,False,False,False,False,False,True,True,False,False,True,True,True
1.0764877656983258,1.3881496075447919,0.9622796117796353,True,False,True,True,False,True,True,True,True,True,False,True
-0.790103680737989,-0.8941967600447298,-1.491374899337975,False,False,False,True,True,False,False,True,False,False,True,False
0.8735973910856829,1.6613646021015145,1.4814490972856527,False,True,True,False,True,True,False,True,False,True,False,True
-1.1958844299632747,-0.9637765007948452,-0.8151318433763156,False,False,False,False,False,False,False,True,False,False,True,True
0.8735973910856829,0.9023346966584848,0.4811384643839315,True,False,True,True,False,False,False,False,True,False,False,True
1.5634246647686687,0.7943225097636346,-0.17361031351537687,False,True,False,False,False,True,False,True,False,True,True,True
0.30550434217028277,0.2922359729840402,0.32571829993308543,False,False,True,False,False,False,False,False,False,False,False,True
-1.1958844299632747,-0.9618788715016603,-1.1640005103883206,True,False,False,True,True,False,False,False,False,True,False,False
1.1170658406208545,1.1538032957519266,0.5175133964894484,False,True,False,True,False,False,False,True,False,True,True,True
-1.074150205195689,-0.7565859185423857,1.0978589041729268,False,False,True,True,False,True,False,False,False,True,False,True
-1.1147282801182177,-0.9509075205307173,-1.4748408392900125,False,False,False,False,True,False,False,False,False,False,True,False
0.95475354093074,1.2314097902939052,0.9755068598180053,True,False,True,True,True,False,False,False,True,True,False,True
-0.9929940553506318,-0.6466761023543507,1.1788757984079417,True,False,True,True,True,False,False,False,True,False,False,False
1.3199562152334972,1.9589870354981682,1.26319950465255,False,False,True,True,True,False,True,True,True,False,False,True
0.5895508666279828,-0.49789760340245814,-1.335954734887129,False,True,False,False,True,False,False,True,True,False,True,False
1.0359096907757972,1.5041449245695926,1.1722621743887571,False,False,True,True,False,False,False,True,True,True,False,False
0.26492626724775414,-0.14424057627945783,-0.5009847024650312,False,True,False,True,True,False,False,False,False,True,False,False
0.8330193161631543,-0.577488974561446,-1.49798852335716,False,True,False,False,True,False,False,False,False,False,False,False
1.441690440001083,1.5028144028812673,0.6431722528539625,False,True,True,True,False,False,False,True,True,False,True,True
-0.18143255690006022,0.20352725648538217,0.9242512736693222,False,False,True,False,True,False,True,True,False,True,True,True
-0.30316678166764593,-0.04482225078133053,0.6927744329978496,True,False,True,False,True,False,False,True,False,True,True,False
1.6040027396911973,2.2961543184183197,1.3673640829547125,False,True,True,True,True,False,False,True,True,False,False,True
-0.2220106318225888,-0.553932197128805,-0.9407906997408293,False,False,False,False,True,False,False,True,False,False,False,False
0.7518631663180971,0.27339055103792753,-0.2827351098319284,False,False,False,True,False,False,True,False,False,False,False,True
-1.277040579808332,-0.9730029052892963,0.21163328560214523,False,False,True,True,True,False,False,False,False,False,False,False
1.4011123650785544,1.5626224433630282,0.7010414630218307,False,True,False,False,False,False,False,True,True,True,False,True
0.14319204248016842,-0.6749878589354321,-1.5046021473763447,False,True,False,False,True,False,False,True,False,False,True,False
0.14319204248016842,0.1328569241874593,0.37697388608176857,False,False,False,True,False,True,True,False,False,True,False,True
0.14319204248016842,-0.5127732721145518,-1.1210119542636188,False,True,False,False,False,True,False,False,False,False,False,False
0.7518631663180971,1.4838381099494178,1.5393183074535208,True,False,True,True,False,False,True,False,True,True,False,True
-1.0335721302731604,-0.7403361044800546,0.4860986823983203,False,False,True,True,False,True,False,False,True,False,False,False
0.183770117402697,-0.661355464587839,-1.4814544633091975,False,False,False,False,True,False,True,False,False,False,False,False
0.5895508666279828,0.7486921594033711,0.661359718906721,False,False,True,True,True,False,True,True,False,False,True,True
0.34608241709281135,0.9389785726648151,1.4599548192233014,False,False,True,True,False,False,True,True,True,True,True,True
0.7112850913955685,1.2598306060297673,1.1805292044127385,True,False,True,True,False,False,True,True,True,True,False,False
-1.1958844299632747,-0.9002604490505393,0.3240648939282893,False,False,True,True,False,False,False,False,False,False,False,False
1.4822685149236117,1.332551250437568,0.45137715629759906,False,False,False,True,True,True,True,False,True,True,False,True
-1.277040579808332,-0.9932224725856464,-1.321074080843963,False,False,False,True,True,False,False,False,True,False,False,False
0.34608241709281135,0.34412631882871886,0.32075808191869704,False,False,False,True,False,True,False,False,True,True,False,False
-1.2364625048858033,-0.9339815397087455,0.3786272920865652,True,False,False,False,False,False,False,False,False,True,False,False
-0.7495256058154603,-0.5115736214119636,0.8217401013719554,False,False,True,True,False,False,False,False,False,False,False,False
0.10261396755763985,0.08216622904536906,0.13888342139111134,False,True,False,True,True,True,False,True,True,True,True,True
-0.14085448197753164,-0.5638565802138529,-1.031728030004622,False,False,False,False,True,False,False,True,False,False,False,False
-0.6683694559704032,-0.7630204086744495,-0.9738588198367539,False,False,False,True,False,False,False,True,False,False,True,False
-1.074150205195689,-0.784439626673388,0.667973342925906,False,False,True,True,True,True,False,False,False,False,False,False
-0.9524159804281033,-0.8473449471509217,-0.8002511893331494,True,False,False,False,False,False,False,False,False,False,False,True
1.2388000653884401,1.3668176368696783,0.6134109447676301,False,True,False,False,True,True,False,True,True,False,True,True
-0.7089475308929317,-0.8318803590030122,-1.3128070508199818,True,False,False,True,False,False,False,True,True,False,True,False
0.7518631663180971,0.8715800150103146,0.6365586288347775,False,False,True,False,True,False,True,True,True,True,True,True
1.6040027396911973,0.9497099934952405,0.00991775301700495,False,True,False,True,True,True,False,True,False,True,True,True
0.10261396755763985,-0.1617991001991578,-0.3902065001436836,False,False,False,False,True,True,True,True,False,False,False,False
0.5895508666279828,1.049281001810061,1.1755689863983494,True,False,True,True,False,False,False,True,True,False,False,False
1.4011123650785544,-0.2231121570168928,-1.301233208786408,False,True,False,True,False,False,False,False,True,False,False,False
1.6040027396911973,0.6465909786976374,-0.37367244009572126,False,True,False,False,False,False,False,True,False,True,True,True
1.6040027396911973,2.500203997013094,1.5541989614966871,False,True,True,False,True,True,False,True,False,True,True,True
0.4272385669378685,-0.6641910026121384,-1.49798852335716,False,True,False,True,False,False,False,False,False,False,False,False
0.67070701647304,0.76670873177315,0.6415188468491659,True,False,False,False,True,True,True,True,True,True,False,False
-0.9929940553506318,-0.940176099700292,-1.491374899337975,False,True,False,True,False,False,False,True,False,False,True,False
-0.790103680737989,-0.8978393358144067,-1.4880680873283825,False,True,False,False,True,False,False,False,False,False,False,False
-0.7089475308929317,-0.32065466505279117,1.14911449032161,True,False,True,True,True,True,False,False,True,False,False,False
-1.1147282801182177,-0.8063387049533615,1.0300692579762807,True,False,True,True,True,False,False,False,False,True,False,False
-1.155306355040746,-0.9722394912058311,-1.350835388930295,False,False,False,False,True,False,True,True,True,False,True,False
1.4011123650785544,0.8985394380721149,0.019838189045782256,False,True,False,False,True,True,False,False,False,False,False,False
-1.2364625048858033,-0.9519981120785248,-0.380286064114906,True,False,False,False,True,True,False,False,False,False,False,False
-1.155306355040746,-0.8450983285624384,1.2152507305134592,True,False,True,True,True,False,False,False,True,False,True,True
0.06203589263511127,0.34689642136014975,0.8300071313959366,False,False,True,True,True,False,False,True,True,False,True,False
-0.8306817556605175,-0.7029070025593028,-0.35548497404296253,False,False,False,False,False,True,False,True,False,True,False,False
-1.277040579808332,-0.9844759283722305,-0.6580582729206734,False,False,False,False,True,False,False,False,False,False,False,False
0.4272385669378685,0.5053811850875286,0.4579907803167841,True,True,False,True,False,True,False,True,False,True,False,False
-1.074150205195689,-0.8926263082158872,-0.5191721685177897,False,False,False,True,False,False,True,False,False,True,False,False
-0.30316678166764593,-0.6841270161060586,-1.2615514646712986,False,False,False,True,False,False,True,True,True,False,False,False
-1.0335721302731604,-0.7268563929491545,0.9556659877604503,True,False,True,True,True,False,False,False,True,False,False,False
0.021457817712582688,0.5083039704356526,1.2813869707053085,False,False,True,True,False,True,True,True,True,False,True,False
-1.155306355040746,-0.8798445752755837,0.15211066942948093,False,False,True,True,True,False,False,True,False,False,True,False
0.5083947167829257,1.1911233385178979,1.5988409236261851,False,False,True,False,False,True,True,True,True,True,False,True
-1.1147282801182177,-0.8625259814964015,0.15872429344866595,True,False,True,True,True,False,False,False,False,False,False,False
0.7924412412406258,1.0163887607281878,0.9358251157028956,False,False,True,True,True,False,False,True,True,True,True,True
0.34608241709281135,-0.39703969706122505,-0.9755122258415501,False,False,False,False,False,False,True,True,False,True,False,True
-0.6277913810478746,-0.31500540083514855,0.9143308376405445,True,False,True,False,False,False,False,True,True,False,False,False
-0.790103680737989,-0.49685063551656306,1.0482567240290397,False,False,True,True,True,False,False,True,False,False,True,False
1.2793781403109687,-0.42103271111298896,-1.4930283053427713,False,False,False,False,False,False,True,True,False,False,True,False
-0.019120257209945892,0.14843057149014985,0.6630131249115171,True,False,True,True,True,False,False,True,True,False,False,False
-0.9524159804281033,-0.8018890914383072,-0.4679165823691066,False,False,False,False,True,True,True,False,False,True,False,False
1.5634246647686687,-0.39887189086154157,-1.499641929361956,False,True,False,True,True,False,False,True,False,False,True,False
1.4011123650785544,-0.2673683620269191,-1.2780855247192608,False,True,False,False,True,False,False,True,True,False,True,False
1.441690440001083,1.5157706304692198,0.5919166667052789,False,True,False,False,True,True,False,True,False,True,True,True
0.14319204248016842,-0.15811290076756868,-0.37367244009572126,False,False,False,False,True,True,True,True,False,False,True,True
0.95475354093074,1.1004733690641424,0.6845074029738684,False,True,False,True,True,True,False,True,False,True,False,True
-1.0335721302731604,-0.7759984480933583,0.4646044043359691,True,False,True,True,False,False,False,False,False,False,False,False
1.4011123650785544,0.8499208668708588,-0.013229931050142411,False,True,False,True,True,True,False,False,True,True,False,True
-0.6683694559704032,-0.5574220900817889,-0.02315036707891972,False,True,False,False,True,True,False,True,False,False,True,False
1.4822685149236117,2.1638219400073635,1.2929608127388819,False,False,True,True,True,False,True,False,False,True,False,True
-0.4249010064352317,-0.8060551511509316,-1.5178293954147148,False,False,False,False,False,False,False,True,False,False,True,False
-0.2220106318225888,-0.09091064959167346,0.3687068560577874,True,False,True,True,False,False,False,True,False,False,False,True
-0.18143255690006022,-0.5257513115334606,-0.8548135874914251,True,False,False,True,False,False,True,True,False,False,True,True
-0.26258870674511736,-0.45200551107072057,-0.5109051384938086,False,False,False,True,False,False,False,False,True,False,True,False
0.9141754660082114,-0.39863196072102397,-1.299579802781612,False,True,False,True,False,False,False,True,True,False,True,False
-0.9929940553506318,-0.7968723703183929,-0.3488713500237777,True,False,False,True,True,False,False,True,False,False,True,False
1.441690440001083,0.5990193753822762,-0.3472179440189814,False,False,False,True,False,True,True,False,False,False,False,False
1.52284658984614,1.7816568498246765,0.8366207554151216,False,False,True,True,False,False,True,False,True,True,False,True
-1.2364625048858033,-0.9248641943690754,0.9606262057748391,True,False,True,True,True,False,False,False,True,False,False,False
0.183770117402697,-0.37210877427834677,-0.8184386553859079,False,False,False,False,True,True,False,True,False,False,True,True
1.3199562152334972,2.0238772325927115,1.461608225228098,True,False,True,True,True,False,False,False,True,True,False,True
1.2793781403109687,-0.3056263135240045,-1.3409149529015179,False,False,False,True,False,False,True,False,True,False,False,False
-0.9118379055055746,-0.8141909640975752,-0.6646718969398582,False,False,False,True,True,False,False,False,False,False,False,False
-0.34374485659017456,-0.030862678969395152,0.9325183036933034,True,False,True,True,True,False,False,True,False,False,False,False
-1.277040579808332,-0.9739190021894545,0.1421902334007036,True,False,True,True,False,False,False,False,False,False,False,False
0.183770117402697,0.6291633257636744,1.195409858455904,True,False,True,True,True,False,False,False,True,False,False,False
-0.5872133061253461,-0.4170629578789699,0.30422402187073466,True,False,True,True,False,False,False,False,True,False,False,False
1.5634246647686687,2.562498586223855,1.6219886076933325,False,True,True,True,True,True,False,True,True,True,True,True
0.9141754660082114,1.2089436044090718,0.9755068598180053,False,False,True,True,False,False,False,True,True,False,False,True
-1.277040579808332,-0.9601557368561244,1.1854894224271268,True,False,True,True,False,False,False,True,True,False,False,False
1.3199562152334972,1.918678771891205,1.294614218743678,False,True,True,True,True,False,False,True,True,True,True,False
1.1982219904659115,-0.37298124751659273,-1.3624092309638687,False,False,False,True,True,False,True,True,True,False,False,False
-1.155306355040746,-0.8357846767441627,1.1970632644607007,True,False,True,False,True,False,False,True,True,False,True,False
1.5634246647686687,-0.23940559474113607,-1.321074080843963,False,True,False,False,False,False,False,True,True,False,False,False
1.441690440001083,-0.20939251534547504,-1.3045400207960005,False,True,False,False,False,False,False,False,True,False,False,False
0.8330193161631543,0.08436922397194,-0.5373596345705483,False,False,False,True,False,True,False,True,False,False,True,True
0.9141754660082114,0.07014791018853087,-0.6580582729206734,False,False,False,False,False,False,True,False,False,False,False,False
-0.34374485659017456,-0.7455927557404864,-1.3343013288823327,True,False,False,False,True,False,True,False,True,False,False,False
-0.9118379055055746,-0.7894563477933022,-0.6266435588295449,False,False,False,False,True,False,False,False,False,False,False,False
1.6040027396911973,2.2005530633375185,1.2830403767101046,False,True,True,True,True,False,False,True,True,False,False,True
-0.4654790813577603,-0.49938080790747635,-0.29761576387509436,True,False,False,True,False,True,True,True,False,False,True,False
1.6040027396911973,2.387196900829286,1.4268866991273768,False,True,True,True,False,False,False,False,True,True,False,True
0.30550434217028277,0.9454566864587914,1.493022939319226,False,False,True,True,True,True,False,True,True,True,True,True
-1.1147282801182177,-0.9586289086891939,-1.469880621275624,False,False,False,True,False,False,False,False,False,False,False,False
-1.277040579808332,-0.995643585821779,-1.5046021473763447,True,False,False,False,True,False,False,False,False,False,False,False
0.9953316158532686,1.5809007577042808,1.2598926926429572,True,False,True,True,True,True,False,True,True,True,False,True
-1.2364625048858033,-0.9406995836432395,0.2843831498131796,False,False,True,True,False,False,False,True,False,False,True,True
-1.2364625048858033,-0.919672978601512,0.8746490935254352,True,False,True,True,False,False,False,False,True,False,False,False
-1.1958844299632747,-0.8966833087737307,0.3587864200290101,True,False,True,True,False,False,False,False,True,False,False,False
-1.2364625048858033,-0.9231846833854518,0.8134730713479743,False,False,True,True,True,False,False,True,False,False,True,False
0.9141754660082114,0.9630806458713598,0.5489281105805769,True,False,True,True,False,False,False,False,False,False,False,True
0.5083947167829257,0.33182444616945067,0.16864472947744327,True,False,False,True,False,True,False,False,True,True,False,False
1.52284658984614,2.2728374711261963,1.335949368863584,False,True,True,False,True,True,False,True,False,False,False,True
-1.277040579808332,-0.973395518246507,0.18187197751581333,False,False,True,True,True,False,False,False,False,False,True,False
-1.2364625048858033,-0.9379076692808525,0.3786272920865652,True,False,True,False,True,False,False,True,False,False,False,False
-0.26258870674511736,-0.8036340379147991,-1.512869177400326,False,False,False,False,False,False,True,True,False,False,False,False
1.52284658984614,0.4199442432322928,-0.6514446489014885,True,False,False,True,True,False,True,False,False,False,False,False
-0.790103680737989,-0.8973376637024152,-1.49798852335716,True,False,False,False,False,False,True,False,False,False,False,False
1.4822685149236117,1.5563188242167008,0.6762403729498871,False,False,True,True,False,False,False,True,True,False,False,True
-1.277040579808332,-0.9735263892322438,0.171951541487036,True,False,True,True,False,False,False,False,False,False,False,False
-0.059698332132474476,-0.19761412662915456,-0.16534328349139568,True,False,False,False,True,True,True,True,False,True,True,False
-0.34374485659017456,-0.1920739215662927,0.505939554455875,True,False,True,True,True,False,False,False,True,False,False,True
1.52284658984614,0.3096636259180034,-0.6911263930165981,False,False,False,True,True,False,True,False,False,False,False,True
1.52284658984614,-0.268677071884288,-1.3309945168727402,False,True,False,False,False,False,False,True,True,False,True,False
1.4822685149236117,2.326211021475893,1.4880627213048376,True,True,True,True,True,False,False,True,True,True,False,True
-1.2364625048858033,-0.9423354709649507,0.1702981354822394,True,False,True,False,True,False,False,True,False,False,False,False
-0.4249010064352317,-0.7647217314890292,-1.301233208786408,False,False,False,False,False,False,True,True,True,False,False,False
-0.34374485659017456,-0.3241881816676873,-0.01984355506932744,True,True,False,False,False,True,False,True,True,False,True,True
0.5489727917054542,-0.05797478484788843,-0.6613650849302657,False,False,False,False,False,False,False,False,False,False,False,False
-0.2220106318225888,-0.781953077944387,-1.4963351173523636,False,True,False,False,True,False,False,False,False,False,True,False
1.6040027396911973,1.7670211112531005,0.7985924173048081,False,True,False,False,False,True,False,True,True,True,False,True
-1.277040579808332,-0.9841923745698008,-0.6365639948583222,False,False,False,True,True,False,False,False,False,False,False,False
-1.2364625048858033,-0.9210253121207931,0.839927567424714,True,False,True,False,False,True,False,True,False,False,False,True
-0.9118379055055746,-0.6402634240532429,0.697734651012238,False,False,True,True,True,False,False,False,True,False,False,False
1.3605342901560258,-0.2561788927464147,-1.2979263967768155,False,False,False,True,True,False,True,True,True,False,True,False
-1.277040579808332,-0.9952509728645683,-1.4748408392900125,False,False,False,False,False,False,False,False,False,False,False,False
-1.1147282801182177,-0.8278015466142121,0.6167177567772224,True,False,True,True,False,False,False,True,False,False,True,True
-0.2220106318225888,0.043297546281511536,0.710961899050608,False,False,True,True,False,False,False,False,True,False,False,True
-0.8712598305830461,-0.6227703356264114,0.4480703442880068,True,False,True,True,True,False,False,False,False,False,False,False
1.3199562152334972,1.8297301252520286,1.1292736182640548,False,False,True,True,True,False,False,False,False,False,False,True
1.1576439155433829,1.599898862467087,1.1259668062544625,True,False,True,False,True,False,True,True,True,False,True,True
-0.7495256058154603,-0.6483556133379742,-0.11739450935230507,False,True,False,True,True,True,False,True,False,False,True,True
1.1576439155433829,0.644344360109154,-0.09259341928036156,False,True,False,True,True,True,False,True,False,True,False,False
-0.9118379055055746,-0.7583090531879214,-0.15707625346741452,False,False,False,False,True,False,False,True,False,False,True,False
1.1170658406208545,0.26597452851283687,-0.4927176724410501,True,False,False,False,False,True,True,True,False,False,False,True
0.10261396755763985,0.6694061538777694,1.5161706233863734,False,False,True,True,False,True,True,False,True,True,False,True
-0.9118379055055746,-0.5881985835609151,0.9887341078563749,True,False,True,True,False,False,False,False,True,False,False,True
0.5083947167829257,0.643035650251785,0.5439678925661885,False,False,True,False,True,False,False,True,True,False,False,True
0.10261396755763985,0.4772439231540964,1.1276202122592587,True,False,True,True,True,False,False,False,True,False,False,False
0.26492626724775414,0.3122810456327413,0.3405989539762516,True,False,True,False,True,False,False,False,True,False,False,False
1.0764877656983258,0.30346906592645695,-0.48610404842186505,True,False,False,True,True,False,False,True,False,False,False,True
-1.0335721302731604,-0.8673900197996227,-0.6845127689974131,False,False,False,True,False,False,False,True,False,False,False,False
-0.8712598305830461,-0.6423573598250332,0.18352538352060946,False,False,False,False,False,False,False,False,False,True,False,False
-0.4654790813577603,-0.6680516966913767,-0.9870860678751238,False,True,False,False,False,True,False,False,False,True,False,False
-1.074150205195689,-0.8632675837489104,-0.32407025995183425,False,False,False,False,False,True,False,False,False,False,False,True
1.2388000653884401,-0.31790637435231645,-1.3128070508199818,False,True,False,False,True,False,False,True,True,False,True,False
-0.7089475308929317,-0.3480067010718021,1.195409858455904,True,False,True,True,True,False,False,True,True,False,False,False
-1.0335721302731604,-0.8001659567927714,0.1702981354822394,False,False,True,True,True,False,False,True,False,False,False,False
0.30550434217028277,0.31145219605640756,0.31745126990910427,True,False,False,True,True,False,False,True,True,False,True,False
1.3199562152334972,0.2757680406121477,-0.6514446489014885,False,True,False,False,False,False,False,False,False,True,True,True
0.95475354093074,0.31317533070194326,-0.40508715418684954,False,False,False,False,True,True,True,False,False,False,False,False
-1.0335721302731604,-0.7284922802708658,0.8068594473287892,False,False,True,True,True,False,False,False,True,False,False,False
1.5634246647686687,2.620801610369641,1.698045283913959,False,False,True,True,True,True,True,False,True,True,False,True
0.6301289415505114,1.065530815872392,1.1259668062544625,True,False,True,True,True,False,True,False,True,False,False,True
-1.277040579808332,-0.98000450302622,-0.3191100419374456,False,False,False,True,False,False,False,True,False,False,False,False
-1.1147282801182177,-0.9177535374773708,-0.6365639948583222,True,False,False,False,False,False,False,False,False,False,False,False
0.6301289415505114,0.4946061405951909,0.15211066942948093,False,False,False,True,False,False,True,True,True,True,False,False
1.1982219904659115,2.002152648960387,1.6203352016885364,False,True,True,False,False,True,False,True,True,True,False,True
1.4822685149236117,1.9803626298351944,1.1425008663024248,False,False,True,False,True,False,True,True,True,False,False,False
0.10261396755763985,0.22398675392224998,0.550581516585373,False,False,True,True,True,False,True,True,True,False,False,False
0.9953316158532686,0.3201987402698234,-0.3786326581101099,True,False,False,True,True,False,True,False,False,True,False,False
-1.277040579808332,-0.9957526449765598,-1.512869177400326,False,False,False,False,True,False,False,True,False,False,True,False
-0.8712598305830461,-0.9158777200151419,-1.4566533732372542,False,True,False,False,False,False,False,True,False,False,True,False
-1.1147282801182177,-0.8487845279940276,0.5257804265134296,True,False,True,True,False,False,False,True,False,False,True,False
-0.9118379055055746,-0.6832763546987688,0.171951541487036,False,False,True,False,True,False,False,False,False,False,False,False
1.1576439155433829,1.0095616576389135,0.29265017983716074,False,True,False,True,False,False,False,True,False,True,True,False
-1.277040579808332,-0.9957308331456035,-1.5112157713955297,False,False,False,False,True,False,False,False,False,False,True,False
-1.2364625048858033,-0.9287248884483138,0.47121802835515414,True,False,True,False,False,False,False,True,True,False,False,False
-1.074150205195689,-0.8630276536083928,-0.6382174008631186,False,False,False,False,False,False,False,True,False,False,False,False
-1.074150205195689,-0.9532631982739814,-1.4665738092660314,False,False,False,False,True,False,True,False,False,False,False,False
0.14319204248016842,0.46426588373518773,0.9473989577364691,True,False,True,True,True,True,False,True,False,False,False,False
-0.9524159804281033,-0.7199202307050991,0.13557660938151858,True,False,True,False,False,False,False,False,False,False,False,False
0.95475354093074,1.5770618754559986,1.3392561808731767,False,False,True,True,False,False,False,False,True,True,False,True
0.183770117402697,-0.6873769789185248,-1.4930283053427713,False,True,False,False,True,False,False,True,False,False,True,False
-0.7495256058154603,-0.8730829076791775,-1.499641929361956,False,False,False,False,True,False,False,False,False,False,False,False
-0.5060571562802889,-0.8149107545191281,-1.5079089593859372,False,False,False,True,False,False,True,False,False,False,False,False
1.1576439155433829,1.3171957214444392,0.7837117632616424,False,True,False,False,False,False,False,False,True,True,False,True
1.6040027396911973,2.7244514310732617,1.7608747120962163,True,True,True,True,True,True,False,False,True,True,False,True
0.6301289415505114,0.21284090830365776,-0.19841140358732037,False,False,False,True,False,False,True,True,False,False,False,True
0.67070701647304,1.250386083225755,1.3789379249882863,False,False,True,True,True,False,True,False,True,True,False,True
-1.074150205195689,-0.7969596176422175,0.6415188468491659,True,False,True,True,False,False,False,True,True,False,False,False
-0.10027640705500306,0.3468527976982375,1.1739155803935533,True,False,True,False,False,False,False,False,True,False,False,False
1.5634246647686687,-0.2514457254289303,-1.3409149529015179,False,True,False,True,False,False,False,True,True,False,False,False
1.441690440001083,1.4762257809457218,0.5968768847196678,True,False,True,True,False,False,True,True,True,False,True,False
1.2793781403109687,0.7704821785285638,0.02810521906976342,False,False,False,False,False,True,True,True,False,True,True,False
-0.7495256058154603,-0.8416520592713668,-1.3028866147912044,False,False,False,False,False,False,False,True,True,False,True,False
0.3866604920153399,0.5612630959971824,0.6398654408443698,True,False,True,True,False,False,False,True,True,True,False,False
0.183770117402697,-0.3973886863565235,-0.8068648133523344,False,True,False,True,True,True,False,False,False,True,False,True
1.1576439155433829,2.209059677410417,1.7741019601345858,True,False,True,True,False,True,True,False,True,True,False,True
0.5895508666279828,1.1112266017255241,1.3690174889595086,True,False,True,True,False,False,False,False,True,False,False,True
0.7924412412406258,0.8885278076632426,0.6745869669450906,True,False,True,True,True,False,False,False,False,False,False,True
-0.790103680737989,-0.6983047062275555,-0.3571383800477589,False,False,False,False,False,True,True,True,False,True,True,False
1.5634246647686687,-0.2380096375599425,-1.3557956069446837,False,True,False,False,True,False,False,True,True,False,False,False
1.52284658984614,-0.2559171507749408,-1.3095002388103891,False,True,False,False,True,False,False,True,True,False,True,False
-0.5872133061253461,-0.26605965216955013,0.9854272958467827,True,False,True,True,True,False,False,True,True,False,False,False
0.183770117402697,-0.6997879107325735,-1.4748408392900125,False,False,False,False,True,False,False,True,False,False,False,False
0.8330193161631543,-0.5450547819296524,-1.4946817113475674,False,True,False,False,True,False,False,False,False,False,True,False
1.0764877656983258,1.1548502636378222,0.6051439147436489,True,False,True,True,False,False,False,False,True,False,False,True
-1.1958844299632747,-0.9092687352354288,0.31579786390430814,True,False,True,False,True,False,False,False,True,False,False,False
0.67070701647304,1.1425047673166417,1.1342338362784437,False,False,True,True,True,False,True,True,False,True,False,False
1.0764877656983258,0.35525035261635485,-0.3571383800477589,False,True,False,False,True,False,False,False,True,False,False,False
-1.3176186547308604,-1.0041283880637208,-1.4864146813235863,False,True,False,False,False,False,False,True,False,False,True,False
1.3199562152334972,0.6858958980806179,-0.1190479153571012,False,False,False,False,False,True,True,True,False,False,True,True
0.7924412412406258,1.4496371590101762,1.3260289328348067,True,False,True,True,False,False,False,True,True,False,False,True
-0.30316678166764593,-0.12495891771422217,0.4927123064175049,False,False,True,True,False,True,False,False,False,False,False,True
-1.2364625048858033,-0.9239699092998732,0.7341095831177553,False,False,True,True,False,False,False,False,False,False,False,True
1.4822685149236117,0.6415742575777231,-0.33068388397101905,False,True,False,True,False,False,False,True,False,False,True,True
1.4011123650785544,2.098451882631785,1.344216398887565,True,False,True,True,False,True,True,True,True,False,False,True
-0.9929940553506318,-0.8430916401144726,-0.6712855209590433,False,False,False,False,True,False,False,True,False,False,True,False
0.021457817712582688,-0.711697170434631,-1.4831078693139936,False,True,False,False,False,False,False,True,False,False,True,False
-0.34374485659017456,-0.7713961517616108,-1.4897214933331788,False,False,False,False,False,False,True,True,False,False,True,False
-1.277040579808332,-0.9642999847377928,0.8713422815158425,True,False,True,True,False,False,False,False,False,False,False,False
1.5634246647686687,1.9838307109572215,1.0184954159427073,False,True,True,True,False,False,False,True,True,False,True,True
-1.277040579808332,-0.9739408140204108,0.14053682739590748,True,False,True,True,False,False,False,False,False,False,False,False
-0.5466352312028174,-0.1802300973571037,1.1590349263503872,False,False,True,False,True,False,True,True,False,True,True,True
1.5634246647686687,1.5803118382684647,0.5588485466093542,False,True,False,False,False,True,False,True,False,True,False,False
-1.277040579808332,-0.9733300827536385,0.18683219553020172,False,False,True,True,False,False,False,False,False,False,False,False
-1.155306355040746,-0.8657323206469554,0.469564622350358,True,False,True,True,False,False,False,False,False,False,False,False
-0.790103680737989,-0.8883948130103942,-1.5012953353667524,False,True,False,False,False,False,False,True,False,False,True,False
1.5634246647686687,2.479613628590489,1.5327046834343359,False,True,True,False,False,True,False,False,True,True,False,True
1.6040027396911973,1.8060424768336512,0.8481945974486951,False,True,False,True,True,True,False,True,True,True,True,True
-0.2220106318225888,-0.3203056757574928,-0.2893487338511132,False,False,False,False,True,True,True,False,False,False,True,True
-0.5060571562802889,-0.5996716066438494,-0.6812059569878206,True,False,False,True,False,False,False,False,False,False,False,False
1.1982219904659115,0.844424285469909,0.1471504514150925,False,True,False,False,True,True,False,False,True,True,False,True
-0.059698332132474476,0.36724685964223686,1.2053302944846818,True,False,True,True,True,False,False,False,False,False,False,True
-0.14085448197753164,-0.1079238777374697,0.3505193900050289,False,True,False,False,True,False,False,True,False,True,True,False
-1.277040579808332,-0.9841705627388446,-0.634910588853526,True,False,False,False,True,False,False,False,False,False,False,False
-1.277040579808332,-0.9825346754171334,-0.5109051384938086,True,False,False,False,False,False,False,False,False,False,False,True
-1.2364625048858033,-0.945149197158294,0.15707088744386982,True,False,True,True,False,False,False,False,False,False,False,False
-0.10027640705500306,-0.6935715389100711,-1.4450795312036804,False,True,False,False,True,False,False,True,False,False,True,False
1.1576439155433829,0.28774273580707366,-0.5042915144746235,False,False,False,True,False,True,True,True,False,False,True,False
0.26492626724775414,-0.643796940668139,-1.4814544633091975,False,True,False,False,False,False,False,False,False,False,False,False
1.6040027396911973,2.4957325716670833,1.5442785254679097,False,True,True,True,True,False,False,True,True,True,False,True
-0.7495256058154603,-0.5364827323638858,0.51255317847506,True,False,True,True,False,False,False,False,True,False,False,False
1.3605342901560258,1.9887165610913993,1.299574436758067,True,False,True,True,True,False,True,False,True,True,False,True
-0.9524159804281033,-0.6508857857288874,0.8548082214678802,False,False,True,True,False,False,False,False,False,False,False,False
0.021457817712582688,-0.15224551824036459,-0.1835307495441544,True,False,False,False,False,True,True,False,True,True,False,False
-1.277040579808332,-0.9953382201883928,-1.4814544633091975,False,False,False,False,False,False,False,False,False,False,False,False
-1.1958844299632747,-0.8756785155629593,1.3243755268300106,True,False,True,True,True,False,False,False,True,False,False,True
-0.38432293151270314,-0.7692149686659959,-1.342568358906314,False,False,False,False,True,False,True,True,True,False,True,False
-1.277040579808332,-0.9712579588128044,0.3439057659858439,True,False,True,True,True,False,False,False,True,False,False,False
1.4822685149236117,1.786935312916065,0.9374785217076917,False,True,True,True,False,False,False,True,True,True,True,True
-0.30316678166764593,0.15418889486257312,1.355790240921139,False,False,True,False,True,False,False,False,True,False,False,True
1.441690440001083,-0.26856801272950726,-1.2962729907720194,False,True,False,False,True,False,False,True,True,False,True,False
-1.1958844299632747,-0.9366643949163519,-0.3257236659566304,False,False,False,True,False,True,False,False,False,True,True,False
0.34608241709281135,-0.6671792234531307,-1.5095623653907335,False,True,False,False,False,False,False,True,False,False,True,False
0.7112850913955685,-0.12234149799948428,-0.8432397454578514,False,False,False,True,True,True,False,True,False,False,True,False
0.9953316158532686,-0.5410195932027648,-1.506255553381141,False,False,False,False,True,False,True,True,False,False,True,False
-1.277040579808332,-0.9953164083574368,-1.4798010573044011,False,False,False,False,True,False,False,False,False,False,False,False
1.5634246647686687,-0.3527398683892864,-1.4566533732372542,False,True,False,True,False,False,False,True,False,False,False,False
-1.2364625048858033,-0.989645332308838,-1.4748408392900125,False,False,False,False,True,False,False,False,False,False,False,False
-0.10027640705500306,0.32471378927774625,1.1606883323551833,True,False,True,True,False,False,False,True,True,False,True,False
-1.0335721302731604,-0.8425463443405689,-0.33399069598061154,False,False,False,False,True,False,False,False,False,False,False,False
-0.18143255690006022,-0.02479898996358588,0.5175133964894484,True,False,True,True,False,False,False,False,False,False,False,False
1.5634246647686687,1.6333145874919068,0.6993880570170341,False,True,False,True,True,True,False,True,False,True,False,True
-1.0335721302731604,-0.7400089270157123,0.7952856052952159,True,False,True,True,True,False,False,True,False,False,False,False
0.7112850913955685,-0.5980357193221383,-1.4814544633091975,False,True,False,False,False,False,False,True,False,False,True,False
-0.6683694559704032,-0.8669537831804996,-1.499641929361956,False,False,False,False,False,False,False,True,False,False,False,False
-0.14085448197753164,-0.7020127174901007,-1.2846991487384458,False,True,False,False,False,False,False,True,True,False,True,False
-1.1958844299632747,-0.8873914687864114,0.47287143435995027,True,False,True,False,True,False,False,False,False,False,False,False
-1.1147282801182177,-0.8228502609871664,0.5175133964894484,True,False,True,True,True,False,False,False,False,False,False,False
0.10261396755763985,-0.6808770532935924,-1.450039749218069,False,False,False,False,False,False,True,False,False,False,False,False
-0.6277913810478746,-0.519382256894265,0.026451813064967283,False,False,False,False,True,True,False,False,True,False,False,False
-1.1958844299632747,-0.9105992569237539,0.5737292006525204,False,False,True,True,True,True,False,False,False,True,False,False
-0.30316678166764593,-0.778899421610526,-1.5029487413715485,False,False,False,True,True,False,True,False,False,False,False,False
-0.9524159804281033,-0.6156160550727945,0.9887341078563749,False,False,True,True,True,False,False,True,False,True,False,True
1.2388000653884401,1.1166141239716927,0.4927123064175049,False,True,False,True,False,True,False,False,True,True,False,True
0.7924412412406258,-0.5991263108699457,-1.49798852335716,False,False,False,False,True,False,True,False,False,False,True,False
0.183770117402697,-0.6866353766660157,-1.499641929361956,False,False,False,False,False,False,True,True,False,False,False,False
-1.277040579808332,-0.9797863847166586,-0.30257598188948326,True,False,False,True,False,True,False,False,False,False,False,False
0.6301289415505114,0.6918941515935588,0.611757538762834,False,False,False,True,False,True,True,False,True,False,False,True
-0.8712598305830461,-0.8457090598292105,-0.9639383838079766,False,False,False,True,False,False,False,False,False,False,False,False
0.9953316158532686,1.3938861190862593,1.1474610843168136,True,False,True,True,False,True,False,True,True,False,False,False
1.1576439155433829,-0.34901004529578494,-1.321074080843963,False,True,False,False,True,False,False,True,True,False,False,False
0.06203589263511127,0.054770569364445805,0.21824690962133025,False,False,True,False,True,False,False,True,False,False,False,False
1.4822685149236117,0.7669268500827116,-0.11739450935230507,False,True,False,False,False,True,False,True,True,True,True,False
-0.34374485659017456,-0.6428372201060685,-1.0151939699566597,False,False,False,False,True,False,False,True,False,True,False,False
1.5634246647686687,1.18233317064257,0.20005944356857178,False,False,False,True,True,True,True,True,False,True,False,True
0.8735973910856829,-0.40877446211563323,-1.322727486848759,False,False,False,True,True,False,False,True,False,False,False,False
-0.059698332132474476,-0.18278208157897322,-0.19510459157772808,False,False,False,True,True,False,False,True,True,False,False,False
0.8330193161631543,1.4903598474053061,1.454994601208913,False,False,True,True,False,False,True,True,True,True,False,True
1.0764877656983258,0.8258187936643141,0.23643437567408873,False,True,False,True,False,False,False,True,True,True,True,False
1.6040027396911973,1.6319186303107134,0.6067973207484451,False,True,False,True,False,True,False,True,True,True,True,False
-0.790103680737989,-0.8593632660077599,-1.3161138628295743,False,False,False,True,True,False,False,False,False,False,False,False
-1.277040579808332,-0.9848031058365728,-0.682859362992617,False,False,False,True,True,False,False,False,False,False,False,False
-1.277040579808332,-0.9822729334456597,-0.4910642664362537,True,False,False,True,False,False,False,False,True,False,False,False
-0.8712598305830461,-0.7060697180479445,-0.17526371952017322,False,False,False,True,True,False,False,True,False,False,True,False
-1.155306355040746,-0.8586216637552508,0.6315984108203886,False,False,True,False,False,False,False,False,True,False,True,True
0.8330193161631543,1.1771419548750062,0.9887341078563749,False,False,True,True,False,False,True,True,False,False,False,False
-1.1147282801182177,-0.9630567103732923,-1.4847612753187902,False,False,False,False,True,False,False,False,False,False,False,False
1.6040027396911973,-0.36685212301791487,-1.4831078693139936,False,True,False,False,False,False,False,True,False,False,True,False
-1.155306355040746,-0.9049499927061113,-0.31249641791826055,False,False,False,False,False,False,False,False,False,False,False,False
1.4011123650785544,2.2189840604954645,1.5674262095350566,False,False,True,True,False,False,True,True,True,True,True,True
-1.277040579808332,-0.9849121649913536,-0.6911263930165981,False,False,False,True,True,False,False,False,False,False,False,False
1.1576439155433829,-0.3504932498008031,-1.321074080843963,False,True,False,True,False,False,False,False,True,False,True,False
-0.4249010064352317,-0.8154560502930318,-1.4814544633091975,False,False,False,False,True,False,False,False,False,False,True,False
-1.277040579808332,-0.9807679171096852,-0.37697925210531374,False,False,False,True,False,False,False,False,False,False,False,False
0.7518631663180971,0.6977397222898069,0.3389455479714555,False,True,False,True,True,False,False,True,True,True,False,False
0.7518631663180971,0.3381716889776901,-0.1587296594722109,False,False,False,False,False,True,True,False,False,True,True,False
-0.9118379055055746,-0.8770090372512843,-1.1673073223979133,True,False,False,True,False,False,False,False,False,True,False,False
-0.34374485659017456,-0.7740790069692172,-1.47153402728042,False,False,False,False,False,False,True,False,False,False,False,False
-0.7089475308929317,-0.6738536437257124,-0.32903047796622287,False,False,False,False,False,False,False,False,True,True,False,False
1.3199562152334972,2.110012153038544,1.4897161273096338,False,False,True,True,True,True,True,False,True,True,False,False
-0.7089475308929317,-0.8721886226099754,-1.4831078693139936,False,False,False,False,False,False,True,False,False,False,False,False
1.5634246647686687,-0.24815213895455182,-1.3458751709159065,False,True,False,True,False,False,False,True,True,False,False,False
-0.790103680737989,-0.5552845306480862,0.5605019526141508,False,False,True,True,False,False,False,False,False,False,False,False
-0.5466352312028174,-0.16025046020127123,1.3772845189834897,True,False,True,True,False,True,False,False,False,True,False,False
-0.7089475308929317,-0.44212475164758513,0.7952856052952159,False,False,True,False,False,False,False,False,True,False,False,True
-1.277040579808332,-0.9954472793431736,-1.4897214933331788,False,False,False,True,False,False,False,False,False,False,False,False
-1.277040579808332,-0.990954042166207,-1.1491198563451546,True,False,False,False,True,False,False,True,False,False,True,True
0.3866604920153399,0.020351500115642605,-0.3372975079902041,True,False,False,True,False,True,True,False,False,True,False,True
1.0764877656983258,-0.542655480524476,-1.5393236734770657,False,True,False,False,False,False,False,True,False,False,False,False
0.95475354093074,-0.515586998307895,-1.4930283053427713,False,True,False,True,False,False,False,True,False,False,True,False
-0.5466352312028174,-0.7921610148318646,-1.301233208786408,False,True,False,False,False,False,False,True,True,False,True,False
-0.5872133061253461,-0.6225085936549376,-0.5142119505034011,True,False,False,False,True,True,False,False,False,False,False,False
-1.277040579808332,-0.9651724579760387,0.8052060413239931,True,False,True,True,False,False,False,False,False,False,False,False
1.3199562152334972,1.270889204324535,0.5803428246717055,False,True,False,True,False,True,False,True,True,True,True,True
-1.074150205195689,-0.8343887195629692,-0.2876953278463171,True,False,False,False,False,True,False,False,False,False,False,True
0.9141754660082114,-0.5334072641990688,-1.4764942452948089,False,True,False,False,False,False,False,True,False,False,True,False
-0.019120257209945892,-0.6954909800342122,-1.4748408392900125,False,False,False,False,True,False,True,False,False,False,False,False
1.6040027396911973,1.8202419787861037,0.8944899655829898,False,True,False,False,False,True,False,True,True,True,False,True
-0.14085448197753164,0.2821589070822994,1.2069837004894781,False,False,True,True,True,False,False,False,False,False,False,True
-0.790103680737989,-0.8542374857330649,-1.3376081408919251,False,False,False,False,True,False,True,True,True,False,True,False
-0.34374485659017456,-0.7916593427198733,-1.4616135912516428,False,True,False,False,True,False,False,False,False,False,False,False
1.4822685149236117,2.1878585777210398,1.3971253910410448,False,False,True,True,True,True,True,True,True,True,False,True
-1.277040579808332,-0.9843450573864938,-0.6481378368918959,False,False,False,False,False,False,False,False,False,False,False,False
-1.2364625048858033,-0.9888164827325043,-1.4748408392900125,False,False,False,False,False,False,False,False,False,False,False,False
1.3199562152334972,2.196779616582105,1.4665684432424864,True,True,True,False,False,True,False,True,True,True,True,False
0.3866604920153399,0.5407381630674462,0.6514392828779437,True,False,True,True,False,False,False,False,True,False,False,False
-0.30316678166764593,0.03749559924717582,1.1673019563743683,True,False,True,True,False,False,False,False,True,False,False,True
-1.155306355040746,-0.9596758765750891,-1.3128070508199818,False,False,False,False,True,False,False,False,True,False,False,False
-1.0335721302731604,-0.9361190991424482,-1.4649204032612353,False,False,False,False,False,False,False,False,False,False,False,False
-0.7089475308929317,-0.5893764224325472,-0.0033094950213651054,False,False,False,False,True,True,True,False,False,False,True,False
-1.277040579808332,-0.9843668692174499,-0.6497912428966922,False,False,False,True,True,False,False,False,False,False,False,False
-0.30316678166764593,-0.7812987230157025,-1.4897214933331788,False,False,False,False,True,False,True,False,False,False,False,False
0.8735973910856829,0.06925362511932888,-0.6530980549062846,False,True,False,False,True,True,False,False,False,True,False,False
-1.277040579808332,-0.9737663193727615,0.15376407543427706,True,False,True,True,False,False,False,False,False,False,False,False
1.6040027396911973,2.212091521913321,1.2714665346765313,True,True,True,True,True,False,False,True,True,False,True,True
1.2793781403109687,1.972488558860024,1.3326425568539917,True,True,True,True,True,False,False,True,True,True,False,True
0.95475354093074,1.1630951357392463,0.7919787932856235,False,False,True,False,False,False,True,True,False,False,True,False
-1.2364625048858033,-0.9370351960426064,0.14384363940549977,True,False,True,True,False,False,False,True,False,False,False,False
0.95475354093074,1.558216453509886,1.2648529106573463,True,True,True,True,True,False,False,True,True,True,True,False
-0.18143255690006022,-0.5847305024388874,-0.9655917898127727,False,False,False,True,False,False,False,False,False,True,False,False
-0.9118379055055746,-0.5514238365688479,1.1094327462065001,True,False,True,True,True,False,False,True,True,False,False,False
0.06203589263511127,0.26529836175319615,0.6315984108203886,False,False,True,True,True,False,False,True,False,False,True,False
-0.9118379055055746,-0.6472650217901668,0.5307406445278184,False,False,True,True,False,False,False,False,True,False,False,True
-0.019120257209945892,0.2594527910569484,0.8729956875206386,False,False,True,True,False,False,False,True,True,False,True,False
-1.074150205195689,-0.8744134293675027,-0.5340528225609559,False,False,False,True,False,False,False,True,False,True,True,False
1.3199562152334972,2.0124260213407332,1.3260289328348067,True,False,True,True,False,True,False,True,True,False,False,False
-0.019120257209945892,0.013633456181148864,0.2595820597412361,False,False,False,True,True,True,True,True,True,True,False,False
1.4822685149236117,2.2482119139767045,1.5062501873575962,False,True,True,True,False,False,False,False,True,True,False,True
1.3199562152334972,0.8758551338777198,0.06944036918966925,False,False,False,False,True,True,True,True,True,False,False,True
-0.38432293151270314,-0.26712843188640145,0.1256561733527413,False,False,False,True,False,True,True,True,False,True,False,False
-0.9118379055055746,-0.7091669980437176,0.17691175950142443,True,False,False,False,False,True,True,True,True,False,True,True
-1.1147282801182177,-0.7868389280785644,0.9755068598180053,True,False,True,True,True,False,False,True,False,False,False,False
0.5083947167829257,0.9339618515449007,1.051563536038632,False,False,True,False,False,True,True,False,True,False,False,True
-1.277040579808332,-0.9687714100838033,0.5323940505326146,True,False,True,True,True,False,False,True,False,False,True,False
1.5634246647686687,2.216541135428376,1.349176616901954,False,False,True,False,True,False,True,False,True,True,False,True
0.7518631663180971,0.8465400330726557,0.4976725244318938,False,False,True,False,True,False,False,False,True,False,False,False
0.34608241709281135,0.35974358979332144,0.44641693828321066,True,True,False,False,False,True,False,True,False,True,True,True
1.4011123650785544,1.6377860128379174,0.8481945974486951,False,False,True,True,True,True,True,True,False,False,False,True
0.10261396755763985,-0.4911795594679643,-1.0416484660333993,False,False,False,True,False,False,False,False,False,True,False,False
-0.5872133061253461,-0.8346068378725308,-1.4847612753187902,False,True,False,False,True,False,False,False,False,False,False,False
0.4272385669378685,0.8092199903066846,0.9771602658228015,True,False,True,True,False,True,False,True,True,False,False,True
-0.790103680737989,-0.8943494428614228,-1.4731874332852164,True,False,False,True,True,False,False,False,False,False,False,False
-1.277040579808332,-0.9935496500499886,-1.3458751709159065,True,False,False,True,True,False,False,False,False,False,False,False
-1.1958844299632747,-0.9641254900901437,-1.165653916393117,False,False,False,False,False,True,False,True,False,False,True,False
0.5489727917054542,0.543770007570351,0.32571829993308543,False,False,True,True,False,False,False,False,False,False,False,False
0.183770117402697,-0.6745952459782214,-1.4764942452948089,False,False,False,False,False,False,True,False,False,False,True,False
-0.7495256058154603,-0.8870424794911129,-1.4880680873283825,False,False,False,False,True,False,False,False,False,False,True,False
1.1982219904659115,1.4467798091549207,0.7985924173048081,True,False,True,True,True,True,False,True,True,False,False,True
-1.277040579808332,-0.9691203993791018,0.505939554455875,True,False,True,True,False,False,False,False,False,False,False,False
-1.074150205195689,-0.8392963815281028,0.16037769945346209,True,False,True,True,True,False,False,True,False,False,True,False
0.5083947167829257,0.7153854935333314,0.7374163951273477,True,False,True,True,False,False,False,False,True,True,False,False
-0.9524159804281033,-0.6030524404420526,1.1408474602976286,False,False,True,True,True,False,False,False,True,False,False,True
-0.8306817556605175,-0.6807025586459431,0.30422402187073466,True,False,False,True,True,False,False,True,False,True,False,False
0.06203589263511127,0.1971800136771429,0.4050817881633048,False,False,False,False,True,False,True,True,True,False,True,False
0.67070701647304,1.110463187642059,1.187142828431923,False,False,True,True,False,True,False,True,True,False,False,False
-1.1958844299632747,-0.9442549120890918,-0.48114383040747644,False,False,False,False,True,False,False,False,True,False,False,False
-0.9929940553506318,-0.8260347883067641,-0.5142119505034011,True,False,False,False,False,False,False,False,False,True,False,False
-1.0335721302731604,-0.7759112007695336,0.47452484036474646,True,False,True,True,False,False,False,False,False,False,False,False
-0.10027640705500306,-0.7427135940542748,-1.4963351173523636,False,True,False,False,False,False,False,True,False,False,True,False
1.6040027396911973,1.897913908820951,0.859768439482269,False,True,False,False,False,True,False,True,True,True,True,True
-0.14085448197753164,-0.7426917822233187,-1.4864146813235863,False,False,False,False,False,False,True,False,False,False,False,False
-1.277040579808332,-0.9955999621598666,-1.5012953353667524,False,False,False,False,False,False,False,False,False,False,False,False
-0.790103680737989,-0.46513623330632237,1.0548703480482242,True,False,True,True,False,False,False,False,False,False,False,False
1.3605342901560258,-0.41106470436602893,-1.4748408392900125,True,False,False,True,True,False,True,True,False,False,True,False
-1.1147282801182177,-0.8420228603976214,0.214940097611738,False,False,True,True,True,False,False,False,False,False,False,False
1.3605342901560258,2.141508436939223,1.5095569993671885,False,False,True,True,False,True,True,True,True,True,True,True
-0.14085448197753164,-0.754142993475297,-1.491374899337975,False,False,False,False,False,False,False,True,False,False,False,False
1.2793781403109687,1.3698931050344954,0.7093084930458119,False,True,False,True,False,True,False,False,True,True,False,True
0.4272385669378685,1.0028654255353755,1.4285401051321733,False,False,True,True,False,True,False,False,False,True,False,True
-0.5872133061253461,-0.8477375601081324,-1.4847612753187902,False,False,False,False,True,False,False,False,False,False,False,False
1.2793781403109687,1.3883677258543532,0.6630131249115171,False,True,False,True,False,True,False,True,True,True,False,False
-1.2364625048858033,-0.9463706596918383,0.17691175950142443,True,False,False,False,True,False,False,False,False,True,False,False
1.3199562152334972,1.5975649965547787,0.8796093115398236,False,True,False,False,False,True,False,True,True,True,True,True
-1.155306355040746,-0.8566367871382412,0.3439057659858439,True,False,True,False,False,False,False,False,True,False,False,False
0.7112850913955685,1.3654653033503967,1.448380977189728,False,False,True,False,False,True,False,True,True,False,False,True
0.5083947167829257,-0.5150853261959036,-1.3045400207960005,False,True,False,False,False,False,False,True,True,False,False,False
-0.2220106318225888,-0.7770454159792535,-1.5012953353667524,False,True,False,False,True,False,False,True,False,False,False,False
0.7518631663180971,0.7193770585983066,0.4530305623023957,False,False,False,True,False,False,True,True,True,True,False,True
0.9953316158532686,-0.08303657861650378,-0.8481999634722402,True,False,False,True,True,False,False,False,False,False,False,True
1.6040027396911973,2.5264000059914284,1.6219886076933325,True,True,True,True,True,True,False,True,True,True,True,True
-0.8712598305830461,-0.6999624053802228,-0.001656089016568496,False,False,False,False,False,False,True,False,False,True,False,False
-0.9118379055055746,-0.8943712546923791,-1.2979263967768155,False,True,False,False,True,False,False,False,True,False,False,False
1.441690440001083,1.9423664203095825,1.1689553623791644,True,False,True,True,True,False,True,True,False,True,False,True
0.67070701647304,1.008645560738755,1.006921573909134,False,False,True,True,False,False,False,True,True,False,True,False
1.5634246647686687,0.8044650111582439,-0.22155908765446772,False,True,False,False,False,False,False,True,False,True,False,True
1.1982219904659115,2.0114444889477068,1.4103526390794143,False,True,True,True,True,False,False,True,True,True,False,False
0.06203589263511127,0.23454368010502605,0.654746094887536,False,True,False,False,False,True,False,True,False,True,True,True
0.2243481923252256,0.3301667470167835,0.5075929604606711,False,False,False,False,False,True,True,True,False,True,True,True
-1.277040579808332,-0.9931570370927779,-1.3161138628295743,True,False,False,True,True,False,False,False,False,False,False,False
1.2388000653884401,2.050814843823556,1.484755909295245,False,False,True,True,False,False,False,False,True,True,False,True
-1.277040579808332,-0.9715415126152344,0.32241148792349317,True,False,True,True,True,False,False,False,True,False,False,False
-0.38432293151270314,-0.38321099623502664,-0.2562806137551885,False,False,False,False,True,True,True,True,False,True,True,False
-1.1147282801182177,-0.878557677249171,-0.16699668949619206,False,False,False,False,False,True,False,False,False,True,False,True
-0.8712598305830461,-0.5044847763512152,1.2251711665422365,True,False,True,True,False,False,False,True,True,False,False,True
0.9141754660082114,1.7409777850914585,1.6087613596549624,True,True,True,True,True,False,False,True,True,True,False,True
-0.4249010064352317,-0.7911358587769257,-1.478147651299605,False,False,False,False,True,False,True,True,False,False,True,False
-0.7089475308929317,-0.6269800190009481,-0.32241685394703784,False,False,False,False,True,False,True,False,False,True,True,False
1.2388000653884401,1.312069941169744,0.7192289290745891,False,True,False,True,True,True,False,False,False,True,False,True
-0.7495256058154603,-0.8854720276622702,-1.5029487413715485,False,False,False,True,False,False,True,True,False,False,True,False
0.3866604920153399,0.996518182727136,1.4335003231465617,True,False,True,True,True,False,True,True,True,True,False,False
-1.2364625048858033,-0.9647144095259597,-0.5191721685177897,True,False,False,True,True,False,False,False,False,False,False,False
-0.790103680737989,-0.6908668718715086,-0.380286064114906,False,False,False,False,False,False,False,False,False,True,True,False
1.2793781403109687,-0.44672704797933255,-1.4798010573044011,False,True,False,False,False,False,False,True,False,False,True,False
0.67070701647304,0.7673848985327907,0.5423144865613919,False,True,False,False,True,True,False,False,True,True,False,True
1.1576439155433829,1.8394145781965592,1.2681597226669385,False,False,True,True,False,False,True,True,True,True,False,False
-0.5466352312028174,-0.5476067661515218,-0.32903047796622287,False,False,False,True,True,False,False,False,False,True,False,False
-0.30316678166764593,-0.213187773931845,0.14384363940549977,True,False,True,True,False,False,False,True,False,False,False,False
-0.5872133061253461,-0.6504713609407206,-0.5489334766041218,True,False,False,True,False,False,False,True,False,False,False,False
0.3866604920153399,1.0021892587757348,1.3309891508491956,False,False,True,True,False,True,True,True,True,False,False,False
1.3605342901560258,1.2444968888675947,0.47783165237433917,False,True,False,False,True,True,False,True,True,True,True,True
-0.019120257209945892,0.3995283694573374,1.1722621743887571,True,False,True,True,False,False,False,True,True,False,True,True
-1.1958844299632747,-0.9765800455661047,-1.4731874332852164,False,False,False,False,False,False,False,False,False,False,False,False
-0.8306817556605175,-0.6261511694246145,0.5257804265134296,False,False,True,False,True,True,False,True,False,True,False,False
-1.277040579808332,-0.9712143351508922,0.34721257799543664,True,False,True,True,True,False,False,False,True,False,False,False
-1.074150205195689,-0.8216069866226658,0.1421902334007036,False,False,True,True,False,False,False,False,False,False,False,False
-0.5872133061253461,-0.4019473590263586,0.3455591719906405,True,False,True,True,False,True,False,False,False,False,False,False
1.6040027396911973,1.6390074753714619,0.7093084930458119,False,True,False,True,False,True,False,True,True,True,False,True
-0.5060571562802889,-0.15303074415478593,0.8548082214678802,True,False,True,False,False,False,False,True,True,False,False,False
1.3605342901560258,1.0631315144672155,0.1950992255541829,False,False,False,True,False,False,True,True,True,False,False,True
1.5634246647686687,2.1407013991938455,1.1656485503695722,False,True,True,False,True,True,False,True,False,True,True,True
1.441690440001083,0.28964036510025853,-0.7605694452180397,True,True,False,True,True,True,False,True,False,False,False,True
1.441690440001083,1.8671374153418243,1.044949912019447,False,False,True,True,False,True,True,True,True,False,False,True
-0.019120257209945892,0.5698133337319928,1.4748354732664677,False,False,True,True,False,True,True,False,True,True,False,False
-1.277040579808332,-0.9841923745698008,-0.6365639948583222,True,False,False,True,False,False,False,True,False,False,True,False
1.441690440001083,1.694344090507212,0.796939011300012,False,True,False,True,False,True,False,True,True,True,True,True
-0.5872133061253461,-0.7119152887441924,-0.8564669934962215,True,False,False,True,False,False,False,True,False,False,False,False
0.34608241709281135,0.25094617698405025,0.1206959553383524,True,False,False,True,False,False,True,False,True,True,False,False
0.95475354093074,1.523710136937258,1.3094948727868443,False,False,True,True,True,True,True,True,True,False,True,False
1.1576439155433829,0.6322606057594475,-0.11574110334750869,False,True,False,True,False,False,False,True,False,True,True,True
0.5895508666279828,-0.5890274331372488,-1.4847612753187902,False,False,False,False,True,False,True,True,False,False,True,False
-0.6683694559704032,-0.3370353501008591,1.0317226639810773,True,False,True,True,False,False,False,False,True,False,False,False
-0.059698332132474476,-0.20777843985471997,-0.17361031351537687,False,False,False,False,True,False,False,True,True,False,True,False
-1.1147282801182177,-0.8973594755333715,-0.47618361239308776,False,False,False,False,False,False,False,False,False,False,False,True
-1.1147282801182177,-0.9526742788381655,-1.4814544633091975,False,False,False,False,False,False,False,False,False,False,False,False
-0.9929940553506318,-0.8245079601398337,-0.6448310248823034,True,False,False,True,False,False,False,True,False,False,True,False
-0.5060571562802889,-0.20998143478129103,0.7952856052952159,False,False,True,True,True,False,False,True,False,False,False,False
0.26492626724775414,-0.5106139008498931,-1.152426668354747,False,False,False,False,False,False,False,False,False,False,True,False
-0.5060571562802889,-0.17543149454675094,0.9788136718275976,True,False,True,True,True,False,False,True,True,False,False,False
-0.6277913810478746,-0.843135263776385,-1.5046021473763447,False,True,False,False,True,False,False,False,False,False,False,False
-0.790103680737989,-0.8322075364673543,-1.1276255782828035,False,False,False,True,False,True,False,False,False,False,False,False
0.26492626724775414,-0.6312333260373972,-1.491374899337975,False,True,False,True,False,False,False,True,False,False,True,False
1.0359096907757972,1.1405853261925003,0.6398654408443698,True,True,False,True,False,True,False,True,True,True,False,False
-0.790103680737989,-0.43124064800046674,1.1838360164223307,True,False,True,False,True,False,False,False,True,True,False,False
-0.30316678166764593,0.01594551026250054,1.0168420099379112,False,False,True,True,True,False,False,True,False,True,False,False
1.3605342901560258,1.9232374445610396,1.1425008663024248,True,False,True,False,True,False,False,False,False,False,False,True
-0.30316678166764593,-0.34861743233857423,-0.20998524562089405,False,False,False,True,False,True,False,True,False,False,True,True
-0.38432293151270314,0.07341968483195323,1.2929608127388819,False,False,True,True,True,False,False,False,True,True,False,False
1.3199562152334972,2.156798530439483,1.5161706233863734,False,True,True,True,False,False,False,True,True,True,True,True
1.3199562152334972,1.2084201204661238,0.47783165237433917,False,True,False,True,False,False,False,True,True,True,True,True
0.2243481923252256,0.023121602647073688,-0.08763320126597292,False,False,False,True,True,False,True,False,False,True,False,False
-0.6683694559704032,-0.8547609696760123,-1.4963351173523636,False,False,False,True,True,False,False,False,False,False,False,False
-0.7089475308929317,-0.4171502052027945,0.6828539969690718,False,False,True,True,True,False,False,True,True,False,False,False
-0.6277913810478746,-0.5048555774774697,0.1669913234726471,True,False,True,True,False,False,False,False,False,False,False,False
-0.9524159804281033,-0.7250896346417064,0.307530833880327,False,False,True,True,False,True,False,False,False,False,False,False
-0.4249010064352317,-0.06303512962971497,0.9341717096980995,False,False,True,True,True,False,False,False,False,False,False,True
-0.5872133061253461,-0.8548045933379247,-1.4930283053427713,False,False,False,False,True,False,True,True,False,False,True,False
0.5489727917054542,0.11268098055302148,-0.2662010497839661,False,False,False,False,True,True,True,True,False,True,True,False
0.95475354093074,1.4851686316377428,1.155728114340795,False,True,True,True,False,False,False,False,True,True,False,True
0.95475354093074,1.4691151240540172,1.116046370225685,True,False,True,True,False,False,False,True,False,True,False,False
-0.6277913810478746,-0.8359373595608558,-1.450039749218069,False,False,False,False,True,False,False,False,False,False,False,False
-1.074150205195689,-0.9295319261936913,-1.3177672688343705,False,False,False,False,True,False,True,True,True,False,False,False
-0.6277913810478746,-0.3628387461219834,0.5853030426860943,False,False,True,True,False,False,False,False,True,False,False,False
0.5489727917054542,-0.4955201138282379,-1.322727486848759,False,False,False,False,False,False,True,True,True,False,True,False
1.441690440001083,1.4872407555785772,0.6530926888827399,False,True,True,True,False,True,False,True,True,False,False,True
-0.7495256058154603,-0.6054081181853167,0.20005944356857178,False,False,True,True,False,False,False,False,False,False,False,False
0.5489727917054542,1.0002261939896813,1.26319950465255,True,False,True,True,False,False,True,True,True,True,False,True
-1.2364625048858033,-0.9323674642179907,0.48940549440791264,True,False,True,True,False,False,False,False,False,False,False,False
-0.9118379055055746,-0.6416811930653926,0.710961899050608,True,False,True,False,False,False,False,False,True,False,False,False
-1.277040579808332,-0.9953600320193491,-1.4831078693139936,False,False,False,True,True,False,False,False,False,False,False,False
0.8735973910856829,0.4830458701884319,-0.05291167516525187,False,True,False,False,True,False,False,True,True,False,True,False
0.7924412412406258,0.9422939709701499,0.667973342925906,False,True,False,True,True,True,False,False,True,True,True,True
-1.155306355040746,-0.8551753944641792,0.7324561771129587,False,False,True,True,False,False,False,False,True,True,True,False
1.441690440001083,-0.3502751314912416,-1.349181982925499,False,True,False,True,True,False,False,False,True,False,False,False
-0.5872133061253461,-0.8595813843173213,-1.5112157713955297,False,False,False,False,True,False,False,False,False,False,False,False
1.1576439155433829,1.1355467932416303,0.568768982638132,True,False,True,True,True,False,False,True,True,False,False,True
0.5895508666279828,0.2521894513485507,0.0016507229930237826,False,True,False,True,False,True,False,False,True,True,False,False
1.2388000653884401,0.9922212520287749,0.21659350361653412,True,False,False,False,True,True,True,False,True,True,False,True
0.34608241709281135,-0.6398053756031638,-1.4649204032612353,False,True,False,False,False,False,False,False,False,False,False,False
-1.1958844299632747,-0.9712143351508922,-1.4847612753187902,False,False,False,True,True,False,False,False,False,False,True,False
0.7112850913955685,-0.5534959605096821,-1.5079089593859372,False,False,False,True,False,False,True,False,False,False,False,False
0.9953316158532686,0.36334254190108606,-0.34060431999979657,False,False,False,True,True,False,True,False,False,True,False,True
1.3199562152334972,0.9092926707334962,0.20005944356857178,False,True,False,False,False,True,False,True,False,False,False,True
0.5489727917054542,-0.6304917237848882,-1.4946817113475674,False,True,False,False,True,False,False,True,False,False,True,False
0.10261396755763985,0.5347399095545051,1.1673019563743683,True,False,True,True,False,False,False,False,True,False,False,False
-1.155306355040746,-0.8899870766701931,0.1454970454102959,True,False,True,False,True,False,False,False,False,False,False,False
1.6040027396911973,2.63831651062743,1.660016945803646,True,True,True,False,False,True,False,True,True,True,False,True
-1.1958844299632747,-0.8996715296147233,0.5208202084990412,True,False,True,True,False,False,False,True,False,False,True,False
-0.5872133061253461,-0.3472214751573807,0.6778937789546833,True,False,True,True,False,False,False,False,True,True,False,True
1.2388000653884401,1.9211435087892497,1.493022939319226,False,True,True,True,True,True,False,True,False,True,False,True
-1.2364625048858033,-0.9889691655491973,-1.4798010573044011,False,False,False,False,True,False,True,True,False,False,True,False
1.6040027396911973,0.7135314879020587,-0.35548497404296253,True,True,False,True,False,False,False,True,False,False,False,True
-1.2364625048858033,-0.9586725323511064,-0.33399069598061154,False,False,False,False,False,True,False,False,False,False,False,True
1.52284658984614,0.9777600081048479,0.00826434701220881,False,False,False,False,False,True,True,True,True,False,True,False
-1.155306355040746,-0.9057134067895766,-0.46460977035951406,True,False,False,True,True,False,False,True,True,False,True,False
-0.9524159804281033,-0.6536995119222307,0.6067973207484451,True,False,True,True,False,False,False,False,True,False,False,False
1.6040027396911973,-0.3524999382487688,-1.4533465612276615,False,True,False,False,True,False,False,True,False,False,True,False
1.4822685149236117,0.7201622845127281,-0.2777748918175397,False,True,False,False,True,True,False,True,False,False,False,True
-0.9118379055055746,-0.6122352212745914,1.0052681679043372,True,False,True,True,True,False,False,False,True,False,False,False
1.52284658984614,1.7167012172372649,0.8333139434055293,False,True,False,True,True,True,False,True,True,True,True,True
-0.019120257209945892,0.28473270313512505,0.8630752514918613,False,False,True,True,False,False,False,True,True,False,True,False
-0.30316678166764593,-0.8028924356622901,-1.5178293954147148,False,False,False,False,False,False,False,False,False,False,False,False
-0.30316678166764593,-0.709079750719893,-1.3111536448151857,False,False,False,False,True,False,True,False,True,False,False,False
0.10261396755763985,0.05005921387791774,0.17691175950142443,True,False,True,True,False,False,False,True,False,False,False,False
-1.277040579808332,-0.9951855373716998,-1.469880621275624,False,False,False,False,False,False,False,False,False,False,False,False
1.441690440001083,2.48142401055985,1.7741019601345858,False,True,True,False,False,True,False,True,True,True,False,True
-1.1958844299632747,-0.9814440838693259,-1.5161759894099185,False,True,False,False,False,False,False,True,False,False,True,False
-1.1958844299632747,-0.9784558630283335,-1.4946817113475674,True,False,False,False,False,False,False,False,False,False,False,False
-0.9118379055055746,-0.6552917755820296,0.3240648939282893,True,False,True,True,False,False,False,False,True,False,False,False
-1.2364625048858033,-0.9182988332512745,0.9556659877604503,True,False,True,True,True,False,False,False,True,False,False,False
-1.277040579808332,-0.9645399148783105,0.853154815463084,True,False,True,True,True,False,False,True,False,False,False,False
-1.277040579808332,-0.9742461796537968,0.11738914332876012,True,False,True,True,True,False,False,True,False,False,True,False
1.6040027396911973,1.7613064115425896,0.8184332893623631,False,True,False,False,True,True,False,True,True,True,True,True
1.441690440001083,-0.17026209061014366,-1.2946195847672233,False,True,False,False,False,False,False,True,True,False,False,False
-1.155306355040746,-0.9672663937478291,-1.4814544633091975,False,False,False,False,False,False,False,False,False,False,False,False
0.5489727917054542,1.1352632394392002,1.304534654772456,False,True,True,True,False,False,False,False,False,True,False,True
1.3605342901560258,2.0631821519756923,1.26319950465255,False,False,True,True,True,True,True,True,False,False,True,True
-0.7495256058154603,-0.869178589938027,-1.4946817113475674,False,False,False,False,True,False,True,True,False,False,True,False
-0.6277913810478746,-0.33256392475484853,0.8085128533335859,True,False,True,True,True,True,False,True,False,False,True,False
-0.14085448197753164,-0.13459974699684,0.3058774278755308,True,False,True,True,False,False,False,False,True,False,False,False
1.6040027396911973,1.0547993950419663,-0.004962901026161245,False,True,False,True,True,True,False,True,False,True,True,True
1.6040027396911973,2.478130424085471,1.5045967813528,False,True,True,True,False,False,False,True,True,True,False,True
-0.019120257209945892,-0.718589709016774,-1.4682272152708278,False,False,False,False,False,False,True,False,False,False,False,False
1.2793781403109687,1.6879750358680163,1.1309270242688514,False,False,True,True,True,False,False,False,False,True,True,True
-0.4249010064352317,-0.43490503560109983,-0.2711612677983547,False,True,False,False,True,False,False,False,False,True,False,False
1.52284658984614,-0.15745854583888422,-1.3161138628295743,False,True,False,False,True,False,False,True,True,False,False,False
1.4822685149236117,2.315675907124073,1.5079035933623923,False,False,True,True,True,True,True,True,True,True,False,False
-0.6277913810478746,-0.3008277107136517,0.859768439482269,False,False,True,True,True,False,False,False,False,False,False,True
0.8330193161631543,-0.5381622433475093,-1.4798010573044011,False,False,False,False,True,False,True,True,False,False,True,False
0.5083947167829257,-0.0024200514025768997,-0.3852462821292949,False,True,False,False,True,True,False,True,False,False,False,False
0.7112850913955685,1.1938280055564603,1.1656485503695722,False,True,True,True,False,False,False,False,False,True,False,True
-1.277040579808332,-0.9731119644440771,0.20336625557816407,False,False,True,False,False,False,False,False,False,False,False,False
0.9141754660082114,-0.506796830432567,-1.4963351173523636,True,False,False,False,False,False,True,True,False,False,False,False
-0.019120257209945892,0.13844075291223354,0.47287143435995027,True,False,True,True,True,False,True,True,True,True,False,False
-0.9929940553506318,-0.9279396625338924,-1.478147651299605,False,True,False,False,False,False,False,False,False,False,False,False
-0.9524159804281033,-0.7148816977542287,0.0016507229930237826,False,False,False,False,False,True,False,True,False,True,True,True
-0.5872133061253461,-0.243789772763322,1.1391940542928325,True,False,True,True,True,True,False,True,True,False,False,False
-0.8712598305830461,-0.9116680366406053,-1.4864146813235863,False,False,False,False,False,False,True,False,False,False,False,False
-0.8712598305830461,-0.680964300617417,0.046292685122521895,True,False,False,True,False,False,False,True,True,True,True,False
1.2388000653884401,1.847332272833641,1.3161084968060293,False,True,True,True,True,False,False,False,True,False,False,True
-0.4249010064352317,-0.5440732495366257,-0.5340528225609559,False,False,False,True,False,True,False,False,False,False,False,False
-0.059698332132474476,-0.09036535381776974,0.2843831498131796,False,False,True,True,False,True,False,False,False,False,False,False
1.2793781403109687,1.6488009874707727,0.9688932357988204,True,False,True,True,True,False,False,True,True,False,False,True
1.3605342901560258,-0.4505004947347464,-1.4880680873283825,False,True,False,False,True,False,False,False,False,False,True,False
0.9141754660082114,-0.5298301239222604,-1.4864146813235863,False,False,False,False,False,False,False,True,False,False,True,False
-1.277040579808332,-0.9634275114995468,0.9374785217076917,True,False,True,True,True,False,False,False,True,False,True,False
1.2793781403109687,-0.3285505478589171,-1.3409149529015179,False,True,False,True,True,False,False,True,True,False,True,False
-0.5060571562802889,-0.3624461331647727,0.18187197751581333,True,False,True,True,True,False,False,True,False,False,True,False
-0.9929940553506318,-0.9338288568920525,-1.5012953353667524,False,False,False,True,True,False,False,True,False,False,False,False
-1.277040579808332,-0.9954690911741298,-1.491374899337975,True,False,False,True,True,False,False,False,False,False,False,False
-0.38432293151270314,-0.167819165543055,0.5307406445278184,True,False,True,True,True,False,False,False,True,False,False,False
-0.8306817556605175,-0.9080036490399722,-1.4963351173523636,False,False,False,False,False,False,False,False,False,False,False,False
-0.019120257209945892,0.14461350107282375,0.6200245687868151,False,False,False,False,True,False,True,False,True,True,True,True
0.06203589263511127,-0.011733703220852494,-0.07605935923239923,True,False,False,False,False,True,False,True,True,True,False,True
-1.277040579808332,-0.9734391419084193,0.17856516550622056,True,False,True,True,True,False,False,False,False,False,False,False
0.8330193161631543,0.7424975994118246,0.29265017983716074,False,False,True,True,False,False,False,False,False,False,False,True
-0.26258870674511736,-0.40960331169196695,-0.3439111320093891,False,False,False,False,True,True,True,False,False,True,False,False
-1.1958844299632747,-0.9743116151466652,-1.49798852335716,False,False,False,True,True,False,False,False,False,False,False,False
-0.38432293151270314,-0.8010820536929296,-1.4930283053427713,False,False,False,False,True,False,True,False,False,False,True,False
1.3605342901560258,1.981693151523519,1.3458698048923616,False,True,True,True,True,True,False,False,False,True,False,False
1.6040027396911973,2.693631313932223,1.6815112238659968,False,True,True,True,False,True,False,True,True,True,True,True
0.2243481923252256,0.15464694331265233,0.10581530129518667,False,False,False,False,False,False,False,False,True,True,False,True
0.6301289415505114,1.2131750996145645,1.3607504589355275,False,False,True,True,True,False,True,False,True,False,False,True
-0.5060571562802889,-0.2072549559117724,1.053216942043428,False,False,True,False,True,False,False,True,True,True,True,True
1.2793781403109687,1.2334601024037832,0.5406610805565958,False,True,False,True,False,True,False,True,True,True,False,True
-1.277040579808332,-0.9672663937478291,0.6464790648635548,True,False,True,False,True,False,False,False,True,False,False,False
1.1982219904659115,0.4901347152491804,-0.3372975079902041,False,False,False,False,False,True,True,True,False,False,True,False
1.6040027396911973,2.289588957300519,1.2466654446045877,False,True,True,True,True,True,False,True,True,False,False,True
-1.0335721302731604,-0.721948730984021,0.6481324708683509,True,False,True,True,False,False,False,True,True,False,False,False
-0.5060571562802889,-0.027111044044937558,1.3524834289115462,False,False,True,True,False,False,False,True,True,False,True,True
-1.277040579808332,-0.9956217739908229,-1.5029487413715485,False,False,False,False,False,False,False,False,False,False,False,False
0.34608241709281135,-0.6541139367103975,-1.4814544633091975,False,True,False,False,True,False,False,False,False,False,False,False
-0.34374485659017456,-0.1985520353602689,0.45137715629759906,False,True,False,False,False,True,False,True,True,False,True,False
-1.277040579808332,-0.9936368973738131,-1.3524887949350914,False,False,False,True,True,False,False,False,True,False,False,False
-0.4654790813577603,-0.24193576713204934,0.5092463664654673,True,False,True,False,True,True,False,False,True,False,True,False
-0.38432293151270314,0.010579799847288,0.997001137880356,True,False,True,True,False,True,False,True,False,False,False,False
0.2243481923252256,0.5734122858397573,0.9903875138611715,False,True,True,True,True,False,False,True,True,True,True,False
1.6040027396911973,-0.1931208894521879,-1.329341110867944,False,True,False,False,True,False,False,True,True,False,True,False
1.1170658406208545,0.7580494348835589,-0.006616307030957384,True,False,False,False,False,True,True,False,True,True,False,False
-0.7089475308929317,-0.5108102073284985,0.36540004404819515,False,False,True,True,True,False,False,False,True,False,False,False
-1.2364625048858033,-0.9361627228043605,0.5175133964894484,False,False,True,False,False,False,False,False,True,False,False,False
-1.155306355040746,-0.884861296395498,0.3439057659858439,True,False,True,False,True,True,False,False,False,False,False,False
-0.059698332132474476,0.2783200248340173,0.9540125817556541,True,False,True,True,True,False,True,True,False,False,False,False
-0.6683694559704032,-0.38375629200893036,0.7770981392424573,True,False,True,True,False,False,False,False,True,False,False,False
-0.7495256058154603,-0.7020999648139254,-0.8349727154338702,False,True,False,False,False,True,False,False,False,True,False,False
-0.5466352312028174,-0.8349994508297414,-1.4814544633091975,False,True,False,False,False,False,False,True,False,False,True,False
-0.7089475308929317,-0.8349122035059168,-1.314460456824778,False,True,False,False,False,False,False,True,True,False,False,False
-1.2364625048858033,-0.9556843115101139,-0.663018490935062,False,False,False,False,True,False,False,False,False,False,False,False
0.5083947167829257,-0.30763300197197024,-1.0168473759614558,True,False,False,False,False,False,True,False,False,False,False,False
1.3605342901560258,2.4605282765038585,1.6815112238659968,False,False,True,False,True,True,True,True,True,True,False,True
-0.14085448197753164,-0.42668197533063157,-0.529092604546567,False,False,False,False,True,False,False,False,False,False,False,False
-0.14085448197753164,-0.734817711248149,-1.4748408392900125,False,False,False,False,False,False,True,False,False,False,False,False
-1.277040579808332,-0.9954690911741298,-1.491374899337975,False,False,False,False,False,False,False,False,False,False,False,False
-1.277040579808332,-0.964627162202135,0.8465411914438989,True,False,True,True,True,False,False,False,False,False,False,False
0.6301289415505114,-0.5521872506523131,-1.4847612753187902,False,True,False,True,True,False,False,True,False,False,False,False
0.021457817712582688,0.46208470063957285,1.2830403767101046,True,False,True,True,False,True,True,True,False,True,False,False
1.52284658984614,2.3598012411483626,1.653403321784461,False,True,True,True,True,True,False,False,True,True,False,True
1.5634246647686687,1.7828346886963085,0.8052060413239931,False,True,False,False,False,True,False,True,True,True,False,True
0.7924412412406258,1.336193826207245,1.2598926926429572,True,False,True,True,True,False,False,False,True,False,False,True
-1.155306355040746,-0.9527397143310338,-1.4963351173523636,False,False,False,False,True,False,True,False,False,False,False,False
0.7924412412406258,1.363262308423826,1.3243755268300106,False,False,True,True,True,False,True,False,False,True,False,True
1.52284658984614,2.3712742642312974,1.5277444654199475,False,True,True,True,False,True,False,False,True,False,False,True
1.1170658406208545,0.9781089974001463,0.39681475813932365,False,True,False,False,True,False,False,True,False,True,True,True
1.2388000653884401,-0.4247407223755343,-1.469880621275624,False,False,False,False,True,False,True,False,False,False,False,False
-0.14085448197753164,-0.02525703841366489,0.3439057659858439,False,False,False,True,True,False,True,False,False,True,False,False
0.9953316158532686,-0.4947785115757289,-1.5029487413715485,False,True,False,False,False,False,False,True,False,False,True,False
0.8735973910856829,0.7055483577721082,0.29926380385634577,False,False,True,False,True,False,False,True,True,False,False,False
1.3199562152334972,1.5127824096282276,0.8200866953671593,True,False,True,False,True,True,True,True,True,False,False,True
-0.8306817556605175,-0.7742535016168663,-0.7043536410549679,True,False,False,True,True,False,False,False,False,True,False,False
-0.4249010064352317,-0.3060407383121713,0.4596441863215802,False,False,True,True,True,False,False,False,True,False,False,True
1.1170658406208545,0.5620483219116037,-0.1686500955009882,False,True,False,False,False,True,False,True,False,True,True,False
0.46781664186039706,1.1161342636906577,1.4831025032904488,False,False,True,True,False,True,True,False,True,False,False,True
1.3605342901560258,1.9936460348874885,1.1606883323551833,False,False,True,True,True,False,False,True,True,True,False,False
1.3605342901560258,0.6136114902919401,-0.2711612677983547,False,True,False,True,True,False,False,True,False,False,True,True
-0.8712598305830461,-0.6382567356052772,0.3786272920865652,True,False,True,False,False,True,False,False,False,False,False,False
-1.277040579808332,-0.9641254900901437,0.8845695295542125,True,False,True,False,False,False,False,False,False,True,False,True
-0.4249010064352317,-0.1867518348129923,0.6663199369211094,True,False,True,True,True,False,False,True,True,False,False,False
-1.1958844299632747,-0.8762456231678192,1.006921573909134,True,False,True,False,False,False,False,False,False,False,False,True
-1.277040579808332,-0.9885329289300744,-0.9655917898127727,True,False,False,True,False,False,False,False,False,False,False,False
0.021457817712582688,0.3506262444536513,0.9771602658228015,True,False,True,True,True,False,False,True,True,False,False,False
-0.7089475308929317,-0.8784704299253464,-1.4864146813235863,True,False,False,True,True,False,False,True,False,False,True,False
-0.8712598305830461,-0.6268491480152113,0.43484309624963674,False,False,True,True,False,False,False,True,True,False,True,False
0.5489727917054542,0.6403527950441786,0.4976725244318938,False,False,True,True,True,False,False,True,True,False,True,True
-0.8712598305830461,-0.6470905271425175,0.26288887175082887,True,False,True,False,True,False,False,False,False,False,False,False
-1.0335721302731604,-0.9425754011054684,-1.4616135912516428,False,False,False,False,True,False,False,False,False,False,False,False
-1.1147282801182177,-0.8022380807336056,0.9887341078563749,False,False,True,True,True,False,False,False,True,False,False,False
-1.2364625048858033,-0.9855010844271698,-1.4847612753187902,False,False,False,False,True,False,False,False,False,False,False,False
1.2388000653884401,1.0837655065517322,0.4877520884031165,False,False,False,True,False,True,True,True,True,False,False,True
-0.7495256058154603,-0.5951129339740144,0.016531377036189978,True,False,False,True,True,True,False,True,False,False,True,True
1.4822685149236117,-0.4506095538895271,-1.5161759894099185,False,True,False,True,True,False,False,False,False,False,False,False
-0.4249010064352317,-0.19462590578816208,0.6398654408443698,False,False,True,True,False,False,False,False,False,False,False,True
1.6040027396911973,-0.4094288170443177,-1.506255553381141,False,True,False,False,True,False,False,True,False,False,True,False
0.021457817712582688,0.18082114046003114,0.6249847868012036,False,False,True,True,True,False,False,False,True,False,False,True
-0.019120257209945892,-0.7453528255999688,-1.5095623653907335,False,False,False,False,False,False,True,True,False,False,False,False
-0.5872133061253461,-0.7423864165899327,-1.0399950600286032,False,False,False,True,True,False,False,False,False,False,False,True
1.6040027396911973,2.41849687825136,1.6153749836741476,False,True,True,False,True,True,False,False,True,True,False,True
1.6040027396911973,2.301105604045366,1.405392421065026,False,True,True,False,False,True,False,True,True,True,True,False
-0.5060571562802889,-0.8229156964800348,-1.506255553381141,False,False,False,False,True,False,False,False,False,False,False,False
0.9141754660082114,-0.47615120793917765,-1.4533465612276615,False,True,False,False,False,False,False,True,False,False,True,False
0.6301289415505114,-0.565928704154687,-1.4880680873283825,False,False,False,False,True,False,True,False,False,False,False,False
0.26492626724775414,0.7565226067166285,1.150767896326406,True,False,True,True,False,False,False,False,True,False,False,False
-0.4249010064352317,-0.09546932226150873,1.0499101300338358,True,False,True,True,True,False,False,False,True,False,False,False
-1.2364625048858033,-0.9543319779908327,-0.1967579975825242,True,False,False,True,False,False,False,False,False,False,False,True
-1.155306355040746,-0.9054516648181028,-0.039684427126882055,False,False,False,True,True,False,False,False,False,True,False,True
-0.30316678166764593,-0.798355574823411,-1.4847612753187902,False,False,False,False,False,False,False,False,False,False,True,False
-0.38432293151270314,-0.05758217189067771,0.8300071313959366,False,False,True,True,False,True,False,False,True,False,False,False
0.95475354093074,0.25437063444416563,-0.4282348382539969,False,False,False,True,True,True,True,True,False,True,True,True
0.9953316158532686,-0.5174628157701239,-1.4897214933331788,False,True,False,False,False,False,False,True,False,False,False,False
0.7924412412406258,0.6821224513252041,0.3455591719906405,False,False,False,True,True,True,True,True,False,False,False,True
-0.18143255690006022,0.13135190785148512,0.9060638076165632,False,False,True,True,False,True,False,True,False,False,False,False
1.441690440001083,1.2788068989616168,0.3902011341201386,False,False,False,False,True,True,True,False,True,False,False,True
0.7518631663180971,0.8573587012269053,0.7076550870410152,False,False,True,False,True,True,True,False,False,False,False,False
1.6040027396911973,0.9879461331613696,0.021491595050578394,False,True,False,True,True,True,False,False,False,True,False,True
-1.1147282801182177,-0.8593414541768036,0.1752583534966283,False,False,True,True,True,False,False,False,False,False,False,False
1.4011123650785544,2.2727284119714155,1.5310512774295397,True,False,True,True,False,True,True,True,True,True,False,False
-0.7495256058154603,-0.5259039943501536,0.3091842398851231,True,False,True,True,False,False,False,False,True,False,False,False
0.5489727917054542,1.1648837058776507,1.496329751328819,True,False,True,True,False,True,False,True,True,True,True,True
1.52284658984614,2.0797591435023657,1.2169041365182554,True,False,True,True,False,False,True,True,True,False,False,False
-0.9524159804281033,-0.8214324919750167,-0.6464844308870997,True,False,False,True,True,False,False,False,False,False,False,False
0.3866604920153399,-0.09765050535712362,-0.5092517324890125,True,False,False,True,False,False,False,False,False,False,False,True
0.8735973910856829,1.339814590145966,1.2086371064942742,False,False,True,True,False,False,True,True,True,False,False,True
1.1576439155433829,-0.4579601409217493,-1.4682272152708278,False,False,False,True,True,False,True,True,False,False,False,False
-0.18143255690006022,0.11619268533696155,0.9011035896021748,False,False,True,False,True,False,True,True,True,False,True,False
0.30550434217028277,0.7784653086585145,1.2202109485278476,True,False,True,False,True,True,False,True,True,False,False,False
0.5895508666279828,0.20365812747111914,-0.16368987748659955,False,True,False,True,False,True,False,True,False,False,True,True
-0.34374485659017456,-0.2310080398230187,0.4596441863215802,True,False,True,True,True,True,False,True,True,False,False,False
0.5083947167829257,-0.5293938873031374,-1.3392615468967215,False,True,False,False,True,False,False,True,True,False,True,False
-1.1147282801182177,-0.8236791105635,0.3505193900050289,True,False,True,False,False,False,False,False,True,False,False,False
-1.074150205195689,-0.8699420040214921,-0.4629563643547177,False,False,False,False,False,True,False,False,False,True,False,True
-1.277040579808332,-0.9735263892322438,0.171951541487036,False,False,True,True,False,False,False,False,False,False,False,False
1.6040027396911973,-0.1936661852260916,-1.3177672688343705,False,True,False,False,False,False,False,True,True,False,True,False
-1.0335721302731604,-0.6922192053907898,1.1722621743887571,True,False,True,True,False,False,False,False,False,True,False,False
-1.277040579808332,-0.9955127148360421,-1.4946817113475674,False,False,False,True,True,False,False,False,False,False,False,False
0.9953316158532686,1.437924205786724,1.0780180321153716,False,False,True,True,True,False,True,True,False,False,True,True
-0.059698332132474476,0.05350548316898912,0.3488659840002328,False,False,False,True,True,True,True,True,False,True,False,True
1.6040027396911973,2.4916755711092398,1.703005501928348,False,True,True,True,False,True,False,False,True,True,False,True
0.7518631663180971,-0.5688733013337671,-1.506255553381141,False,False,False,False,True,False,True,True,False,False,True,False
-0.8306817556605175,-0.6866353766660157,-0.17030350150578458,True,False,False,True,True,False,True,False,False,True,False,False
-1.0335721302731604,-0.7772853461197711,0.2860365558179757,True,False,True,False,True,False,False,False,True,False,False,False
0.7518631663180971,-0.5300482422318219,-1.5012953353667524,False,True,False,False,True,False,False,True,False,False,True,False
0.7112850913955685,0.686811994980776,0.3554796080194178,False,False,False,False,False,False,True,True,True,False,False,False
1.52284658984614,1.4851250079758305,0.649785876873147,False,True,True,False,True,True,False,True,False,True,False,True
-1.277040579808332,-0.9844977402031868,-0.6597116789254696,True,False,False,True,False,False,False,True,False,False,False,False
-0.9524159804281033,-0.7188514509882478,0.13557660938151858,False,False,False,True,True,False,False,True,True,False,False,True
1.6040027396911973,2.622044884734142,1.6732441938420157,False,True,True,True,False,True,False,True,True,True,False,True
-0.5060571562802889,-0.36569609597723896,0.28768996182277234,True,False,True,True,True,False,False,True,False,False,False,True
-0.9118379055055746,-0.7294956244948485,-0.13227516339547102,False,False,False,True,False,False,False,False,False,True,False,False
-0.6277913810478746,-0.8599085617816636,-1.4649204032612353,False,False,False,False,False,False,True,False,False,False,False,False
-1.1958844299632747,-0.9763837390874994,-1.4864146813235863,False,False,False,False,False,False,False,False,False,False,False,False
-1.1958844299632747,-0.9362281582972289,-0.04464464514127071,True,False,False,True,False,False,False,False,True,True,False,False
0.7518631663180971,1.1392329926732194,1.0862850621393527,True,False,True,True,True,False,False,False,True,False,False,False
1.6040027396911973,1.7125351575246404,0.6778937789546833,False,True,False,True,True,False,False,True,True,True,False,True
-0.34374485659017456,-0.6417030048963487,-0.9655917898127727,False,True,False,False,True,True,False,False,False,True,True,False
0.5083947167829257,-0.0014167071785939653,-0.46460977035951406,False,False,False,True,True,True,False,False,False,False,False,False
0.3866604920153399,-0.0002824919688742555,-0.34556453801418524,False,False,False,False,True,True,False,True,False,False,True,True
-1.277040579808332,-0.9795900782380532,-0.2876953278463171,True,False,False,True,False,False,False,False,False,False,False,False
1.0764877656983258,0.9674430120625895,0.38028069809136134,False,True,False,True,False,True,False,True,True,True,True,False
1.1982219904659115,1.880987927998979,1.3012278427628632,True,False,True,True,False,True,True,True,False,True,False,False
-0.9929940553506318,-0.8534086361567311,-0.7109672650741528,False,False,False,True,True,False,True,True,False,False,True,False
1.5634246647686687,0.638324294765257,-0.4183144022252196,False,False,False,True,True,False,False,True,False,False,False,True
0.67070701647304,1.3037596335754513,1.463261631232894,False,False,True,True,True,True,True,False,True,False,True,True
-0.8306817556605175,-0.8101121517087754,-1.051568902062177,False,False,False,False,False,True,True,True,False,True,True,False
-1.277040579808332,-0.9936587092047694,-1.3541422009398876,False,False,False,False,False,False,False,False,True,False,True,False
-0.38432293151270314,-0.4445022412218054,-0.23809314770243006,False,False,False,True,False,True,True,True,False,True,True,True
-1.277040579808332,-0.9931352252618219,-1.314460456824778,False,False,False,False,False,False,False,False,False,False,False,False
-0.9929940553506318,-0.8598213144578389,-0.8746544595489799,True,False,False,True,False,True,False,False,False,False,True,False
1.6040027396911973,1.569602229268996,0.6448256588587586,False,True,False,False,True,True,False,True,True,False,False,True
0.5489727917054542,-0.33326190334544536,-1.0333814360094182,False,False,False,False,True,False,True,False,False,True,False,False
1.6040027396911973,2.6624403956649303,1.6567101337940533,False,True,True,False,False,True,False,False,True,True,False,True
1.6040027396911973,2.6205180565672115,1.7410338400386611,False,True,True,True,False,True,False,True,True,True,True,True
-1.2364625048858033,-0.9434696861746704,0.17856516550622056,True,False,True,True,False,False,False,False,False,False,False,False
-1.2364625048858033,-0.9409613256147132,0.3240648939282893,True,False,True,True,True,False,False,False,False,False,False,True
-1.277040579808332,-0.9953164083574368,-1.4798010573044011,False,False,False,False,True,False,False,False,False,False,False,False
-0.7089475308929317,-0.5354793881399029,0.3124910518947158,True,False,True,True,True,False,False,False,False,False,False,True
-0.14085448197753164,0.15152785148592296,0.9821204838371904,False,False,True,False,True,True,False,True,False,False,True,False
1.1982219904659115,0.3083112923987222,-0.5373596345705483,False,True,False,False,False,True,False,True,False,True,True,True
-1.1147282801182177,-0.9604174788275983,-1.3442217649111103,False,False,False,False,True,False,False,False,False,False,False,False
-1.2364625048858033,-0.9879003858323462,-1.512869177400326,True,False,False,False,True,False,False,False,False,False,False,False
1.3199562152334972,1.9297809938478845,1.3524834289115462,False,True,True,True,False,False,False,True,False,True,False,True
-1.155306355040746,-0.9741153086680597,-1.5012953353667524,False,True,False,False,True,False,False,True,False,False,True,False
-1.1958844299632747,-0.9763183035946309,-1.491374899337975,False,False,False,False,False,False,False,False,False,False,False,False
0.26492626724775414,-0.1729231339867938,-0.4728768003834952,False,False,False,True,False,False,False,False,False,False,False,False
-0.790103680737989,-0.7376968729343606,-0.47618361239308776,False,False,False,True,True,False,False,False,False,True,False,False
-1.1958844299632747,-0.9307752005581917,-0.29100213985590956,False,False,False,True,True,False,False,True,False,False,True,True
1.3605342901560258,1.8816422829276633,1.2400518205854028,False,False,True,True,False,False,True,True,True,False,True,True
-1.277040579808332,-0.9953164083574368,-1.4798010573044011,False,False,False,False,True,False,False,False,False,False,False,False
1.1170658406208545,0.5493756481260812,-0.17030350150578458,False,False,False,True,True,True,True,True,False,False,False,False
0.5895508666279828,1.067624751644182,1.137540648288036,True,False,True,True,True,False,False,True,True,False,True,True
-1.1958844299632747,-0.901394664260259,0.17691175950142443,True,False,True,True,False,False,False,False,False,False,False,False
-0.10027640705500306,-0.3377769523533682,-0.48114383040747644,False,False,False,True,True,False,False,True,False,False,False,True
-0.5872133061253461,-0.37435539286683006,0.661359718906721,True,False,True,True,False,False,False,False,False,False,False,False
1.5634246647686687,2.3213906068345844,1.3838981430026749,True,True,True,True,True,False,False,False,True,True,False,True
-0.9524159804281033,-0.924231651271347,-1.491374899337975,False,False,False,False,True,False,True,True,False,False,False,False
1.1170658406208545,0.05352729499994535,-0.8382795274434627,False,True,False,False,True,True,False,False,False,False,False,True
-0.2220106318225888,-0.7503041112270148,-1.4665738092660314,False,True,False,False,True,False,False,False,False,False,True,False
-1.2364625048858033,-0.9854138371033451,-1.4731874332852164,False,False,False,False,True,False,False,False,False,False,True,False
-0.34374485659017456,-0.25689868316796755,0.3124910518947158,False,False,False,False,True,True,True,True,False,True,False,False
-0.790103680737989,-0.5939132832714262,0.3091842398851231,True,False,True,True,False,False,False,False,False,False,False,False
0.5083947167829257,0.46642525499984644,0.2943035858419569,False,True,False,False,True,True,False,True,True,True,True,True
1.6040027396911973,-0.20579356323771045,-1.3326479228775365,False,True,False,False,False,False,False,True,True,False,False,False
1.1170658406208545,1.6001824162695166,1.2830403767101046,False,False,True,True,True,False,False,True,True,True,True,True
-0.6683694559704032,-0.8600612445983566,-1.4665738092660314,False,False,False,True,True,False,False,False,False,False,False,False
-1.2364625048858033,-0.9846067993579676,-1.187148194455468,False,False,False,False,False,False,False,True,False,True,True,False
-1.277040579808332,-0.9800481266881325,-0.32241685394703784,False,False,False,False,False,False,False,True,False,False,False,False
1.52284658984614,1.5773236174274725,0.6563995008923321,False,True,False,True,False,False,False,True,True,True,False,True
0.9953316158532686,1.4499425246435622,0.9523591757508579,True,True,True,False,True,True,False,False,True,True,False,False
0.8330193161631543,1.1959001294972944,1.0846316561345566,False,False,True,False,True,False,True,True,True,True,False,True
0.8735973910856829,0.5517967613622137,0.023145001055375005,False,True,False,True,True,True,False,True,True,True,True,True
0.9141754660082114,1.2974996380910369,0.9854272958467827,True,False,True,True,False,True,True,True,False,False,False,False
1.2793781403109687,1.452996180977423,0.7142687110602003,False,True,False,False,True,False,False,False,True,True,False,True
-0.2220106318225888,0.003665449434188599,0.6249847868012036,True,False,False,False,False,False,False,True,True,True,False,True
0.183770117402697,-0.11824087377972822,-0.32737707196142674,False,False,False,True,True,True,False,True,True,False,False,False
1.0359096907757972,-0.5105266535260685,-1.4764942452948089,False,True,False,False,True,False,False,False,False,False,False,False
-1.0335721302731604,-0.7887801810336615,-2.683011772356742e-06,True,False,False,True,False,False,False,False,False,False,False,True
0.7518631663180971,0.7261169143637568,0.3786272920865652,False,False,False,True,True,True,True,True,False,True,True,False
1.4822685149236117,1.3605576413852634,0.47121802835515414,False,True,True,True,True,False,False,True,True,False,True,False
0.8735973910856829,-0.5523181216380499,-1.469880621275624,False,True,False,True,False,False,False,False,False,False,False,False
0.6301289415505114,-0.5958545362265234,-1.4864146813235863,False,True,False,False,False,False,False,True,False,False,True,False
-0.9524159804281033,-0.7155360526829132,0.3521727960098251,True,False,True,False,True,True,False,False,False,False,False,False
-0.7089475308929317,-0.3473959698050299,0.9606262057748391,False,False,True,True,False,False,False,False,False,False,False,False
1.6040027396911973,2.5421699597727248,1.4797956912808565,False,True,True,False,False,True,False,True,True,False,True,True
-1.277040579808332,-0.9737445075418053,0.15541748143907366,True,False,True,True,False,False,False,False,False,False,False,False
-1.277040579808332,-0.9952073492026561,-1.47153402728042,False,False,False,False,True,False,False,False,False,False,False,False
1.441690440001083,-0.25022426289538596,-1.3128070508199818,False,True,False,False,True,False,False,True,True,False,False,False
0.14319204248016842,0.15602108866288955,0.3290251119426782,False,False,True,True,False,False,False,False,True,False,False,False
-0.2220106318225888,-0.37623121032905893,-0.29100213985590956,False,False,False,True,False,False,False,False,False,True,False,True
-1.2364625048858033,-0.9834071486553794,-1.3392615468967215,False,False,False,True,True,False,False,False,False,False,False,False
0.6301289415505114,1.0431082536494705,1.0614839720674092,True,False,True,True,False,False,True,True,False,False,False,True
-0.9524159804281033,-0.7173028109903612,0.16864472947744327,False,False,True,False,True,False,False,False,False,False,False,False
0.6301289415505114,0.6416396930705915,0.33729214196665935,True,False,True,False,False,False,True,False,False,False,False,True
-0.790103680737989,-0.4801427730041528,0.8448877854391028,True,False,True,True,True,False,False,False,False,False,False,False
-1.2364625048858033,-0.9670046517763553,-0.6944332050261903,True,False,False,False,False,False,False,False,False,False,False,False
-1.2364625048858033,-0.9809424117573344,-1.527749831443492,False,False,False,False,False,False,False,False,False,False,False,False
-0.5872133061253461,-0.8172228086004799,-1.3177672688343705,False,True,False,False,False,False,False,True,True,False,True,False
0.14319204248016842,0.24130534770143225,0.47121802835515414,False,False,False,True,True,True,False,False,False,True,False,False
0.8330193161631543,0.6683809978228302,0.3025706158659381,False,False,False,False,False,True,True,True,True,False,False,True
-1.277040579808332,-0.9825128635861772,-0.5092517324890125,False,False,False,False,False,True,False,False,False,False,False,False
-0.26258870674511736,-0.1008568445076775,0.6216779747916114,True,False,True,True,True,False,False,True,True,False,True,False
-0.2220106318225888,-0.7445457878545914,-1.4764942452948089,False,False,False,False,True,False,True,False,False,False,False,False
-0.5466352312028174,-0.5872606748298008,-0.529092604546567,False,False,False,True,True,True,True,True,False,False,True,False
0.8330193161631543,1.3130950972246833,1.1127395582160924,False,False,True,False,False,True,True,False,True,False,False,True
1.3605342901560258,2.4256729706359326,1.696391877909163,True,False,True,True,True,True,True,True,True,True,True,True
-0.14085448197753164,-0.6305571592777566,-1.1358926083067846,True,False,False,True,False,False,False,False,False,False,False,True
-0.8306817556605175,-0.8878277054055344,-1.4731874332852164,False,False,False,False,False,False,False,False,False,False,False,False
1.5634246647686687,0.458747490503282,-0.6150697167959712,False,True,False,False,True,True,False,True,False,True,False,True
1.3605342901560258,-0.4121116722519241,-1.4682272152708278,False,True,False,False,True,False,False,False,False,False,True,False
-0.8712598305830461,-0.6400016820817691,0.17360494749183214,True,False,True,True,True,False,False,True,False,False,False,False
-0.30316678166764593,-0.63574837504532,-0.9887394738799201,False,True,False,False,False,True,False,False,False,True,True,False
-1.277040579808332,-0.9823601807694842,-0.49767789045543875,False,False,False,False,False,True,False,False,False,False,True,False
-1.277040579808332,-0.9825128635861772,-0.5092517324890125,True,False,False,True,False,True,False,True,False,False,False,False
-1.277040579808332,-0.9737226957108492,0.15707088744386982,False,False,True,False,False,False,False,False,False,False,False,False
0.8330193161631543,1.3621280932141062,1.1425008663024248,False,True,True,False,False,True,False,False,False,True,False,True
1.4011123650785544,2.1945329979936212,1.4864093153000415,False,False,True,False,True,True,True,True,True,False,False,True
0.9953316158532686,1.1505533329394606,0.7258425530937742,True,False,True,True,True,False,True,False,True,False,False,False
-1.277040579808332,-0.9844759283722305,-0.6580582729206734,False,False,False,True,True,False,False,False,False,False,False,False
0.06203589263511127,0.01635993505066749,0.08928124124722434,False,True,False,False,False,True,False,False,False,True,True,False
-1.0335721302731604,-0.73350900139078,0.7225357410841814,True,False,True,True,True,False,False,False,True,False,False,False
-0.8306817556605175,-0.5770309261113669,0.667973342925906,False,False,True,True,False,True,True,False,False,False,False,False
-0.9524159804281033,-0.7276198070326197,0.3389455479714555,False,False,True,True,False,False,False,False,True,False,False,False
-0.2220106318225888,0.18444190439875177,0.9788136718275976,False,False,True,True,False,False,False,False,True,False,False,False
-0.9929940553506318,-0.7535104503775686,0.03637224909374459,False,False,False,False,False,True,False,False,False,True,False,False
0.183770117402697,0.45314184994755174,0.7886719812760308,True,False,True,True,False,False,False,True,True,False,True,True
-1.0335721302731604,-0.7759984480933583,0.4497237502928029,False,False,True,True,False,False,False,False,True,False,False,True
-0.8306817556605175,-0.538707539121413,0.7142687110602003,True,False,True,True,False,False,False,False,True,False,False,False
0.34608241709281135,-0.6521072482624318,-1.4946817113475674,False,False,False,True,False,False,True,False,False,False,False,False
-0.8712598305830461,-0.8197747928223494,-0.8118250313667231,False,False,False,True,False,False,True,False,False,True,False,True
-0.9524159804281033,-0.5807825610358245,1.2615460986477534,True,False,True,False,True,False,False,True,False,True,True,False
0.9141754660082114,0.5061664110019499,0.03637224909374459,False,False,False,True,False,True,True,True,True,True,False,True
1.3199562152334972,-0.4402489341853563,-1.4897214933331788,False,True,False,False,True,False,False,True,False,False,True,False
0.34608241709281135,-0.5843597013126329,-1.3260342988583516,False,False,False,True,False,False,True,False,True,False,False,False
0.5895508666279828,1.2973687671052998,1.5178240293911696,False,False,True,True,True,True,True,True,True,True,False,False
-0.8306817556605175,-0.64333889221806,0.3240648939282893,False,False,False,False,True,False,False,False,True,False,False,False
1.5634246647686687,1.8685769961849306,0.8944899655829898,True,False,True,True,True,True,True,True,True,True,False,True
0.3866604920153399,0.3746192585054152,0.2959569918467535,False,False,False,False,False,True,True,False,False,True,False,True
1.6040027396911973,1.6810824972858733,0.6663199369211094,False,True,False,False,False,True,False,True,False,True,False,True
0.8735973910856829,0.056777257812411476,-0.6200299348103598,False,True,False,False,True,True,False,False,False,False,False,True
-0.8712598305830461,-0.714925321416141,-0.1554228474626184,False,False,False,False,True,True,False,False,True,False,False,True
-0.10027640705500306,-0.7517655039010767,-1.506255553381141,False,True,False,False,False,False,False,False,False,False,False,False
0.9141754660082114,0.5782327004810665,-0.02480377308371586,True,False,False,True,True,False,True,False,False,True,False,True
-1.074150205195689,-0.9564913492554915,-1.4864146813235863,False,False,False,False,False,False,False,False,False,False,False,False
-1.0335721302731604,-0.8277361111213438,-0.37367244009572126,True,False,False,True,False,True,False,False,True,False,False,False
0.2243481923252256,-0.6799827682243903,-1.4764942452948089,False,True,False,False,False,False,False,False,False,False,False,False
1.0359096907757972,1.8430353421352796,1.511210405371985,False,False,True,True,False,True,True,True,True,False,False,True
1.5634246647686687,1.5672683633566877,0.6067973207484451,False,True,False,True,False,False,False,True,True,True,False,True
-1.277040579808332,-0.9672009582549606,0.6514392828779437,False,False,True,True,True,False,False,False,True,False,False,False
1.0359096907757972,0.727905484502161,0.06117333916568809,False,False,False,True,False,False,False,True,True,False,True,True
-1.074150205195689,-0.7530960255894018,0.9771602658228015,False,False,True,False,True,False,False,False,False,False,True,False
0.3866604920153399,0.7075768580510301,0.9755068598180053,False,False,True,True,False,True,True,True,True,False,True,True
0.30550434217028277,0.5984304559464603,0.8796093115398236,True,False,True,True,False,False,False,False,False,False,False,False
-1.277040579808332,-0.9958835159622965,-1.5227896134291035,False,False,False,False,True,False,False,False,False,False,False,False
-0.5466352312028174,-0.7571748379782017,-1.3095002388103891,False,False,False,True,True,False,False,False,False,False,True,False
1.5634246647686687,1.7413049625558008,0.8233935073767515,False,True,False,False,False,True,False,False,True,True,False,True
-0.34374485659017456,-0.1357993976994282,0.6563995008923321,False,False,False,True,True,True,True,True,True,True,True,False
-1.277040579808332,-0.9779105672544298,-0.16038306547700704,False,False,False,False,True,False,False,False,True,True,False,True
-1.1958844299632747,-0.9423136591339947,-0.6448310248823034,False,False,False,False,True,False,False,False,False,False,False,False
1.3605342901560258,2.0387310894738486,1.355790240921139,False,False,True,True,False,False,True,True,True,True,False,False
0.34608241709281135,-0.6506458555883698,-1.4864146813235863,False,True,False,False,False,False,False,False,False,False,False,False
-0.38432293151270314,0.012870042097683648,1.1540747083359983,True,False,True,True,True,True,False,True,False,True,True,False
1.4011123650785544,0.6702350034541028,-0.35548497404296253,False,True,False,True,True,True,False,True,False,False,True,True
-0.6683694559704032,-0.482498450747417,0.2744627137844023,False,False,True,False,False,False,False,True,False,False,True,True
1.6040027396911973,0.9790032824693485,-2.683011772356742e-06,False,True,False,True,True,True,False,True,False,True,False,True
-0.9118379055055746,-0.8409758925117262,-0.9490577297648104,True,False,False,False,False,False,False,False,False,True,False,True
-0.5466352312028174,-0.8351303218154782,-1.4798010573044011,False,True,False,False,True,False,False,True,False,False,True,False
-1.1958844299632747,-0.9544192253146574,-0.9970065039039012,False,False,False,True,False,False,False,False,False,False,False,False
1.4822685149236117,1.547245102538943,0.6448256588587586,False,False,True,False,False,True,True,True,True,False,True,False
-0.26258870674511736,-0.3072840126766718,-0.1405421934194522,False,False,False,False,False,False,True,True,False,False,False,False
-0.4249010064352317,-0.19887921282461113,0.6067973207484451,True,False,True,False,False,False,False,True,False,False,True,True
0.67070701647304,1.192890096825346,1.2813869707053085,False,False,True,True,True,False,False,False,True,False,False,True
-0.9118379055055746,-0.8938695825803876,-1.4682272152708278,False,False,False,True,False,False,False,True,False,False,False,False
-0.7495256058154603,-0.45490648458788846,0.8581150334774729,False,False,True,True,False,False,False,True,True,False,True,True
-0.6277913810478746,-0.7968069348255244,-1.327687704863148,False,False,False,False,False,False,False,False,True,False,False,False
1.1170658406208545,-0.4811679290590919,-1.469880621275624,False,True,False,True,True,False,False,True,False,False,False,False
-1.155306355040746,-0.936359029282966,-0.6514446489014885,False,False,False,False,True,False,False,True,False,False,True,False
-1.1958844299632747,-0.9030087397510139,0.3670534500529913,True,False,True,True,True,False,False,False,True,False,False,False
-1.277040579808332,-0.9714542652914097,0.3290251119426782,True,False,True,True,True,False,False,False,True,False,False,False
1.3605342901560258,2.1076564752952796,1.3243755268300106,False,False,True,True,True,False,False,True,True,False,False,True
0.4272385669378685,0.4155382533791507,0.3389455479714555,False,True,False,False,False,True,False,True,False,False,True,False
1.6040027396911973,2.722750108258682,1.701352095923552,False,True,True,True,False,True,False,True,True,True,True,True
0.7924412412406258,0.3496229002296684,-0.1686500955009882,False,True,False,False,False,True,False,False,True,False,False,False
1.4822685149236117,2.1456526848208917,1.3144550908012331,False,False,True,True,True,False,True,False,True,True,False,True
-0.6683694559704032,-0.4946912642519043,0.22651393964531144,False,False,True,True,True,False,False,True,False,False,False,False
1.0359096907757972,0.26961710428251373,-0.4943710784458462,False,False,False,False,True,True,True,True,False,False,True,True
0.34608241709281135,-0.6203274105593227,-1.4864146813235863,False,True,False,True,True,False,False,True,False,False,True,False
-0.5872133061253461,-0.47119992231213176,0.16037769945346209,True,False,True,True,False,False,False,False,False,False,False,False
0.6301289415505114,0.6842381989279507,0.4860986823983203,True,True,False,False,False,False,False,True,True,True,True,True
-0.7495256058154603,-0.6634930240215416,-0.18187734353935803,False,False,False,False,False,True,False,True,False,True,True,True
1.441690440001083,1.904697388248313,1.1441542723072209,True,True,True,True,True,True,False,True,False,True,True,False
-1.0335721302731604,-0.7525725416464542,0.5340474565374107,True,False,True,True,False,False,False,True,False,False,False,False
1.1982219904659115,1.8258258075108784,1.3409095868779728,True,False,True,True,True,True,False,True,True,False,True,True
-0.6683694559704032,-0.8469305223627549,-1.5095623653907335,False,False,False,True,False,False,True,False,False,False,True,False
1.3605342901560258,-0.27395553497567615,-1.3111536448151857,False,True,False,True,True,False,False,False,True,False,True,False
1.6040027396911973,-0.3574948475377269,-1.463266997256439,False,True,False,True,False,False,False,True,False,False,True,False
1.4011123650785544,2.1562750464965363,1.3772845189834897,False,False,True,True,False,False,True,False,True,True,True,True
-0.019120257209945892,-0.599453488334288,-1.150773262349951,False,False,False,False,False,True,True,False,False,False,False,False
-0.9524159804281033,-0.8907941144155707,-1.350835388930295,False,False,False,False,True,False,True,True,False,False,False,False
-1.155306355040746,-0.8716433268360717,0.505939554455875,True,False,True,True,False,True,False,False,True,False,False,False
-1.0335721302731604,-0.9319966630917361,-1.5046021473763447,False,True,False,False,True,False,False,False,False,False,False,False
-1.074150205195689,-0.7906123748339781,0.6745869669450906,True,False,True,True,True,False,False,False,False,False,False,True
1.2793781403109687,1.1847760957096585,0.5075929604606711,False,False,True,False,True,True,True,True,False,False,False,False
1.0359096907757972,1.4229394779198494,0.9722000478084126,False,True,True,False,True,False,False,True,True,True,True,False
-1.155306355040746,-0.9060405842539188,-0.21329205763048656,False,False,False,True,False,False,False,True,True,True,True,True
0.8330193161631543,-0.546756104744232,-1.478147651299605,False,True,False,False,False,False,False,False,False,False,False,False
1.52284658984614,1.496314477256335,0.47287143435995027,False,True,False,True,True,True,False,True,True,True,True,True
1.4011123650785544,2.0673482116883166,1.294614218743678,True,False,True,False,True,False,True,True,True,False,False,True
-0.7089475308929317,-0.8575746958693556,-1.4748408392900125,False,False,False,False,False,False,True,True,False,False,True,False
1.52284658984614,0.5816571579411818,-0.45964955234512545,False,False,False,True,True,False,True,True,False,True,False,True
-1.0335721302731604,-0.9619006833326164,-1.4847612753187902,False,False,False,False,False,False,True,False,False,False,True,False
0.46781664186039706,0.006675482106137205,-0.35217816203337027,True,False,False,True,True,False,True,True,False,True,True,False
-1.0335721302731604,-0.8216506102845782,-0.07109914121801059,False,False,False,False,False,False,False,False,False,True,False,False
-1.155306355040746,-0.8208217607082445,1.1656485503695722,True,False,True,True,True,False,False,True,True,False,False,True
0.95475354093074,-0.46378389978704104,-1.4467329372084765,False,False,False,True,True,False,True,False,False,False,True,False
0.7112850913955685,1.2031198455437797,1.1391940542928325,True,False,True,False,True,False,True,True,True,True,False,False
1.2388000653884401,-0.3239046278652574,-1.3128070508199818,False,True,False,False,True,False,False,False,True,False,False,False
0.26492626724775414,-0.35217276078442655,-0.805211407347538,True,False,False,True,True,False,False,False,False,True,False,False
-0.10027640705500306,0.09972475296506902,0.6745869669450906,False,False,False,False,False,True,True,False,False,True,False,True
-0.8712598305830461,-0.6659141372576741,0.3389455479714555,False,False,True,True,True,False,False,True,True,False,True,False
-0.790103680737989,-0.9028778687652772,-1.5046021473763447,False,False,False,False,False,False,False,False,False,False,False,False
-1.155306355040746,-0.9094214180521218,-0.4844506424170689,True,False,False,False,False,True,False,True,False,False,True,False
-0.34374485659017456,-0.8122933348043903,-1.478147651299605,False,False,False,False,True,False,True,True,False,False,True,False
0.06203589263511127,0.09712914508128717,0.29761039785154964,False,False,True,True,False,False,False,False,False,False,False,True
0.6301289415505114,1.3705910836250919,1.549238743482298,False,True,True,False,True,True,False,True,True,True,True,True
0.5489727917054542,-0.6352467029333286,-1.4798010573044011,False,False,False,True,True,False,True,True,False,False,True,False
0.4272385669378685,0.189873050306833,-0.03307080310769703,True,False,False,True,False,True,False,False,False,False,True,True
-0.38432293151270314,-0.003576078443252838,0.9854272958467827,True,False,True,True,False,False,False,False,False,False,False,True
0.5895508666279828,-0.5796265339951486,-1.49798852335716,False,True,False,False,True,False,False,True,False,False,False,False
1.3199562152334972,0.9411161320985175,0.15211066942948093,False,True,False,True,True,True,False,True,True,False,True,True
-1.155306355040746,-0.9720868083891381,-1.519482801419511,False,False,False,False,True,False,False,False,False,False,False,False
0.10261396755763985,-0.6191277598567345,-1.2962729907720194,True,False,False,True,False,False,False,True,True,False,True,False
-0.4654790813577603,-0.02076380123669831,1.2880005947244935,True,False,True,True,False,True,False,True,True,False,False,False
-0.10027640705500306,-0.044887686274199014,0.1752583534966283,False,False,False,False,False,False,True,True,False,True,False,True
1.2388000653884401,-0.4906560755250167,-1.5145225834051224,False,True,False,True,True,False,False,True,False,False,True,False
1.1170658406208545,0.20594836972151478,-0.677899144978228,True,False,False,True,False,True,True,False,False,False,False,False
1.6040027396911973,0.8189916905750392,-0.3141498239230567,False,True,False,True,True,True,False,True,False,True,True,True
0.9141754660082114,1.463553107160199,1.2813869707053085,False,False,True,True,False,False,True,True,False,True,True,True
0.06203589263511127,-0.7267255219634176,-1.4599601852468467,False,False,False,False,True,False,False,True,False,False,True,False
-1.074150205195689,-0.7521581168582874,0.8052060413239931,True,False,True,False,False,False,False,False,False,False,False,False
1.0359096907757972,-0.498595581993055,-1.491374899337975,False,True,False,True,False,False,False,True,False,False,True,False
0.67070701647304,1.2077657655374394,1.2102905124990704,False,False,True,False,False,True,False,False,True,False,False,False
-1.277040579808332,-0.9953382201883928,-1.4814544633091975,False,False,False,True,False,False,False,True,False,False,True,False
0.7924412412406258,0.5152183208487517,0.1256561733527413,True,False,False,True,True,False,True,True,False,True,True,True
1.1982219904659115,-0.38772604524294946,-1.3409149529015179,False,True,False,True,True,False,False,False,True,False,True,False
1.5634246647686687,-0.17610766130639163,-1.3028866147912044,False,True,False,False,True,False,False,False,True,False,False,False
1.4822685149236117,-0.41686665140036455,-1.506255553381141,False,True,False,False,False,False,False,True,False,False,True,False
-1.277040579808332,-0.9682261143098996,0.5737292006525204,True,False,True,True,False,False,False,False,False,False,False,True
0.4272385669378685,0.8331039452036678,1.1590349263503872,True,False,True,True,True,False,True,False,True,True,False,False
-0.26258870674511736,-0.43902747165181194,-0.44311549229716307,False,False,False,True,True,False,True,False,True,False,False,False
1.5634246647686687,-0.25417220429844894,-1.335954734887129,True,True,False,False,False,False,False,False,True,False,False,False
0.46781664186039706,0.8996518414508785,1.0300692579762807,True,False,True,True,False,False,False,True,True,False,False,False
-1.1147282801182177,-0.9665902269881884,-1.5112157713955297,False,False,False,True,True,False,False,False,False,False,False,False
1.6040027396911973,2.5114370899555105,1.5045967813528,False,True,True,True,False,True,False,True,True,True,True,False
-1.1147282801182177,-0.8225230835228241,0.5406610805565958,True,False,True,True,True,False,False,True,True,False,False,True
-0.5872133061253461,-0.28900569833541895,0.7737913272328646,True,False,True,True,False,False,False,False,True,True,False,False
-1.1147282801182177,-0.9453455036368993,-1.3061934268007966,False,False,False,False,False,False,False,False,True,False,False,False
-1.155306355040746,-0.8601484919221812,0.44641693828321066,True,False,True,False,True,False,False,False,True,False,False,True
-1.155306355040746,-0.8759402575344332,0.18848560153499835,True,False,True,True,True,False,False,False,False,False,False,False
-0.8306817556605175,-0.896705120604687,-1.5046021473763447,False,False,False,False,False,False,False,False,False,False,False,False
0.021457817712582688,0.1671014987886133,0.49601911842709767,False,False,True,True,False,False,True,False,False,True,False,True
-0.6683694559704032,-0.8651434012111394,-1.4831078693139936,False,False,False,False,False,False,True,False,False,False,False,False
-0.6277913810478746,-0.611297312543477,-0.4447688983019592,False,False,False,False,True,False,False,False,False,True,False,False
0.34608241709281135,1.0003570649754183,1.6087613596549624,False,False,True,True,False,True,False,True,True,True,False,True
1.5634246647686687,2.216279393456902,1.3805913309930826,False,True,True,False,True,True,False,False,True,False,True,False
0.9141754660082114,0.8341291012586065,0.33233192395227046,False,False,False,True,False,True,True,True,True,True,True,True
-1.2364625048858033,-0.9637110653019767,-0.6878195810070056,True,False,False,True,True,False,False,False,False,False,False,False
-0.9524159804281033,-0.745069271797539,0.13226979737192632,False,False,False,True,True,True,False,True,False,True,False,True
0.7518631663180971,-0.442255622633322,-1.322727486848759,False,True,False,False,False,False,False,False,True,False,False,False
-0.5872133061253461,-0.4996861735408624,-0.14384900542904472,False,False,False,True,False,True,False,False,True,False,False,False
-0.6277913810478746,-0.4912886186227451,-0.004962901026161245,False,False,False,False,True,True,True,True,False,False,False,True
-0.34374485659017456,-0.4630859211964443,-0.3571383800477589,False,False,False,True,False,False,False,False,False,False,False,True
-0.10027640705500306,-0.7260057315418648,-1.5178293954147148,False,True,False,False,True,False,False,True,False,False,False,False
-0.5872133061253461,-0.3054954425382676,0.6828539969690718,True,False,True,True,True,False,False,True,False,True,True,False
1.3605342901560258,0.31646891717632186,-0.6415242128727111,False,False,False,False,False,False,True,True,False,False,False,True
1.1982219904659115,2.0728011694273536,1.5145172173815773,False,False,True,True,True,False,True,False,True,True,False,True
0.7518631663180971,-0.5588398590939385,-1.4649204032612353,False,True,False,False,False,False,False,False,False,False,False,False
0.021457817712582688,-0.5181826061916768,-1.0218075939758449,False,False,False,False,True,True,True,False,False,True,True,False
1.6040027396911973,2.630660557961821,1.6815112238659968,False,True,True,False,True,True,False,True,True,True,False,True
-0.9929940553506318,-0.9228575059211096,-1.3128070508199818,False,False,False,True,True,False,False,False,False,False,False,False
0.30550434217028277,-0.10613530759906552,-0.4894108604314576,False,False,False,True,True,False,False,True,False,False,False,True
0.183770117402697,-0.6281578578725802,-1.350835388930295,False,True,False,True,False,False,False,True,True,False,True,False
-1.1958844299632747,-0.9182333977584061,-0.14219559942424856,False,False,False,False,True,False,False,False,False,True,False,False
-0.9524159804281033,-0.9262601515502689,-1.478147651299605,False,False,False,False,True,False,False,False,False,False,False,False
0.34608241709281135,0.7229978225370275,1.1193531822352774,False,True,True,True,False,False,False,False,False,True,False,True
0.7518631663180971,-0.4735119763934836,-1.3557956069446837,False,False,False,True,True,False,True,True,True,False,True,False
-1.074150205195689,-0.9560769244673246,-1.521136207424307,False,False,False,False,True,False,False,False,False,False,False,False
1.52284658984614,1.1213691031201334,0.14053682739590748,False,True,False,True,False,True,False,True,True,False,True,True
-0.6683694559704032,-0.31762282054988644,0.9341717096980995,False,False,True,True,False,False,False,False,False,False,False,True
-1.2364625048858033,-0.9763183035946309,-1.1474664503403584,False,False,False,True,False,False,False,True,False,False,True,True
0.3866604920153399,0.4546904899454382,0.4761782463695426,False,False,True,True,True,False,False,False,True,False,False,True
-1.277040579808332,-0.9954254675122175,-1.4880680873283825,False,False,False,False,True,False,False,True,False,False,True,False
-1.277040579808332,-0.9955563384979543,-1.49798852335716,False,False,False,False,False,False,False,False,False,False,False,False
-1.1958844299632747,-0.979699137392834,-1.526096425438696,False,False,False,False,False,False,False,False,False,False,False,False
-1.277040579808332,-0.9820330033051419,-0.4728768003834952,False,False,False,False,True,False,False,False,False,False,False,True
-1.277040579808332,-0.9687495982528472,0.5340474565374107,True,False,True,True,False,False,False,False,False,False,False,False
-1.1147282801182177,-0.9026815622866717,-0.5142119505034011,False,False,False,True,False,True,False,True,False,False,True,False
0.26492626724775414,0.5115539332481187,0.8134730713479743,True,False,True,True,False,False,True,True,True,True,True,True
-0.790103680737989,-0.8965088141260817,-1.4946817113475674,False,True,False,True,False,False,False,True,False,False,True,False
-1.277040579808332,-0.9844323047103183,-0.6547514609110809,False,False,False,False,False,False,False,False,False,False,False,False
0.8330193161631543,1.530297309886015,1.549238743482298,False,False,True,True,False,False,True,True,True,True,False,True
0.46781664186039706,0.8696605738861736,0.9738534538132092,True,False,True,False,False,False,True,True,True,False,True,True
1.6040027396911973,2.6623967720030177,1.689778253889978,False,True,True,True,True,True,False,True,True,True,False,True
-1.1958844299632747,-0.9841705627388446,-1.4897214933331788,False,False,False,True,False,False,False,True,False,False,False,False
-1.277040579808332,-0.9737663193727615,0.15376407543427706,True,False,True,True,False,False,False,False,False,False,False,False
1.6040027396911973,2.6711215043854772,1.6815112238659968,False,True,True,True,True,True,False,True,True,True,False,True
1.4011123650785544,-0.3882059055239847,-1.4599601852468467,False,True,False,True,True,False,False,True,False,False,True,False
1.3199562152334972,0.598234149467855,-0.32407025995183425,False,False,False,True,False,True,False,True,False,False,False,False
1.52284658984614,2.592337170971867,1.6319090437221098,False,True,True,False,True,True,False,True,True,True,False,True
-1.0335721302731604,-0.7500205574245847,0.7126153050554042,True,False,True,True,False,False,False,True,True,False,False,False
-0.9929940553506318,-0.9333926202729296,-1.5029487413715485,False,True,False,False,False,False,False,True,False,False,True,False
1.5634246647686687,1.4659524085653755,0.51255317847506,False,True,False,True,False,False,False,True,True,True,False,False
-1.074150205195689,-0.9238390383141363,-1.2764321187144645,False,False,False,False,True,False,False,False,True,False,True,False
-1.277040579808332,-0.9955127148360421,-1.4946817113475674,False,False,False,False,True,False,False,False,False,False,False,False
-0.30316678166764593,-0.2198840060353827,0.3191046759139004,True,False,True,True,False,False,False,True,False,False,False,False
1.6040027396911973,2.506202250526035,1.5690796155398532,True,True,True,True,False,True,False,True,True,False,False,True
1.5634246647686687,1.7551772870439117,0.839927567424714,True,True,False,False,True,True,False,True,True,True,True,True
1.6040027396911973,1.6698494043434564,0.6332518168251847,False,True,False,True,False,True,False,True,True,False,False,True
-0.38432293151270314,-0.22828156095350008,0.33233192395227046,False,False,True,True,False,True,False,False,False,False,False,False
0.26492626724775414,0.38439095877376983,0.4976725244318938,False,False,False,False,True,True,True,True,False,True,True,False
0.7924412412406258,1.0146874379136084,0.8812627175446197,False,True,True,True,True,True,False,True,True,True,False,False
-0.790103680737989,-0.5124024709882973,0.5638087646237432,True,False,True,True,False,False,False,False,True,False,False,False
1.1170658406208545,1.6259421886287286,1.1755689863983494,False,False,True,True,False,False,True,True,True,False,False,False
-0.26258870674511736,-0.012082692516150958,0.7341095831177553,False,False,True,True,False,True,True,False,False,True,False,False
1.6040027396911973,2.4563185931293217,1.4814490972856527,False,True,True,True,True,False,False,True,True,True,False,True
-1.155306355040746,-0.8722322462718878,0.35382620201462167,True,False,True,True,False,False,False,False,True,False,False,False
-1.1147282801182177,-0.9006312501767938,-0.48279723641227257,True,False,False,False,True,False,False,False,False,False,False,False
-1.074150205195689,-0.9476139340563388,-1.4963351173523636,False,False,False,False,False,False,False,False,False,False,False,False
-1.2364625048858033,-0.9783686157045088,-1.1259721722780074,True,False,False,True,False,False,False,False,False,True,False,False
-0.790103680737989,-0.43741339616105696,1.2962676247484748,False,False,True,True,False,False,True,False,True,False,True,True
-0.019120257209945892,0.4579404527579045,1.321068714820418,True,False,True,True,True,False,False,True,True,True,False,False
0.3866604920153399,-0.5897690353897579,-1.3194206748391668,True,False,False,False,True,False,True,False,True,False,False,False
0.34608241709281135,-0.6221814161905953,-1.4649204032612353,False,True,False,False,False,False,False,True,False,False,False,False
-0.6277913810478746,-0.2949603281864476,0.9556659877604503,True,False,True,False,True,True,False,False,False,False,False,False
-0.7089475308929317,-0.8860827589290424,-1.49798852335716,False,False,False,False,False,False,True,False,False,False,True,False
-1.277040579808332,-0.9884674934372059,-0.9606315717983841,True,False,False,False,True,False,False,False,False,False,False,False
1.3199562152334972,1.8940095910798,1.163995144364776,False,False,True,True,False,True,True,True,True,True,False,True
-0.2220106318225888,0.2424613747421082,1.5062501873575962,False,False,True,True,False,True,True,False,True,False,False,True
-1.2364625048858033,-0.9175354191678093,1.1656485503695722,True,False,True,False,True,True,False,False,False,False,False,True
1.3605342901560258,1.2749243930514225,0.51255317847506,False,False,True,True,False,False,False,False,True,False,False,True
-1.277040579808332,-0.9798954438714392,-0.3108430119134644,False,False,False,False,True,False,False,False,False,False,False,False
-1.1147282801182177,-0.8876750225888412,-0.3042293878942794,False,False,False,True,True,True,False,False,False,True,False,False
1.1170658406208545,0.31653435266919033,-0.4679165823691066,True,False,False,True,False,False,False,False,False,False,False,True
-0.9118379055055746,-0.6350722082856795,0.505939554455875,False,False,True,True,False,False,False,False,False,False,False,False
-0.9524159804281033,-0.7334217540669554,0.04298587311292962,False,False,False,False,False,False,False,False,False,True,False,True
-0.4249010064352317,-0.196807088883777,0.7291493651033665,False,False,True,True,True,False,False,True,False,False,False,False
-1.155306355040746,-0.8562877978429427,0.6845074029738684,True,False,True,True,True,False,False,False,True,False,False,False
-1.277040579808332,-0.9693603295196195,0.4877520884031165,True,False,True,True,False,False,False,False,False,False,False,False
-1.0335721302731604,-0.8556988784071268,-0.5373596345705483,True,False,False,False,True,False,False,True,False,False,True,False
-1.155306355040746,-0.9013292287673905,-0.47618361239308776,False,False,False,True,False,True,False,False,False,False,False,False
-1.1958844299632747,-0.8651434012111394,1.4219264811129884,True,False,True,True,True,False,False,False,False,True,False,True
-0.2220106318225888,-0.38390897482562336,-0.5373596345705483,False,False,False,False,True,True,True,True,False,False,False,False
1.441690440001083,2.0667374804215446,1.2830403767101046,False,True,True,True,False,False,False,True,True,True,True,True
0.8735973910856829,0.4120919840880791,-0.17030350150578458,False,True,False,True,False,False,False,True,True,False,True,True
-1.074150205195689,-0.7564332357256927,0.8068594473287892,True,False,True,True,False,False,False,False,False,False,False,False
1.6040027396911973,2.6760727900125234,1.73276681001468,False,True,True,True,False,True,False,False,True,True,False,True
-1.277040579808332,-0.979830008378571,-0.3058827938990755,False,False,False,True,True,False,False,False,False,False,False,False
-1.0335721302731604,-0.8585780400933385,-0.6679787089494508,True,False,False,False,True,False,False,True,False,False,True,False
-0.26258870674511736,-0.7882348852597578,-1.49798852335716,False,True,False,False,False,False,False,True,False,False,True,False
-1.277040579808332,-0.9951637255407436,-1.4682272152708278,False,False,False,False,True,False,False,False,False,False,False,False
0.9953316158532686,0.7488230303891078,0.3091842398851231,True,False,True,True,True,False,False,True,True,False,True,False
-1.155306355040746,-0.9746606044419636,-1.49798852335716,False,False,False,True,True,False,False,False,False,False,False,False
-0.38432293151270314,-0.15748035766984034,0.7225357410841814,False,False,True,False,True,False,True,True,False,True,True,True
1.4011123650785544,-0.48241120342359234,-1.5046021473763447,False,False,False,True,True,False,True,False,False,False,False,False
-1.155306355040746,-0.9633620760066784,-1.499641929361956,False,False,False,False,False,False,False,True,False,False,False,False
1.4822685149236117,-0.37250138723555737,-1.5095623653907335,False,True,False,True,True,False,False,False,False,False,False,False
0.7112850913955685,-0.5806080663881753,-1.4814544633091975,False,True,False,False,False,False,False,False,False,False,True,False
1.6040027396911973,1.9138365454189397,0.9358251157028956,False,True,False,True,False,True,False,True,True,True,True,True
1.52284658984614,0.8342817840752997,-0.2182522756448752,False,True,False,True,False,True,False,False,False,True,False,False
1.5634246647686687,2.4788502145070237,1.5310512774295397,True,True,True,True,False,False,False,False,True,True,False,True
0.30550434217028277,0.18723381876113887,0.08266761722803931,True,False,False,False,True,True,False,False,False,False,False,False
-1.277040579808332,-0.9644962912163982,0.8564616274726763,True,False,True,True,True,False,False,False,False,False,True,False
-0.019120257209945892,-0.741710249830292,-1.4897214933331788,False,False,False,False,False,False,False,False,False,False,False,False
-1.277040579808332,-0.9824692399242649,-0.5059449204794199,False,False,False,True,True,False,False,False,False,False,False,False
-0.9118379055055746,-0.6295756268847299,0.6944278390026457,True,False,True,False,False,False,False,True,True,False,True,False
-1.277040579808332,-0.973570012894156,0.16864472947744327,True,False,True,True,True,False,False,False,False,False,False,False
-0.10027640705500306,0.21927539843572172,0.9639330177844314,False,False,True,True,False,False,False,True,True,True,False,True
-0.38432293151270314,-0.11756470702008763,0.6034905087388528,False,False,True,False,False,False,False,False,False,True,False,True
-0.34374485659017456,0.10498140422550083,1.312801684796437,True,False,True,True,True,False,False,True,True,False,False,True
-1.2364625048858033,-0.9264346461979182,0.9920409198659677,True,False,True,False,True,False,False,False,False,False,False,False
-0.9929940553506318,-0.9261729042264444,-1.4748408392900125,False,False,False,False,True,False,False,False,False,False,True,False
-0.5872133061253461,-0.8247260784493952,-1.49798852335716,False,False,False,False,True,False,True,False,False,False,False,False
-1.277040579808332,-0.9716941954319274,0.31083764588991925,True,False,True,True,True,False,False,False,False,False,False,True
-0.2220106318225888,-0.7641546238841693,-1.4897214933331788,False,True,False,False,False,False,False,True,False,False,True,False
-1.277040579808332,-0.9735482010632001,0.1702981354822394,True,False,True,True,False,False,False,False,False,False,False,False
0.4272385669378685,0.06214296822762422,-0.3141498239230567,True,False,False,False,False,False,True,False,False,True,False,True
-0.8712598305830461,-0.5987336979127351,0.4646044043359691,False,False,True,True,False,True,False,False,True,False,False,False
-1.1958844299632747,-0.884708613578805,0.7721379212280685,False,False,True,True,False,True,False,True,False,True,True,False
0.10261396755763985,-0.7229738870389599,-1.4831078693139936,False,False,False,True,False,False,True,False,False,False,True,False
-1.2364625048858033,-0.9454109391297678,-0.13227516339547102,False,False,False,False,True,True,False,False,True,False,True,True
-0.30316678166764593,-0.4397254502424087,-0.5522402886137144,True,False,False,True,False,False,False,False,False,False,False,False
1.1576439155433829,0.5844272604726126,-0.17030350150578458,True,False,False,False,False,True,False,True,True,False,True,True
-0.8306817556605175,-0.9049063690441991,-1.5046021473763447,False,False,False,False,False,False,False,False,False,False,False,False
1.3199562152334972,1.599506249509876,0.9176376496501372,False,True,True,True,True,True,False,True,True,False,False,True
-0.059698332132474476,0.386005034264525,1.157381520345591,True,False,True,True,False,False,False,False,True,False,False,True
-1.2364625048858033,-0.9399361695597743,0.18021857151101717,True,False,True,False,False,False,False,True,False,False,True,False
-0.5060571562802889,-0.8224576480299557,-1.4864146813235863,False,False,False,True,False,False,True,True,False,False,False,False
-0.059698332132474476,0.18428922158205877,0.7489902371609211,True,False,True,False,False,True,False,False,False,True,False,False
1.441690440001083,2.3164393212075383,1.4897161273096338,False,True,True,True,True,False,False,True,True,True,False,True
0.7112850913955685,0.5131680087388738,0.19344581954938675,False,False,False,True,False,True,True,False,False,True,True,False
-1.0335721302731604,-0.7181752842286072,0.9936943258707638,False,False,True,False,True,False,False,False,True,False,False,False
0.34608241709281135,0.386441270883648,0.32241148792349317,False,False,False,True,False,True,True,True,False,True,True,False
1.1576439155433829,1.2924392933092101,0.6597063129019248,False,False,False,False,True,True,True,True,False,True,True,True
1.6040027396911973,1.1370299977466483,0.15541748143907366,False,True,False,False,True,True,False,False,True,True,False,True
-0.18143255690006022,0.0793306910210697,0.8696888755110463,False,False,True,True,True,False,True,False,False,True,False,True
-0.8712598305830461,-0.5721232641462334,0.8018992293144008,True,False,True,True,False,False,False,False,True,False,False,False
-1.277040579808332,-0.9950110427240506,-1.4566533732372542,False,False,False,False,False,False,False,False,False,False,False,False
-0.8306817556605175,-0.7349049585719735,-0.4993312964602349,False,False,False,True,False,False,False,True,False,False,False,False
-0.5060571562802889,-0.3110574594320856,0.36540004404819515,False,False,False,False,False,True,True,True,True,False,True,False
1.0359096907757972,1.7029379519039347,1.3409095868779728,False,False,True,True,False,True,True,True,False,True,False,True
0.183770117402697,0.0052359012630314875,0.021491595050578394,False,True,False,False,True,True,False,False,False,True,False,True
-1.1147282801182177,-0.9607446562919406,-1.4682272152708278,True,False,False,False,True,False,True,True,False,False,True,False
-0.7495256058154603,-0.8735627679602129,-1.4847612753187902,True,False,False,True,True,False,False,False,False,False,False,False
-1.277040579808332,-0.9629476512185116,0.9738534538132092,True,False,True,False,False,False,False,False,False,False,False,False
-1.074150205195689,-0.7757585179528407,0.6580529068971283,True,False,True,True,True,False,False,False,False,False,False,True
1.4822685149236117,1.1272582974782936,0.2893433678275685,False,False,False,False,False,True,True,True,True,True,True,True
1.52284658984614,1.4902071645886135,0.5108997724702639,False,True,False,True,False,False,False,True,False,True,True,True
-1.277040579808332,-0.9950110427240506,-1.4566533732372542,False,False,False,False,False,False,False,False,False,False,False,False
-0.34374485659017456,0.06035439808922004,1.200370076470293,True,False,True,True,True,False,False,False,True,False,False,True
-1.277040579808332,-0.9716505717700151,0.314144457899512,True,False,True,True,False,False,False,True,True,False,False,False
-0.9524159804281033,-0.7260711670347331,0.3488659840002328,False,False,True,False,False,False,False,False,False,False,False,False
0.30550434217028277,-0.6311897023754849,-1.4731874332852164,False,False,False,True,True,False,True,False,False,False,True,False
-0.8712598305830461,-0.7418411208160289,-0.3439111320093891,True,False,False,True,True,False,False,False,False,True,True,True
0.7518631663180971,-0.052456391615982687,-0.677899144978228,False,False,False,True,True,True,False,False,False,True,False,False
1.441690440001083,2.1802462487173435,1.3342959628587878,True,False,True,True,True,False,False,True,True,False,False,True
-0.790103680737989,-0.883988823157252,-1.4764942452948089,False,False,False,True,False,False,False,False,False,False,False,False
1.0764877656983258,1.258194718708056,0.7208823350793853,True,True,False,True,True,True,False,True,False,True,True,True
-0.6277913810478746,-0.47992465469459133,0.17856516550622056,False,False,False,True,True,True,True,True,True,False,True,False
1.52284658984614,1.0305446390187285,0.09920167727600164,False,True,False,False,True,True,False,True,False,True,False,True
-1.277040579808332,-0.9717160072628834,0.3091842398851231,False,False,True,True,False,False,False,False,False,False,False,True
0.5083947167829257,0.9017239653917127,0.9936943258707638,False,False,True,True,True,False,True,True,True,False,True,True
-0.059698332132474476,-0.33956552249177235,-0.4927176724410501,True,False,False,True,True,False,True,False,False,False,False,False
0.30550434217028277,0.8870446031582242,1.355790240921139,False,False,True,True,False,False,True,False,True,True,False,False
-1.2364625048858033,-0.9690767757171895,-0.6249901528247488,False,False,False,False,True,False,False,False,False,False,False,False
-0.26258870674511736,0.034790932208613415,0.9556659877604503,True,False,True,True,False,False,False,True,True,False,False,True
1.3199562152334972,1.0260514018417621,0.24800821770766265,False,False,False,False,True,True,True,True,True,False,True,True
-1.277040579808332,-0.9651506461450826,0.8068594473287892,True,False,True,True,False,False,False,False,False,False,True,False
-0.5872133061253461,-0.40515369817691255,0.36209323203860283,False,False,True,True,True,False,False,False,False,True,False,False
1.6040027396911973,-0.18740618974167678,-1.292966178762427,False,True,False,False,True,False,False,True,True,False,False,False
-0.6683694559704032,-0.4753659820247563,0.21328669160694183,False,False,False,True,True,False,False,False,True,False,False,True
1.4822685149236117,1.9951510512234631,1.1309270242688514,False,True,True,False,False,True,False,True,True,False,False,False
-1.074150205195689,-0.7958035906015416,0.6150643507724263,False,False,True,True,True,False,False,True,False,False,True,True
-1.0335721302731604,-0.9383220940690193,-1.342568358906314,False,False,False,True,True,False,True,False,False,False,False,False
1.0359096907757972,0.5769458024546535,-0.1719569075105807,False,True,False,False,False,True,False,True,False,True,True,False
0.5083947167829257,1.2318024032511157,1.6765510058516084,True,False,True,True,False,True,False,False,True,True,False,True
-0.2220106318225888,0.0033818956317588204,0.6563995008923321,False,False,False,True,True,False,False,True,True,True,False,True
0.021457817712582688,-0.2777071699001337,-0.34060431999979657,False,False,False,True,True,False,False,False,True,False,False,True
0.67070701647304,-0.08539225635976772,-0.6993934230405793,False,False,False,False,False,False,False,False,False,False,False,False
-1.2364625048858033,-0.9546809672861312,-0.3257236659566304,False,False,False,True,True,True,False,False,False,False,False,False
-1.277040579808332,-0.9694039531815317,0.48444527639352375,True,False,True,False,True,False,False,False,False,False,False,False
1.0764877656983258,0.6254116908392165,-0.009923119040549664,True,False,False,True,True,False,False,False,False,True,False,False
-0.9929940553506318,-0.9408740782908888,-1.4946817113475674,False,False,False,True,False,False,True,True,False,False,True,False
1.6040027396911973,2.306820303755877,1.3243755268300106,False,True,True,True,False,True,False,True,True,False,False,False
-0.4249010064352317,-0.6099449790241958,-0.7010468290453754,False,False,False,True,True,False,True,False,False,False,False,True
-0.8712598305830461,-0.6128677643723196,0.5142065844798561,False,False,True,True,True,False,False,True,True,False,False,True
1.0764877656983258,-0.35278349205119874,-1.3392615468967215,True,True,False,False,False,False,False,False,True,False,False,False
-0.059698332132474476,0.2206713556169154,0.810166259338382,True,False,True,False,True,True,False,True,True,False,False,False
-1.277040579808332,-0.9737881312037175,0.15211066942948093,False,False,True,False,False,False,False,False,False,False,False,False
-1.277040579808332,-0.9850212241461344,-0.6993934230405793,True,False,False,False,False,False,False,False,False,False,False,False
1.3605342901560258,0.7831548523140865,0.029758625074559564,False,True,False,False,True,True,False,True,False,True,True,True
0.8735973910856829,-0.4186334097078126,-1.329341110867944,False,False,False,True,False,False,True,True,True,False,True,False
-0.8306817556605175,-0.814169152266619,-1.0366882480190107,False,False,False,True,False,True,True,False,False,True,False,False
0.34608241709281135,0.31485484168556693,0.31745126990910427,False,False,False,True,True,True,False,True,True,False,True,True
1.6040027396911973,1.627730758767133,0.6448256588587586,False,True,False,False,True,True,False,True,False,True,False,True
-0.6277913810478746,-0.8816113335830319,-1.5012953353667524,False,False,False,False,False,False,True,False,False,False,False,False
0.183770117402697,-0.5794302275165433,-1.2020288484986341,False,False,False,False,False,False,False,False,False,True,False,False
-1.1958844299632747,-0.9818148849955805,-1.4682272152708278,False,False,False,True,True,False,False,True,False,False,False,False
-0.8306817556605175,-0.4476431448794908,1.3342959628587878,True,False,True,True,False,False,False,False,True,False,True,True
1.1982219904659115,-0.36013407908342093,-1.327687704863148,False,False,False,False,True,False,True,True,True,False,True,False
-1.277040579808332,-0.972675727824954,0.23643437567408873,True,False,True,True,False,False,False,False,True,False,False,False
-0.790103680737989,-0.582614754836141,0.32075808191869704,False,False,True,True,False,False,True,False,False,False,False,True
0.6301289415505114,0.2981469791731567,-0.14384900542904472,False,False,False,True,False,True,True,True,True,True,False,False
-0.9118379055055746,-0.9272198721123394,-1.4748408392900125,False,False,False,False,True,False,True,False,False,False,False,False
-1.277040579808332,-0.9953164083574368,-1.4798010573044011,False,False,False,True,True,False,False,False,False,False,False,False
-1.277040579808332,-0.9954254675122175,-1.4880680873283825,False,False,False,False,False,False,False,False,False,False,False,False
-0.8306817556605175,-0.5824838838504042,0.6315984108203886,True,False,True,True,False,False,False,False,True,False,True,False
1.1982219904659115,-0.4527689251541858,-1.4847612753187902,False,True,False,False,True,False,False,True,False,False,True,False
-0.5872133061253461,-0.24337534797515514,0.9573193937652469,False,False,True,False,True,False,False,False,True,True,False,False
-0.9524159804281033,-0.6319749282899063,0.810166259338382,True,False,True,False,False,False,False,True,False,False,False,False
-0.9524159804281033,-0.7929680525772422,-0.4910642664362537,True,False,False,True,True,False,False,False,False,False,True,True
1.6040027396911973,-0.1908960826946606,-1.2962729907720194,False,True,False,False,True,False,False,True,True,False,False,False
-0.5466352312028174,-0.8009075590452804,-1.3309945168727402,False,False,False,False,False,False,False,False,True,False,False,False
-1.2364625048858033,-0.9576473762961673,-0.5142119505034011,True,False,False,True,False,False,False,False,True,False,False,False
1.52284658984614,1.9791193554706936,1.1226599942448703,True,False,True,False,False,False,True,False,True,False,False,True
1.4822685149236117,-0.4206619099867345,-1.4814544633091975,False,True,False,False,False,False,False,True,False,False,True,False
0.14319204248016842,0.5114448740933379,1.006921573909134,True,False,True,True,True,False,False,True,True,False,False,False
1.3199562152334972,1.587487930653038,0.8895297475686009,False,False,True,True,True,False,False,True,True,False,False,True
0.46781664186039706,-0.4109774570422043,-1.144159638330766,True,False,False,True,True,False,False,True,False,False,False,True
1.6040027396911973,2.4692748207172746,1.5095569993671885,False,True,True,True,True,False,False,True,True,True,False,True
-0.6683694559704032,-0.3346142368647266,1.1590349263503872,True,False,True,True,False,False,False,True,True,False,False,True
0.67070701647304,0.6641276907863811,0.4315362842400445,False,False,False,False,False,False,True,True,False,False,True,True
1.441690440001083,0.18208622665548763,-0.8614272115106101,False,True,False,False,False,True,False,False,False,True,False,False
-0.790103680737989,-0.568131699081258,0.33233192395227046,False,False,True,True,False,False,False,False,True,False,False,False
-1.2364625048858033,-0.9861554393558543,-1.4764942452948089,False,False,False,False,False,False,False,False,False,False,False,False
0.5489727917054542,1.035016064364739,1.195409858455904,True,False,True,True,False,False,True,False,True,False,False,False
-1.155306355040746,-0.97032005008169,-1.4748408392900125,False,False,False,False,False,False,False,False,False,False,False,False
-0.5466352312028174,-0.37546779624559373,0.27280930777960616,True,False,True,True,False,True,False,True,False,False,False,False
-1.277040579808332,-0.9779541909163421,-0.16368987748659955,True,False,False,True,False,True,False,False,False,True,True,True
-0.38432293151270314,-0.5385984799666322,-0.5489334766041218,False,False,False,True,True,False,True,True,True,False,True,False
-0.7495256058154603,-0.38661364186418584,1.1772223924031455,True,False,True,True,True,False,False,False,True,False,False,True
-0.6683694559704032,-0.40423760127675423,0.6745869669450906,False,False,True,True,False,False,False,True,True,False,False,False
0.021457817712582688,0.04504249275800346,0.2959569918467535,False,False,False,True,True,False,True,True,False,True,True,False
-1.074150205195689,-0.9546155317932626,-1.5046021473763447,False,False,False,False,True,False,True,True,False,False,True,False
0.3866604920153399,-0.5616753971182379,-1.3888637270406083,True,True,False,False,False,False,False,True,True,False,True,False
-1.1958844299632747,-0.9187786935323098,-0.01819014906453083,False,False,False,True,True,True,False,False,False,True,False,False
1.0764877656983258,0.6914579149744359,-0.029763991098104747,False,True,False,True,True,True,False,True,False,True,False,False
0.7112850913955685,1.4434644108495858,1.441767353170543,True,False,True,False,False,True,True,True,True,True,False,True
-0.34374485659017456,-0.46221344795819835,-0.3422577260045927,False,False,False,False,True,False,True,False,True,True,False,False
-0.38432293151270314,-0.2035033209873148,0.4761782463695426,False,False,True,True,False,False,False,False,True,False,False,False
0.9141754660082114,0.672154444578244,0.13557660938151858,False,True,True,True,False,False,False,True,False,False,True,False
-0.38432293151270314,-0.2871516927041463,0.3455591719906405,False,False,True,True,False,True,False,False,False,False,False,False
-1.277040579808332,-0.992873483290348,-1.2946195847672233,False,False,False,True,False,False,False,False,False,False,False,False
-1.074150205195689,-0.7888892401884423,0.505939554455875,False,True,False,True,True,True,False,False,False,True,False,False
-0.790103680737989,-0.5423283030601338,0.6448256588587586,True,False,True,True,False,False,False,False,True,False,False,True
-0.7495256058154603,-0.47700186934646743,0.816779883357567,False,False,True,True,False,False,False,True,False,True,True,True
1.6040027396911973,2.27536764351711,1.2896540007292896,False,True,True,False,True,True,False,True,True,True,True,True
-0.4654790813577603,-0.5132749442265432,-0.3422577260045927,False,False,False,False,True,False,False,True,False,False,False,False
0.183770117402697,0.1095400768953361,0.17856516550622056,False,False,True,True,True,False,False,False,False,False,False,False
1.1170658406208545,1.5875751779768625,1.1474610843168136,True,True,True,True,False,False,False,False,False,False,False,True
1.4822685149236117,2.3399742868092233,1.633562449726906,False,True,True,True,True,True,False,True,True,True,True,True
0.10261396755763985,0.6345726598407991,1.3872049550122676,True,False,True,True,False,True,False,True,False,True,True,False
0.26492626724775414,0.39782704664275775,0.5439678925661885,False,False,True,False,True,False,True,False,True,False,False,True
-0.8306817556605175,-0.8488717753178521,-1.178881164431487,False,False,False,True,False,False,False,True,False,True,True,False
1.6040027396911973,2.5336633456998268,1.4649150372376902,True,False,True,True,False,False,True,True,True,True,False,True
1.3605342901560258,1.6464016860655963,0.8845695295542125,False,True,False,False,True,True,False,True,True,True,False,True
-1.155306355040746,-0.8637692558609019,0.3290251119426782,True,False,True,True,False,False,False,False,True,False,False,False
-0.8712598305830461,-0.6570367220585215,0.4811384643839315,False,False,True,True,True,True,False,False,False,False,False,False
-0.18143255690006022,-0.3425319315018087,-0.3488713500237777,False,False,False,True,True,False,True,False,False,True,True,True
-0.9118379055055746,-0.5323602963131736,1.304534654772456,True,False,True,True,True,True,False,False,False,False,False,True
0.8735973910856829,1.2301665159294046,0.9854272958467827,False,False,True,True,False,False,True,False,True,False,False,True
1.5634246647686687,1.2444532652056821,0.27776952579399455,False,True,False,True,True,False,False,True,False,True,True,True
1.2793781403109687,1.6048937717560448,0.9225978676645256,True,False,True,True,False,False,True,True,True,False,True,True
-0.8306817556605175,-0.7944730689132166,-0.6745923329686357,True,False,False,True,False,False,False,False,False,False,True,False
0.7924412412406258,0.8358304240731864,0.48940549440791264,False,True,False,True,True,True,False,False,True,True,False,False
0.2243481923252256,0.7358013673082869,1.2797335647005124,True,False,True,True,False,False,False,False,True,True,False,False
0.9953316158532686,0.5268004030864669,-0.17691712552496938,False,False,False,False,True,True,True,True,False,True,True,True
0.8735973910856829,0.42805824434798034,-0.1306217573906749,True,False,False,True,True,False,True,False,False,True,True,True
1.2793781403109687,1.913465744292685,1.2284779785518287,True,False,True,False,True,False,True,False,True,True,False,False
0.9953316158532686,-0.018997042929250158,-0.7886773472995757,False,False,False,True,False,True,True,False,False,True,False,False
1.5634246647686687,1.3674501799674064,0.3670534500529913,True,True,True,False,False,False,False,True,False,False,True,False
-1.277040579808332,-0.9733300827536385,0.18683219553020172,False,False,True,True,True,False,False,False,False,False,False,False
-1.277040579808332,-0.984672234850836,-0.6729389269638394,False,False,False,False,True,False,False,False,False,False,False,False
-1.277040579808332,-0.9731992117679016,0.1967526315589795,False,False,True,False,False,False,False,False,False,False,False,False
-1.2364625048858033,-0.9278742270410238,1.0267624459666884,True,False,True,True,False,False,False,False,True,False,False,False
1.1170658406208545,1.555271856330806,1.0912452801537418,True,False,True,True,True,False,True,True,False,False,False,True
1.441690440001083,2.189516276873707,1.4136594510890073,True,False,True,True,True,True,False,True,True,True,False,True
1.0359096907757972,1.310128688214647,0.9225978676645256,True,False,True,True,True,False,False,True,False,False,True,True
-0.9524159804281033,-0.7188732628192039,0.5158599904846523,True,False,True,False,False,False,False,False,False,False,False,True
1.3605342901560258,1.5690569334950921,0.7952856052952159,True,False,True,False,False,True,True,True,True,True,False,True
-0.9118379055055746,-0.5378568777141233,1.2284779785518287,False,False,True,True,False,False,False,True,True,False,True,True
-1.277040579808332,-0.9957744568075159,-1.5145225834051224,False,False,False,False,False,False,False,False,False,False,False,False
0.67070701647304,0.10445792028255332,-0.4348484622731819,False,False,False,True,True,False,True,True,False,False,True,True
-1.1958844299632747,-0.9506021548973312,-0.6729389269638394,True,False,False,False,False,False,False,False,False,False,False,False
-0.8306817556605175,-0.8378349888540407,-1.1772277584266906,False,False,False,True,True,False,False,False,False,False,False,True
1.1576439155433829,1.058965454754591,0.3439057659858439,False,True,False,False,True,True,False,True,True,True,False,False
-1.2364625048858033,-0.9259329740859267,0.7804049512520496,True,False,True,True,False,False,False,False,True,False,False,False
1.441690440001083,2.0819839502598922,1.2665063166621424,False,True,True,True,True,True,False,True,False,False,True,True
-1.277040579808332,-0.995796268638472,-1.5161759894099185,False,False,False,True,False,False,False,False,False,False,False,False
1.4822685149236117,2.2374368694843665,1.49136953331443,False,True,True,True,True,True,False,False,True,False,False,True
-1.277040579808332,-0.9827746055576511,-0.529092604546567,True,False,False,False,True,False,False,False,False,False,True,False
-1.2364625048858033,-0.9838870089364146,-1.3376081408919251,True,False,False,False,False,False,False,False,False,False,False,False
1.5634246647686687,1.6334018348157318,0.6563995008923321,False,False,False,True,False,True,True,True,False,True,False,True
-1.155306355040746,-0.855437136435653,0.5307406445278184,True,False,True,True,True,False,False,False,False,False,False,False
0.9953316158532686,-0.5267328439264872,-1.526096425438696,False,True,False,False,True,False,False,False,False,False,False,False
-1.1958844299632747,-0.9433388151889336,-1.0151939699566597,False,False,False,False,False,True,False,False,False,True,False,False
0.8735973910856829,0.05333098852134009,-0.6266435588295449,False,True,False,False,True,False,False,True,False,True,True,False
1.3605342901560258,0.7394221312470077,-0.1719569075105807,True,True,False,True,False,True,False,True,False,False,True,False
-0.5872133061253461,-0.8288267026691513,-1.4831078693139936,False,False,False,False,True,False,True,False,False,False,False,False
-1.1958844299632747,-0.9773652714805261,-1.499641929361956,False,False,False,False,True,False,True,False,False,False,False,False
-0.6277913810478746,-0.3669393703417394,0.7704845152232723,True,False,True,False,False,False,False,True,True,False,True,False
-1.277040579808332,-0.9958398923003843,-1.519482801419511,False,False,False,True,False,False,False,True,False,False,True,False
0.67070701647304,0.8707947890958931,0.6729335609402944,False,False,True,True,True,False,False,True,False,False,False,True
1.6040027396911973,1.6616045322420323,0.6927744329978496,False,True,False,True,False,True,False,True,True,True,True,False
-1.2364625048858033,-0.9648452805116965,-0.6762457389734319,True,False,False,True,True,False,False,True,False,False,True,False
-0.8712598305830461,-0.9234464253569258,-1.4682272152708278,False,False,False,True,True,False,True,True,False,False,False,False
-1.1958844299632747,-0.980266244997694,-1.5095623653907335,False,False,False,False,False,False,False,True,False,False,True,False
0.06203589263511127,0.39512237960419533,1.0813248441249643,True,False,True,True,False,False,False,True,True,False,False,False
-1.155306355040746,-0.9702764264197776,-1.469880621275624,False,False,False,True,True,False,False,True,False,False,True,False
0.5895508666279828,0.2230270333601795,-0.20006480959211673,False,False,False,True,False,True,True,False,False,True,False,True
-0.9929940553506318,-0.6727848640088611,0.9854272958467827,True,False,True,True,True,False,False,True,False,False,True,False
-1.277040579808332,-0.9736790720489368,0.16037769945346209,True,False,True,True,True,False,False,False,False,False,False,False
1.2793781403109687,0.47901068146154435,-0.36705881607653623,False,False,False,True,False,False,True,True,True,False,True,True
0.7112850913955685,1.3652471850408354,1.4318469171417656,True,False,True,True,True,True,True,True,True,False,True,True
0.9141754660082114,-0.567237414012056,-1.5161759894099185,False,False,False,False,True,False,True,False,False,False,True,False
1.5634246647686687,-0.21430017731060855,-1.3309945168727402,False,True,False,False,False,False,False,True,True,False,True,False
-1.1958844299632747,-0.912387827062158,0.307530833880327,True,False,True,True,False,False,False,False,True,False,False,False
-1.0335721302731604,-0.8073420491773444,0.1454970454102959,True,False,True,True,True,False,False,True,False,False,False,False
1.1982219904659115,1.6679953987121838,1.051563536038632,True,False,True,True,True,False,True,False,True,False,False,False
1.5634246647686687,1.9495643245251117,0.9986545438851527,False,False,True,True,False,True,True,True,True,True,True,True
-1.0335721302731604,-0.741274013211169,0.6696267489307022,False,False,True,True,True,False,False,False,True,False,False,False
-1.277040579808332,-0.9707999103627252,0.3786272920865652,False,False,True,True,False,False,False,True,False,False,False,True
-0.8306817556605175,-0.7373042599771499,-0.5142119505034011,True,False,False,True,False,False,False,False,False,False,False,True
1.6040027396911973,1.809096133167512,0.8134730713479743,False,True,False,True,False,True,False,True,True,True,True,True
1.3605342901560258,2.001541917693615,1.2929608127388819,True,False,True,True,True,False,True,True,True,True,False,True
1.0359096907757972,1.2319114624058964,0.8233935073767515,False,False,True,True,True,True,True,True,True,True,True,True
1.4011123650785544,0.7206203329628071,-0.15046262944822975,False,True,False,True,True,True,False,True,False,True,True,False
-0.9929940553506318,-0.9343087171730878,-1.4930283053427713,True,False,False,False,False,False,True,True,False,False,True,False
-0.18143255690006022,0.22265623223392483,1.202023482475089,False,False,True,True,False,False,False,True,True,True,False,False
0.7924412412406258,-0.5569640416317098,-1.49798852335716,False,True,False,False,True,False,False,False,False,False,False,False
1.6040027396911973,1.7512293456408485,0.667973342925906,False,True,False,True,True,False,False,True,True,True,False,True
-0.790103680737989,-0.5887002556729066,0.5357008625422074,True,False,True,True,False,False,False,False,False,False,False,True
0.5895508666279828,-0.1860756680533517,-0.7622228512228361,False,True,False,False,False,True,False,False,False,True,False,False
-0.9929940553506318,-0.9375586799855541,-1.5079089593859372,False,False,False,True,True,False,False,True,False,False,True,False
0.3866604920153399,0.7105432670610663,1.0118817919235223,True,False,True,True,False,False,False,True,True,False,False,True
-0.26258870674511736,-0.5037649859296622,-0.6332571828487299,False,False,False,False,False,True,False,False,False,True,True,False
0.021457817712582688,-0.43309465363173943,-0.8548135874914251,True,False,False,True,True,False,True,False,False,False,False,True
-1.277040579808332,-0.9931134134308657,-1.3128070508199818,True,False,False,False,False,False,False,False,False,False,False,False
0.5489727917054542,-0.595331052283576,-1.450039749218069,True,True,False,True,False,False,False,False,False,False,False,False
-0.6277913810478746,-0.42092365195820824,0.5142065844798561,False,False,True,True,True,False,False,True,True,False,False,True
-0.790103680737989,-0.7164957732449838,-0.6927797990213942,False,False,False,False,True,False,False,False,False,False,True,False
-0.059698332132474476,-0.7060697180479445,-1.4549999672324578,False,False,False,False,False,False,True,False,False,False,False,False
-1.277040579808332,-0.9713670179675852,0.3356387359618627,True,False,True,True,False,False,False,False,True,False,False,False
0.9953316158532686,-0.44921359670833355,-1.4946817113475674,False,True,False,False,False,False,False,True,False,False,True,False
-0.4249010064352317,-0.5541939391002788,-0.5125585444986047,False,False,False,True,False,False,True,False,False,False,True,False
0.6301289415505114,0.7538833751709344,0.5654621706285393,False,False,True,True,False,False,True,True,True,False,True,False
-0.9118379055055746,-0.7753222813337176,-0.4398086802875706,False,False,False,True,True,True,False,False,False,False,False,False
0.2243481923252256,0.34161795826876173,0.5307406445278184,False,True,False,False,True,True,False,True,False,True,True,False
1.5634246647686687,2.0282177869529847,1.1474610843168136,False,False,True,True,False,False,False,False,True,False,False,True
-1.1147282801182177,-0.7957381551086731,0.8118196653431782,True,False,True,True,True,False,False,False,False,False,False,False
-0.7495256058154603,-0.516612154362834,0.38028069809136134,True,False,True,False,True,False,False,False,False,False,False,False
-1.1147282801182177,-0.8228502609871664,0.6580529068971283,False,False,True,True,False,False,False,False,False,False,False,False
-1.0335721302731604,-0.7510675253104799,0.5390076745517997,False,False,False,False,False,True,False,True,False,True,False,False
1.3605342901560258,1.292701035280684,0.5158599904846523,False,True,False,True,False,False,False,True,True,False,False,True
0.6301289415505114,-0.5560043210696392,-1.4798010573044011,False,True,False,False,False,False,False,True,False,False,True,False
-0.8306817556605175,-0.4638711471108657,1.14911449032161,False,False,True,True,False,True,False,False,True,False,False,True
1.6040027396911973,2.3505094011610432,1.2962676247484748,False,True,True,True,True,False,False,True,True,False,False,True
-0.019120257209945892,-0.00822199843691262,0.3240648939282893,False,False,False,False,False,True,True,False,True,False,False,False
-0.6683694559704032,-0.3448876092450727,0.9755068598180053,True,False,True,True,False,False,False,False,False,True,False,False
-0.30316678166764593,-0.7740135714763487,-1.4897214933331788,False,False,False,False,False,False,True,False,False,False,False,False
-0.7495256058154603,-0.8926481200468432,-1.526096425438696,False,True,False,False,False,False,False,True,False,False,True,False
1.6040027396911973,2.7780867233944324,1.7377270280290689,False,True,True,False,False,True,False,True,True,True,True,True
-0.059698332132474476,0.26588728118901234,1.1226599942448703,True,False,True,True,False,False,False,True,False,True,True,False
1.6040027396911973,2.099367979531943,1.0912452801537418,False,True,True,True,True,True,False,True,True,False,False,True
0.8330193161631543,-0.5197530580205195,-1.506255553381141,False,True,False,True,True,False,False,True,False,False,True,False
0.34608241709281135,0.9709110931846172,1.6385226677412947,False,False,True,True,False,True,False,False,True,True,False,True
0.34608241709281135,0.42391399646631206,0.6216779747916114,False,False,True,True,True,True,False,True,True,False,False,False
1.1170658406208545,-0.48505043496928635,-1.4880680873283825,False,True,False,False,True,False,False,False,False,False,True,False
1.441690440001083,1.3211000391855898,0.5191668024942451,True,True,False,True,False,False,False,False,True,False,False,True
-0.38432293151270314,-0.5908378151066092,-0.8035580013427419,False,False,False,False,True,True,True,False,False,True,True,True
1.1576439155433829,1.0669703967154973,0.5323940505326146,False,True,False,True,True,True,False,True,False,True,False,True
-1.1958844299632747,-0.930208092953332,-0.3389509139950002,False,False,False,True,True,False,False,False,False,False,True,False
0.8735973910856829,0.95197842391468,0.6431722528539625,True,False,True,False,True,True,True,False,False,True,False,False
-0.9929940553506318,-0.9151579295935891,-1.3409149529015179,False,False,False,False,True,False,True,True,True,False,True,False
-0.4249010064352317,-0.2783397129978621,0.4530305623023957,False,False,False,True,True,False,True,True,True,True,True,False
1.1982219904659115,0.019086413920186118,-0.8713476475393874,False,True,False,True,True,True,False,True,False,True,False,True
-1.277040579808332,-0.9677462540288643,0.6101041327580379,False,False,True,True,False,True,False,False,False,True,False,True
-1.0335721302731604,-0.7873624120215119,0.33729214196665935,False,False,True,True,False,False,False,True,False,False,False,False
1.6040027396911973,2.5296281569729393,1.6368692617364986,False,True,True,False,True,True,False,True,True,True,True,True
-0.790103680737989,-0.6105338984600117,0.029758625074559564,True,False,False,True,True,True,False,True,True,False,False,False
1.5634246647686687,2.529497285987202,1.641829479750887,False,True,True,False,False,True,False,True,True,True,True,True
0.021457817712582688,0.4246119750569088,1.003614761899541,False,False,True,True,True,True,False,False,True,False,True,False
-1.277040579808332,-0.9849994123151783,-0.6977400170357829,False,False,False,True,True,False,False,False,False,False,False,False
1.1982219904659115,-0.2892674403068927,-1.2880059607480383,False,True,False,False,False,False,False,False,True,False,True,False
1.1576439155433829,1.736070123126325,1.342562992882769,True,False,True,True,True,False,False,True,True,False,False,True
1.5634246647686687,-0.40229634832165706,-1.491374899337975,False,True,False,False,False,False,False,True,False,False,False,False
1.1576439155433829,1.7807625647554743,1.1970632644607007,False,False,True,False,False,False,True,True,True,True,False,False
-0.9118379055055746,-0.630186358151502,0.49601911842709767,True,False,True,True,True,False,False,True,False,False,False,False
-0.34374485659017456,-0.008396493084561654,0.8465411914438989,False,False,True,True,True,False,False,False,True,False,False,True
0.5895508666279828,0.9864193049944392,1.0003079498899488,False,False,True,True,True,False,True,True,True,False,False,False
0.2243481923252256,-0.6487046026332726,-1.478147651299605,False,False,False,True,False,False,True,True,False,False,False,False
1.2793781403109687,-0.25600439809876546,-1.3028866147912044,False,True,False,False,False,False,False,True,True,False,False,False
0.3866604920153399,0.873281337824894,1.1722621743887571,True,True,True,True,False,False,False,True,False,True,True,False
0.7518631663180971,0.3236013858989826,-0.16699668949619206,False,False,False,False,True,True,True,False,True,True,False,False
-0.2220106318225888,-0.44079422995926004,-0.5274391985417709,False,False,False,False,True,False,False,False,True,False,False,False
-1.1147282801182177,-0.8653615195207008,-0.03307080310769703,False,False,False,True,True,False,False,False,False,True,False,False
-0.10027640705500306,-0.7411213303944759,-1.5095623653907335,False,True,False,False,False,False,False,True,False,False,True,False
1.5634246647686687,-0.39503300861325935,-1.4930283053427713,False,True,False,False,True,False,False,True,False,False,True,False
-1.277040579808332,-0.9953164083574368,-1.4798010573044011,False,False,False,True,True,False,False,False,False,False,False,False
-0.4249010064352317,-0.4574584688097578,-0.3257236659566304,False,False,False,False,True,True,False,False,False,True,False,False
-0.9929940553506318,-0.7395290667346771,0.31579786390430814,True,False,True,True,True,False,False,False,False,False,False,True
-1.277040579808332,-0.9827527937266949,-0.5274391985417709,False,False,False,False,True,False,False,False,False,True,False,False
1.6040027396911973,1.8590670378880492,0.839927567424714,False,True,True,True,False,True,False,True,True,True,True,True
-1.155306355040746,-0.9668301571287061,-1.4847612753187902,False,False,False,True,False,False,False,False,False,False,True,False
-1.277040579808332,-0.984235998231713,-0.6398708068679148,True,False,False,True,True,False,False,False,False,False,False,False
-0.7089475308929317,-0.8750241606342748,-1.4682272152708278,False,False,False,False,False,False,True,True,False,False,True,False
-1.1958844299632747,-0.930382587600981,-0.5224789805273823,True,False,False,True,True,False,False,False,False,False,False,False
-0.790103680737989,-0.7436951264473015,-0.6415242128727111,False,False,False,True,True,True,False,False,False,True,False,False
1.6040027396911973,-0.18936925452773018,-1.3028866147912044,False,True,False,False,True,False,False,True,True,False,True,False
-0.019120257209945892,-0.7244352797130219,-1.506255553381141,False,False,False,False,False,False,False,True,False,False,False,False
1.0764877656983258,-0.47076368569300875,-1.5029487413715485,False,True,False,False,False,False,False,True,False,False,True,False
0.10261396755763985,-0.7346868402624119,-1.5112157713955297,False,False,False,False,False,False,False,False,False,False,False,False
0.8330193161631543,0.487582731027311,-0.0694457352132142,False,False,False,False,True,True,True,False,False,True,True,True
-0.6683694559704032,-0.877379838377539,-1.469880621275624,False,True,False,False,True,False,False,True,False,False,True,False
-1.2364625048858033,-0.970472732898383,-0.8118250313667231,False,False,False,True,True,False,False,False,False,True,False,True
0.7924412412406258,-0.5371370872925703,-1.491374899337975,False,True,False,False,False,False,False,True,False,False,True,False
0.4272385669378685,-0.3656088486534143,-0.9837792558655312,False,False,False,True,True,True,True,False,False,False,False,False
-0.38432293151270314,-0.7795755883701667,-1.301233208786408,False,True,False,True,False,False,False,True,True,False,True,False
-0.8712598305830461,-0.7575020154425439,-0.47618361239308776,True,False,False,False,False,True,False,True,False,False,True,False
1.6040027396911973,2.3752658292962723,1.493022939319226,False,True,True,True,False,True,False,False,True,True,False,True
0.67070701647304,1.054145040113282,1.0333760699858736,True,False,True,True,True,False,False,False,True,False,False,False
-0.6277913810478746,-0.35112579289853135,0.8002458233096047,True,False,True,True,False,False,False,False,False,False,False,True
-1.1958844299632747,-0.8973158518714592,0.697734651012238,False,False,True,True,True,True,False,False,False,False,False,False
0.14319204248016842,0.08576518115313365,0.014877971031393837,False,False,False,True,True,False,True,False,False,True,False,True
0.5895508666279828,0.7484304174318971,0.7357629891225514,True,False,True,False,True,False,False,True,True,False,True,True
-0.8712598305830461,-0.8729520366934407,-1.321074080843963,False,True,False,False,False,False,False,True,True,False,True,False
0.8330193161631543,0.2518840857151645,-0.3753258461005174,True,False,False,True,False,True,True,False,False,True,False,True
-0.5060571562802889,-0.821934164087008,-1.4864146813235863,True,False,False,False,False,False,False,True,False,False,True,False
-1.1147282801182177,-0.9104465741070609,-0.6464844308870997,False,False,False,False,True,False,False,False,False,True,False,False
-1.155306355040746,-0.9140019025529131,-0.48114383040747644,False,False,False,False,True,False,False,False,True,False,False,False
0.5895508666279828,0.801411354824383,0.7274959590985703,False,False,False,True,True,True,True,False,False,True,False,True
0.46781664186039706,0.7367828997013136,0.8002458233096047,False,False,True,False,False,False,True,False,False,False,False,True
-1.155306355040746,-0.8491771409512382,0.7936321992904196,True,False,True,True,False,False,False,False,True,False,False,True
-1.2364625048858033,-0.923795414652224,1.0631373780722053,True,False,True,False,True,True,False,True,False,False,True,False
0.6301289415505114,-0.6311024550516603,-1.5112157713955297,False,True,False,False,True,False,False,True,False,False,False,False
1.6040027396911973,1.7242917344100046,0.796939011300012,False,True,False,True,True,True,False,True,True,True,False,True
0.06203589263511127,0.2594746028879044,0.6745869669450906,True,False,True,False,False,False,False,False,True,False,False,False
-1.277040579808332,-0.9951419137097876,-1.4665738092660314,False,False,False,False,True,False,False,False,False,False,False,False
0.4272385669378685,0.6783271927388342,0.8134730713479743,False,False,True,True,True,False,False,False,False,False,False,False
0.8330193161631543,0.8088491891804299,0.41169541218248984,False,False,False,False,True,True,True,True,True,True,False,False
-1.0335721302731604,-0.8596031961482775,-0.5026381084698274,True,False,False,True,True,True,True,True,False,False,True,False
1.6040027396911973,1.292744658942596,0.26619568376042113,False,True,False,True,False,True,False,False,False,True,False,True
-1.277040579808332,-0.9954690911741298,-1.491374899337975,False,False,False,False,True,False,True,True,False,False,True,False
1.4011123650785544,2.066562985773895,1.2913074067340857,True,True,True,True,False,False,False,False,True,True,True,True
-1.155306355040746,-0.8937605234256069,-0.01819014906453083,False,False,False,True,False,False,False,False,True,True,False,False
1.4822685149236117,1.6757385987016167,0.8267003193863444,True,False,True,True,True,False,False,True,True,False,False,True
0.5489727917054542,0.9114956656600673,1.1524213023312022,True,False,True,True,False,False,False,False,False,False,True,True
-0.2220106318225888,0.28887695101679334,1.312801684796437,False,False,True,True,True,False,True,False,True,True,False,True
-1.277040579808332,-0.9646053503711789,0.8481945974486951,True,False,True,True,False,False,False,True,True,False,False,True
0.7112850913955685,0.7519857458777495,0.3488659840002328,True,False,False,False,True,True,True,True,False,True,True,False
-0.6277913810478746,-0.8602793629079181,-1.4897214933331788,False,False,False,False,True,False,True,True,False,False,True,False
-0.30316678166764593,-0.11270066871686636,0.6563995008923321,True,False,True,True,True,False,False,False,True,False,False,False
-1.1958844299632747,-0.9320620985846046,-0.3174566359326492,True,False,False,False,False,True,False,False,False,False,False,True
-1.2364625048858033,-0.9332181256252804,0.5472747045757808,False,False,True,False,False,False,False,False,False,False,False,False
-1.155306355040746,-0.9671573345930483,-1.4731874332852164,False,False,False,True,False,False,True,False,False,False,True,False
-1.277040579808332,-0.995381843850305,-1.4847612753187902,False,False,False,False,True,False,False,False,False,False,False,False
0.3866604920153399,0.34307935094282366,0.27115590177481,True,False,False,False,True,False,True,True,False,True,True,False
-0.9929940553506318,-0.8543029212259332,-0.6745923329686357,False,True,False,True,True,True,False,False,False,True,True,False
1.6040027396911973,-0.22016755983781267,-1.307846832805593,False,True,False,False,True,False,False,True,True,False,False,False
1.1982219904659115,0.9533961929268296,0.21328669160694183,False,False,False,False,True,True,True,True,False,True,True,False
1.6040027396911973,-0.41328951112355605,-1.4748408392900125,True,True,False,False,True,False,False,True,False,False,True,False
1.0764877656983258,1.2617064234919961,0.8382741614199177,False,True,False,False,False,True,False,True,True,True,True,True
1.3199562152334972,2.1013964798108646,1.4252332931225806,False,False,True,True,False,False,True,True,True,True,False,True
0.30550434217028277,0.15063356641672077,-0.10086044930434274,False,False,False,True,True,True,False,False,False,True,False,True
-0.34374485659017456,0.044955245434178746,1.1474610843168136,False,False,True,True,True,False,False,False,True,False,False,True
0.10261396755763985,-0.07474808285316716,-0.1306217573906749,False,False,False,False,True,True,False,True,False,False,False,True
0.7518631663180971,0.9248881298671427,0.6795471849594795,False,True,False,False,False,True,False,True,False,True,True,True
1.6040027396911973,2.5144034989655464,1.511210405371985,False,True,True,True,False,True,False,True,True,False,False,True
0.3866604920153399,0.723085069860852,1.0019613558947449,False,False,True,True,True,False,False,True,True,False,False,True
1.5634246647686687,1.613225891181294,0.5638087646237432,False,True,False,True,False,True,False,True,False,True,True,False
0.9953316158532686,1.4439006474687088,1.1788757984079417,True,False,True,True,False,False,False,True,True,False,True,True
-1.074150205195689,-0.8047246294626066,0.5241270205086335,True,False,True,True,True,False,False,True,True,False,False,False
0.5489727917054542,-0.5819167762455443,-1.506255553381141,False,True,False,False,False,False,False,True,False,False,True,False
-0.30316678166764593,-0.17482076327997884,0.3488659840002328,True,False,True,True,True,False,False,True,False,False,True,True
-1.2364625048858033,-0.9894272139992766,-1.4847612753187902,False,False,False,False,True,False,False,False,False,False,False,False
0.34608241709281135,0.5859759004704993,0.7787515452472534,False,False,True,True,False,False,False,False,True,False,True,True
-0.8712598305830461,-0.7931207353939352,-0.6911263930165981,True,False,False,True,False,False,False,True,False,False,False,False
-0.7089475308929317,-0.3262384937775653,1.2036768884798852,True,False,True,True,True,False,False,False,False,True,False,False
-0.6683694559704032,-0.8800845054161015,-1.4946817113475674,False,True,False,False,True,False,False,False,False,False,False,False
-0.790103680737989,-0.40897076859423864,1.3872049550122676,True,False,True,True,True,False,False,False,True,False,False,True
-1.277040579808332,-0.9954472793431736,-1.4897214933331788,True,False,False,True,False,False,False,True,False,False,True,False
-1.155306355040746,-0.9629040275565993,-1.4731874332852164,False,False,False,False,False,False,False,False,False,False,True,False
0.183770117402697,-0.7009221259422933,-1.4930283053427713,True,False,False,True,False,False,True,False,False,False,False,False
1.1170658406208545,1.7165703462515278,1.3227221208252145,False,False,True,True,False,True,False,False,False,True,False,False
-0.2220106318225888,-0.8033504841123691,-1.506255553381141,False,False,False,True,True,False,False,False,False,False,False,False
0.2243481923252256,-0.6797864617457849,-1.4731874332852164,False,True,False,False,True,False,False,True,False,False,False,False
-1.0335721302731604,-0.7811024165370971,0.2943035858419569,True,False,True,True,False,False,False,False,True,False,False,False
0.4272385669378685,0.26453494766973096,-0.0033094950213651054,False,False,False,True,False,False,True,True,True,True,False,False
-0.6683694559704032,-0.7075529225529626,-0.8581203995010176,False,False,False,True,True,False,False,False,False,False,False,True
1.5634246647686687,-0.3945749601631803,-1.4897214933331788,False,True,False,False,False,False,False,True,False,False,True,False
-0.10027640705500306,0.029447033624356907,0.5241270205086335,False,True,False,False,False,False,False,True,False,True,True,True
0.9953316158532686,-0.529633817443655,-1.4831078693139936,False,True,False,True,False,False,False,True,False,False,True,False
0.95475354093074,0.7813226585137699,0.2943035858419569,True,False,True,True,False,False,False,False,False,False,False,True
-0.019120257209945892,-0.7318513022381126,-1.4946817113475674,False,False,False,False,False,False,True,False,False,False,False,False
0.06203589263511127,-0.1300846979889172,-0.13558197540506353,False,False,False,True,False,True,False,True,True,True,False,False
1.6040027396911973,1.5670066213852138,0.6530926888827399,False,True,False,False,False,True,False,True,True,True,True,False
0.06203589263511127,0.3046905284600014,0.7903253872808269,False,False,True,False,True,False,False,True,True,False,False,True
-1.277040579808332,-0.973984437682323,0.13723001538631474,True,False,True,False,True,False,False,False,False,False,False,False
-1.074150205195689,-0.8835089628762168,-0.6696321149542469,False,False,False,False,True,False,False,False,False,False,False,False
0.14319204248016842,-0.45132934431107996,-0.9953530978991049,False,False,False,True,False,False,False,False,False,True,False,True
0.10261396755763985,0.1567408790844425,0.2810763378035873,False,False,False,True,True,False,True,True,True,True,True,False
-1.1958844299632747,-0.9749223464134374,-1.329341110867944,True,False,False,False,True,False,False,False,False,False,False,False
-1.0335721302731604,-0.7789648571033945,0.15707088744386982,False,False,False,False,True,True,False,True,False,False,True,False
-1.155306355040746,-0.9158995318460981,-0.5522402886137144,False,False,False,False,False,True,False,False,False,True,False,False
-1.155306355040746,-0.9766891047208854,-1.4583067792420503,False,False,False,False,False,False,False,True,False,False,True,False
1.441690440001083,0.5908617506046766,-0.39516671815807225,True,True,False,True,False,False,False,True,False,False,True,True
-0.4654790813577603,-0.8167429483194447,-1.469880621275624,False,False,False,False,True,False,True,False,False,False,False,False
1.5634246647686687,1.539654585366203,0.5869564486908905,False,True,False,True,False,True,False,True,True,True,False,True
0.9141754660082114,1.0029744846901563,0.6663199369211094,True,False,True,True,False,True,False,True,True,False,True,True
0.95475354093074,1.4305299950925896,1.1127395582160924,True,False,True,False,True,False,False,False,True,False,False,True
0.7112850913955685,1.0970925352659393,1.0168420099379112,True,False,True,True,True,False,False,False,True,False,False,False
0.5895508666279828,0.664847481207934,0.5092463664654673,True,False,True,False,False,True,False,True,True,False,False,False
-0.9118379055055746,-0.8933679104683961,-1.3409149529015179,False,False,False,True,True,False,False,True,True,False,True,False
-0.34374485659017456,-0.7547101010801568,-1.3309945168727402,False,True,False,False,False,False,False,True,True,False,True,False
1.2388000653884401,1.9803408180042377,1.4649150372376902,False,True,True,True,False,False,False,True,True,True,False,True
-0.059698332132474476,0.04464987980079274,0.4927123064175049,False,False,True,True,False,False,False,False,True,True,False,False
1.2388000653884401,1.7085872161215772,1.092898686158538,False,True,True,False,False,True,False,False,True,False,False,True
-0.34374485659017456,-0.4408160417902162,-0.3356441019854079,False,False,False,False,True,False,False,False,True,False,False,True
1.6040027396911973,1.280617280930977,0.31083764588991925,True,True,False,True,False,True,False,True,False,True,True,True
0.9953316158532686,1.5171447758194574,1.202023482475089,False,True,True,False,False,True,False,False,True,True,False,False
1.441690440001083,-0.375227866105076,-1.499641929361956,False,True,False,False,False,False,False,False,False,False,False,False
0.5489727917054542,0.06892644765498665,-0.3918599061484797,True,False,False,False,False,True,False,True,True,False,False,False
-0.38432293151270314,-0.1421902641695799,0.7225357410841814,True,False,True,False,True,False,False,True,True,False,False,False
-1.0335721302731604,-0.7484719174266982,0.4877520884031165,True,False,True,True,False,False,False,False,False,False,False,False
1.3199562152334972,1.7950711258627083,1.1276202122592587,False,True,True,True,False,True,False,True,True,True,True,True
0.10261396755763985,-0.03766797022771381,-0.09259341928036156,False,False,False,True,False,True,True,True,False,False,False,False
-0.5060571562802889,-0.39810847677807637,0.2099798795973491,False,False,True,False,True,False,False,False,False,False,False,False
-0.5872133061253461,-0.20308889619914794,1.150767896326406,False,False,True,False,False,False,False,True,True,True,False,False
-0.6277913810478746,-0.2887003327020329,1.015188603933115,False,False,True,True,True,False,False,False,True,True,False,False
0.7518631663180971,1.474088221512019,1.405392421065026,False,False,True,False,False,True,True,False,True,False,False,True
1.6040027396911973,2.503933820106595,1.5641193975254644,False,True,True,True,True,False,False,True,True,True,True,True
0.46781664186039706,0.2866739560902222,0.12896298536233355,False,False,True,False,True,False,False,False,False,False,False,False
0.3866604920153399,0.20108433141829352,0.051252903136910784,False,True,False,False,False,False,False,False,False,True,False,False
-0.8712598305830461,-0.616423092818172,0.6563995008923321,True,False,True,False,True,False,False,False,False,False,False,False
0.06203589263511127,-0.13462155882779614,-0.12235472736669373,False,False,False,False,False,True,True,True,False,True,True,False
0.021457817712582688,0.19894677198459088,0.6084507267532412,True,False,True,True,False,False,False,False,True,False,False,False
-1.277040579808332,-0.9956217739908229,-1.5029487413715485,False,False,False,False,False,False,False,False,False,False,False,False
1.4822685149236117,2.201687278547239,1.3739777069738974,False,True,True,True,True,False,False,False,True,True,False,False
1.6040027396911973,0.9711510233251349,-0.01653674305973469,False,True,False,False,False,True,False,True,False,True,True,True
1.6040027396911973,2.0949838015097573,1.059830566062613,False,True,True,True,False,True,False,True,True,True,False,True
1.3605342901560258,0.38190441004476894,-0.5803481906952505,False,True,False,True,False,True,False,False,False,True,False,True
-1.155306355040746,-0.967397264733566,-1.3061934268007966,False,False,False,True,False,False,False,False,True,False,True,False
0.46781664186039706,-0.5619589509206679,-1.3260342988583516,True,False,False,False,True,False,True,True,True,False,True,False
1.6040027396911973,-0.4022091009978324,-1.4963351173523636,False,True,False,False,False,False,False,True,False,False,True,False
1.4822685149236117,-0.38787872805964246,-1.4798010573044011,False,True,False,False,False,False,False,True,False,False,True,False
-0.34374485659017456,-0.023446656444304482,0.9275580856789145,True,False,True,True,True,False,False,True,True,False,False,False
-1.1147282801182177,-0.7639365055746079,1.3342959628587878,True,False,True,False,True,False,False,False,True,False,False,True
1.3199562152334972,1.3773745630524543,0.6580529068971283,False,True,False,True,False,True,False,False,False,True,False,True
1.1576439155433829,1.8409632181944453,1.4153128570938034,True,False,True,True,True,True,True,False,True,False,False,True
1.52284658984614,1.5835181774190188,0.6944278390026457,False,True,False,True,True,False,False,True,True,True,True,True
1.6040027396911973,2.716751854745741,1.7261531859954953,False,True,True,True,False,True,False,True,True,True,False,True
-1.0335721302731604,-0.853975743761591,-0.634910588853526,False,False,False,True,True,False,False,False,False,False,True,False
1.52284658984614,-0.392786390024776,-1.512869177400326,False,True,False,True,False,False,False,True,False,False,True,False
-0.4654790813577603,-0.19146319029952047,0.8300071313959366,True,False,True,True,False,False,False,False,False,False,False,True
-0.34374485659017456,0.05651551584093773,1.1358872422832398,False,False,True,True,False,False,False,True,False,False,False,True
-0.4654790813577603,-0.013064224909177665,1.3028812487676593,True,False,True,True,True,False,False,False,True,False,False,True
1.4011123650785544,-0.4531397262804404,-1.4847612753187902,False,True,False,True,False,False,False,True,False,False,False,False
-0.7495256058154603,-0.49632715157361545,0.6960812450074418,False,False,True,True,False,True,False,False,True,True,True,False
1.4011123650785544,0.7929047407514849,-0.13227516339547102,False,False,False,True,True,True,True,True,False,True,False,True
-0.6277913810478746,-0.34318628643049315,0.9126774316357483,True,False,True,True,True,False,False,True,True,False,True,False
1.3199562152334972,1.0922721206246302,0.3058774278755308,False,True,False,True,True,False,False,False,True,True,False,True
1.5634246647686687,2.365232387056444,1.3574436469259352,False,True,True,True,True,False,False,True,True,False,True,True
-1.277040579808332,-0.9668519689596623,0.6778937789546833,True,False,True,True,False,False,False,False,False,False,False,False
-0.6277913810478746,-0.47375190653400123,0.31745126990910427,False,False,False,False,False,True,False,True,False,False,True,True
0.14319204248016842,-0.6900162104642188,-1.4583067792420503,False,False,False,False,True,False,True,True,False,False,False,False
-1.277040579808332,-0.9719995610653134,0.28768996182277234,True,False,True,True,True,False,False,False,True,False,False,False
0.2243481923252256,-0.02231244123458477,-0.2579340197599849,False,False,False,True,False,True,False,False,False,False,False,True
1.441690440001083,1.3052864617423818,0.3587864200290101,False,False,False,True,True,False,True,True,True,True,True,True
-1.074150205195689,-0.9549427092576048,-1.463266997256439,False,False,False,False,False,False,False,False,False,False,False,False
-1.277040579808332,-0.9738753785275422,0.1454970454102959,True,False,True,True,True,False,False,False,False,False,False,False
0.6301289415505114,1.314512866236833,1.5376649014487247,False,False,True,True,True,True,False,True,True,False,False,True
-1.2364625048858033,-0.9847594821746606,-1.5095623653907335,False,False,False,False,False,False,False,False,False,False,False,False
-0.2220106318225888,-0.35952334781664874,-0.3141498239230567,False,False,False,False,True,True,True,False,False,False,False,True
1.6040027396911973,2.4312349875297503,1.454994601208913,False,True,True,True,True,True,False,True,True,True,False,True
1.3605342901560258,0.8003207632765755,-0.08101957724678789,False,True,False,True,False,True,False,False,False,True,False,True
-0.7495256058154603,-0.6572548403680829,-0.3058827938990755,False,False,False,False,False,True,True,False,False,True,False,False
1.6040027396911973,2.6119241951704892,1.6236420136981287,False,True,True,True,True,True,False,True,True,True,True,True
1.2388000653884401,1.9944530726328662,1.407045827069822,True,False,True,True,False,False,True,True,True,False,False,True
1.4011123650785544,2.045034708620176,1.2549324746285688,False,True,True,False,True,False,False,True,True,True,False,True
-0.5872133061253461,-0.33784238784623666,0.8283537253911405,False,False,True,True,False,False,False,False,True,False,False,True
0.46781664186039706,-0.016052445750170043,-0.5257857925369748,True,False,False,True,False,False,True,False,False,False,False,False
-0.38432293151270314,-0.051016810772876967,1.306188060777252,True,False,True,True,True,False,False,True,True,False,False,True
0.9953316158532686,1.424597177072517,1.003614761899541,False,False,True,True,False,False,False,True,False,True,True,True
-1.155306355040746,-0.9642563610758804,-1.4814544633091975,True,False,False,False,False,False,False,True,False,False,False,False
0.6301289415505114,-0.6045356449470708,-1.491374899337975,False,True,False,False,True,False,False,False,False,False,False,False
-0.2220106318225888,-0.07841247045380002,0.5456212985709846,True,False,True,True,True,False,False,False,True,False,False,True
-1.277040579808332,-0.9603956669966421,1.1673019563743683,False,False,True,True,False,False,False,False,True,False,False,True
0.7518631663180971,1.1936971345707232,1.1259668062544625,True,False,True,True,True,False,False,False,False,False,False,True
-1.1958844299632747,-0.8981447014477929,0.8779559055350274,False,False,True,True,False,False,False,True,True,False,False,True
0.8330193161631543,1.1213036676272647,0.9424387397220807,True,False,True,True,False,False,True,True,False,True,False,False
-0.8712598305830461,-0.913391171286141,-1.478147651299605,False,False,False,False,True,False,False,False,False,False,False,False
1.52284658984614,1.7469978504353558,0.7804049512520496,False,True,False,True,True,True,False,True,True,True,False,True
-1.0335721302731604,-0.7792702227367806,0.16203110545825825,False,False,True,True,False,False,False,False,False,False,False,False
-0.8712598305830461,-0.6000642196010603,0.2943035858419569,True,False,True,True,True,False,False,False,False,True,False,False
0.7924412412406258,0.8929119856854282,0.6332518168251847,True,False,True,False,True,True,False,True,False,False,False,False
0.5489727917054542,-0.5996934184748057,-1.4880680873283825,False,True,False,True,False,False,False,True,False,False,True,False
-1.277040579808332,-0.9866352996368895,-0.8217454673955004,True,False,False,False,False,False,False,True,False,True,True,False
1.6040027396911973,1.4746771409478352,0.44641693828321066,False,True,False,False,False,True,False,True,True,True,False,True
0.5083947167829257,0.828174471407578,0.9573193937652469,False,False,True,True,True,False,False,False,True,False,False,False
-0.18143255690006022,-0.6504059254478523,-1.152426668354747,False,False,False,True,True,False,False,False,False,True,False,False
1.3605342901560258,1.6032142607724211,0.8085128533335859,False,False,True,False,True,False,False,False,True,False,False,True
-0.38432293151270314,-0.003946879569507331,1.157381520345591,False,False,True,True,True,True,True,False,False,False,False,False
-1.2364625048858033,-0.9249514416929,0.6845074029738684,True,False,True,True,True,False,False,False,True,False,False,False
-1.277040579808332,-0.9735045774012878,0.17360494749183214,True,False,True,True,False,False,False,False,False,False,False,False
0.183770117402697,0.44162520320270504,1.0019613558947449,True,False,True,True,False,False,False,True,True,False,True,False
-0.8306817556605175,-0.6074802421261509,0.44145672026882177,True,False,True,True,False,True,False,False,True,False,True,False
-1.1958844299632747,-0.9281359690124978,-0.011576525045346273,True,False,False,False,False,False,False,False,True,True,False,False
-0.10027640705500306,-0.16221352498732464,-0.014883337054938552,False,False,False,False,True,False,True,False,False,False,True,True
-0.8712598305830461,-0.7503695467198831,-0.4613029583499216,False,False,False,False,False,True,False,True,False,False,True,False
0.8735973910856829,1.4577293482949072,1.3376027748683805,False,False,True,True,True,True,True,False,False,True,False,True
0.7924412412406258,1.1741755458649699,1.0978589041729268,False,False,True,False,False,True,False,True,True,False,True,True
1.6040027396911973,2.3218268434537075,1.4864093153000415,True,True,True,True,False,True,False,False,False,True,False,True
0.7112850913955685,1.3540795275912874,1.4781422852760604,False,False,True,True,False,True,False,True,True,True,False,True
-0.6683694559704032,-0.8751986552819241,-1.5079089593859372,False,False,False,False,False,False,True,False,False,False,False,False
1.5634246647686687,1.688324025163315,0.7093084930458119,False,True,True,True,True,False,False,False,True,True,False,False
-1.155306355040746,-0.8621551803701469,0.2909967738323646,True,False,True,True,False,False,False,True,False,False,True,False
-0.7495256058154603,-0.6021799672038066,0.15541748143907366,True,False,False,True,False,False,False,False,False,True,False,False
-1.277040579808332,-0.9717160072628834,0.3091842398851231,False,False,True,True,True,False,False,False,False,True,False,False
-0.30316678166764593,0.029337974469576162,1.1425008663024248,True,False,True,True,False,False,False,False,False,False,False,True
-1.277040579808332,-0.9738753785275422,0.1454970454102959,True,False,True,True,True,False,False,False,False,False,False,False
-1.155306355040746,-0.9189313763490028,-0.35217816203337027,True,False,False,False,True,False,False,False,False,False,False,False
-0.9929940553506318,-0.7586580424832198,0.16533791746785098,False,False,True,True,True,False,False,False,False,False,False,False
-0.38432293151270314,-0.5158269284484127,-0.5125585444986047,True,False,False,True,False,False,True,False,False,True,True,False
-0.019120257209945892,0.486426703986635,1.2929608127388819,False,False,True,True,False,False,True,False,True,False,False,True
-1.1147282801182177,-0.9636674416400645,-1.4748408392900125,False,False,False,False,True,False,False,False,False,False,False,False
0.8330193161631543,-0.44766495671044704,-1.3177672688343705,False,True,False,False,False,False,False,True,True,False,False,False
-0.38432293151270314,-0.8060769629818878,-1.4566533732372542,False,True,False,False,True,False,False,True,False,False,True,False
1.0764877656983258,-0.5033941848034078,-1.5029487413715485,False,True,False,False,True,False,False,True,False,False,True,False
-0.30316678166764593,0.0927885907210136,1.1094327462065001,True,False,True,True,False,False,False,True,False,False,False,True
-1.277040579808332,-0.9734609537393754,0.17691175950142443,True,False,True,True,True,False,False,True,False,False,False,False
1.3199562152334972,2.085670149691482,1.4120060450842111,False,True,True,True,False,False,False,True,True,True,False,True
-0.7495256058154603,-0.6866135648350596,-0.4464223043067554,False,False,False,False,False,False,True,False,False,False,False,True
0.9953316158532686,1.1096125262347687,0.6464790648635548,True,True,False,True,False,True,False,True,True,True,True,False
0.4272385669378685,0.39121806186304453,0.3389455479714555,True,False,True,True,True,True,False,False,False,False,False,False
-0.8712598305830461,-0.5470832822085742,0.8184332893623631,False,False,True,False,False,False,False,False,False,False,False,False
-0.059698332132474476,0.08524169721018596,0.47121802835515414,False,True,False,False,False,False,False,False,False,True,False,True
-1.277040579808332,-0.9731119644440771,0.20336625557816407,False,False,True,False,False,False,False,False,False,False,False,False
-0.8712598305830461,-0.6856974679349013,-0.12235472736669373,True,False,False,True,True,False,True,False,False,False,False,True
-0.9118379055055746,-0.5641619458472389,1.1110861522112963,True,False,True,False,True,True,False,False,True,False,False,False
0.2243481923252256,0.41996605506324897,0.6382120348395737,False,False,True,True,False,False,False,False,False,True,False,True
-0.019120257209945892,0.39385729340873865,1.1441542723072209,False,False,True,True,True,True,False,True,True,False,True,False
-0.9524159804281033,-0.9148961876221152,-1.4450795312036804,False,False,False,True,True,False,False,True,False,False,False,False
-0.4654790813577603,-0.8283904660500283,-1.469880621275624,False,False,False,False,True,False,False,False,False,False,False,False
-0.18143255690006022,-0.7705891140162333,-1.478147651299605,False,False,False,False,False,False,False,False,False,False,True,False
1.4011123650785544,2.0449256494653953,1.3376027748683805,True,False,True,True,True,False,True,True,True,False,True,True
-1.277040579808332,-0.9952945965264806,-1.478147651299605,False,False,False,True,True,False,False,False,False,False,False,False
-0.30316678166764593,-0.20236910577759498,0.4431101262736179,False,False,False,True,False,True,False,False,True,True,False,True
-1.155306355040746,-0.967986184169382,-1.47153402728042,False,False,False,False,False,False,False,False,False,False,False,False
-1.277040579808332,-0.9954036556812613,-1.4864146813235863,False,False,False,False,True,False,False,False,False,False,False,False
1.1170658406208545,1.305570015544812,0.810166259338382,True,False,True,False,False,False,False,True,True,False,False,True
-0.7495256058154603,-0.8765728006321614,-1.4731874332852164,False,True,False,False,False,False,False,True,False,False,False,False
-1.1147282801182177,-0.8291538801334934,0.6762403729498871,True,False,True,True,True,False,False,True,True,True,False,True
1.2793781403109687,0.39634384213773954,-0.4993312964602349,True,True,False,False,False,False,False,True,False,True,True,True
0.8330193161631543,1.4746771409478352,1.342562992882769,True,True,True,False,False,False,False,False,True,False,False,True
0.9141754660082114,0.8082384579136579,0.3736670740721763,True,False,False,False,False,True,True,True,True,True,True,False
-1.1147282801182177,-0.9563168546078423,-1.4880680873283825,False,False,False,False,False,False,False,False,False,False,False,False
-0.10027640705500306,0.3838892866617786,1.3475232108971578,False,False,True,True,True,True,False,True,True,True,False,True
-1.2364625048858033,-0.9295973616865597,0.9556659877604503,True,False,True,True,False,False,False,False,True,False,False,False
1.441690440001083,0.6748591116168066,-0.2992691698798907,False,False,False,False,False,True,True,True,False,True,False,False
-0.30316678166764593,-0.7655723928963191,-1.307846832805593,False,False,False,True,True,False,False,True,True,False,True,False
-1.1958844299632747,-0.9015909707388643,0.6398654408443698,True,False,True,False,True,False,False,False,False,False,False,True
0.06203589263511127,0.6967800017277364,1.696391877909163,False,False,True,False,True,True,True,False,True,True,False,True
0.95475354093074,-0.5125987774669026,-1.4880680873283825,False,False,False,False,True,False,True,True,False,False,False,False
-1.0335721302731604,-0.8952655397615811,-0.9738588198367539,False,False,False,True,True,False,True,False,False,True,False,False
-1.1147282801182177,-0.9493806923637869,-1.3194206748391668,False,False,False,False,False,False,False,True,False,False,True,False
-1.2364625048858033,-0.941353938571924,0.16533791746785098,False,False,True,False,True,False,False,True,False,False,True,False
-0.6277913810478746,-0.47759078878228345,0.19344581954938675,True,False,True,True,True,False,False,False,False,False,False,False
1.1170658406208545,1.6903307136112806,1.2053302944846818,False,False,True,True,False,True,True,False,True,False,False,False
0.46781664186039706,-0.6254313790030616,-1.4897214933331788,False,True,False,False,False,False,False,False,False,False,True,False
-1.277040579808332,-0.9735918247251123,0.1669913234726471,True,False,True,False,True,False,False,True,False,False,False,False
-0.26258870674511736,-0.783436282449405,-1.4847612753187902,False,False,False,True,True,False,True,True,False,False,True,False
0.9953316158532686,1.6001387926076045,1.4219264811129884,True,True,True,False,True,False,False,True,True,True,False,False
-0.5466352312028174,-0.5481520619254255,-0.22321249365926385,True,False,False,False,False,False,True,False,False,False,False,True
0.34608241709281135,0.694402512153516,0.9705466418036165,False,False,True,True,False,True,False,True,True,False,True,True
-1.155306355040746,-0.8447275274361838,0.8829161235494164,True,False,True,True,False,False,False,True,True,False,False,True
1.5634246647686687,2.694111174213259,1.7757553661393823,True,True,True,True,False,True,False,False,True,True,False,True
-0.8712598305830461,-0.6325420358947661,0.4315362842400445,False,False,True,True,True,False,False,False,True,False,True,False
1.52284658984614,1.8202637906170605,0.9011035896021748,False,True,False,True,False,True,False,True,True,True,False,True
-1.155306355040746,-0.9402633470241165,-0.7456887911748737,False,False,False,False,True,True,False,False,False,True,False,True
-1.1958844299632747,-0.9787612286617196,-1.4930283053427713,False,False,False,True,True,False,False,False,False,False,False,False
1.1576439155433829,-0.4462689995292535,-1.478147651299605,False,True,False,False,False,False,False,True,False,False,False,False
-1.1958844299632747,-0.9512346979950596,-1.2747787127096684,False,True,False,True,True,False,False,False,True,False,True,False
0.30550434217028277,-0.255350043170081,-0.7473421971796699,True,False,False,True,True,True,True,True,False,False,False,True
0.67070701647304,0.9658507484027908,0.8564616274726763,False,False,True,True,False,False,False,False,True,False,False,False
-1.277040579808332,-0.995643585821779,-1.5046021473763447,False,False,False,False,True,False,False,False,False,False,False,False
-0.38432293151270314,-0.045149428245672765,0.8647286574966574,False,True,False,True,False,True,False,True,True,True,True,True
0.14319204248016842,-0.7333345067431307,-1.5012953353667524,False,False,False,False,False,False,True,False,False,False,False,False
0.183770117402697,0.6581730609353525,1.1606883323551833,True,False,True,True,False,False,False,False,True,False,False,False
-0.8712598305830461,-0.7388310881440803,-0.32737707196142674,False,False,False,True,True,False,False,True,False,False,False,False
-0.8306817556605175,-0.7451128954594513,-0.48610404842186505,False,False,False,False,True,False,False,False,False,True,False,False
-1.277040579808332,-0.9683787971265928,0.5621553586189469,True,False,True,True,False,False,False,False,False,False,False,False
-1.277040579808332,-0.9844323047103183,-0.6547514609110809,True,False,False,False,False,False,False,False,False,False,False,False
-1.2364625048858033,-0.9769726585233154,-1.0003133159134936,True,False,False,True,False,False,False,False,False,False,False,False
-0.14085448197753164,-0.6978902814393886,-1.3161138628295743,True,False,False,False,False,False,False,False,True,False,False,False
-1.277040579808332,-0.9695784478291809,0.47121802835515414,True,False,True,True,False,False,False,False,False,False,False,False
-1.1147282801182177,-0.9095086653759464,-0.5208255745225858,True,False,False,True,True,False,False,False,False,True,False,False
1.6040027396911973,1.1282834535332324,0.1256561733527413,False,True,False,False,False,True,False,True,False,False,True,True
1.6040027396911973,2.485241080977176,1.4946763453240226,True,True,True,True,False,False,False,True,True,True,False,True
1.441690440001083,2.2910285381436246,1.5161706233863734,False,True,True,True,False,True,False,True,True,False,False,True
0.95475354093074,1.2728740809415442,1.0548703480482242,True,False,True,True,False,True,False,False,True,False,False,True
-0.34374485659017456,-0.45028237642518487,-0.45799614634032904,False,False,False,True,True,False,False,False,False,True,False,False
-1.1958844299632747,-0.9092251115735165,0.5009793364414861,False,False,True,False,False,False,False,False,False,True,False,False
0.3866604920153399,0.4412980257383628,0.49436571242230154,True,False,True,False,True,False,False,False,True,False,False,False
-0.8712598305830461,-0.693418856093378,0.1454970454102959,True,False,False,True,True,False,False,False,False,False,False,False
1.2793781403109687,2.2223430824627113,1.6550567277892572,True,False,True,True,False,True,True,True,True,True,False,True
0.34608241709281135,0.9741610559970832,1.5541989614966871,True,False,True,True,True,False,True,True,True,True,True,True
1.3605342901560258,2.0721904381605816,1.4020856090554332,False,False,True,True,True,False,True,True,True,True,False,True
-0.7495256058154603,-0.48860576341513867,0.5621553586189469,False,True,False,False,True,False,False,True,False,True,False,True
-0.8306817556605175,-0.8692876490928076,-1.1821879764410792,False,False,False,False,False,False,False,True,False,False,True,True
0.30550434217028277,-0.32183250392442325,-0.8167852493811117,False,False,False,False,True,True,True,False,False,True,True,True
-0.9524159804281033,-0.673199288797028,0.6745869669450906,True,False,True,True,True,False,False,False,True,False,False,False
1.6040027396911973,1.3523782047767074,0.47121802835515414,False,True,False,False,False,True,False,True,True,True,False,True
1.6040027396911973,2.286840666600044,1.3409095868779728,True,True,True,True,False,True,False,True,True,False,False,False
-0.6277913810478746,-0.6025725801610173,-0.3174566359326492,False,False,False,True,False,True,False,True,False,True,True,False
1.441690440001083,0.9762113681069616,-0.01984355506932744,False,True,False,False,False,True,False,False,False,True,False,True
-0.059698332132474476,0.2273675877204531,0.8052060413239931,True,False,True,False,True,True,False,True,True,True,True,False
-1.0335721302731604,-0.7624314892386336,0.3554796080194178,True,False,False,True,False,True,False,True,False,True,True,True
-0.019120257209945892,0.0006772285931962223,0.3290251119426782,True,False,True,True,True,False,False,True,True,False,False,False
-0.38432293151270314,-0.4712435459740441,-0.3538315680381664,True,False,False,False,False,False,False,True,False,True,False,False
-0.790103680737989,-0.8931061684969224,-1.47153402728042,False,False,False,True,False,False,False,True,False,False,True,False
-0.5872133061253461,-0.8057934091794577,-1.3111536448151857,False,True,False,False,False,False,False,False,True,False,True,False
-1.277040579808332,-0.9738535666965861,0.1471504514150925,False,False,True,True,False,False,False,True,False,False,False,False
-0.9929940553506318,-0.670429186265597,0.6597063129019248,True,False,True,True,False,False,False,True,True,False,False,False
-0.4249010064352317,-0.8067967534034407,-1.4616135912516428,False,False,False,False,False,False,True,True,False,False,True,False
-0.9524159804281033,-0.9180152794488445,-1.499641929361956,False,True,False,False,True,False,False,True,False,False,True,False
-1.277040579808332,-0.9666120388191446,0.6960812450074418,True,False,True,True,False,False,False,False,False,False,False,True
-0.26258870674511736,-0.5575311492365697,-0.8267056854098891,False,False,False,True,True,False,True,False,False,False,True,True
-0.5872133061253461,-0.6497297586882115,-0.6134163107911751,False,False,False,False,True,False,True,True,False,False,True,True
1.6040027396911973,1.4886149009288143,0.5042861484510788,False,True,False,False,False,True,False,True,True,True,True,True
-1.2364625048858033,-0.9617698123468795,-0.6729389269638394,True,False,False,False,False,False,False,True,False,False,False,False
-1.0335721302731604,-0.7768054858387358,0.32075808191869704,True,False,False,True,False,False,False,False,True,True,False,False
-1.0335721302731604,-0.8886129313199557,-0.9804724438559389,False,False,False,False,True,True,True,False,False,False,False,False
-0.7089475308929317,-0.855437136435653,-1.5046021473763447,False,False,False,True,True,False,False,True,False,False,False,False
1.5634246647686687,0.46939166400988275,-0.5737345666760654,False,True,False,True,False,True,False,True,False,True,False,True
-0.2220106318225888,-0.1626279497754915,0.35713301402421394,False,False,True,True,True,False,False,True,True,False,True,False
0.5489727917054542,0.40537394015358535,0.18683219553020172,False,False,False,False,False,True,True,True,False,True,False,True
-0.059698332132474476,-0.7470759602455046,-1.4831078693139936,False,False,False,False,False,False,True,False,False,False,True,False
0.7518631663180971,0.6567771037541589,0.4150022241920821,True,False,True,True,False,True,False,True,True,False,False,False
-0.30316678166764593,-0.3913686210126263,-0.15211603545302588,True,False,False,False,True,False,False,True,True,False,True,False
-0.30316678166764593,-0.7957817787705854,-1.5145225834051224,False,False,False,True,True,False,False,True,False,False,True,False
1.52284658984614,2.4286393796459693,1.590573893602204,False,True,True,True,False,True,False,True,True,True,True,True
1.6040027396911973,-0.35321972867032175,-1.463266997256439,False,True,False,False,True,False,False,True,False,False,False,False
-1.277040579808332,-0.9732210235988578,0.1950992255541829,False,False,True,False,True,False,False,True,False,False,False,False
-1.1958844299632747,-0.9486827137731901,-0.6597116789254696,True,False,False,False,False,False,False,False,False,False,False,False
-0.30316678166764593,-0.23314559925672135,0.19840603756377564,False,False,True,False,True,False,False,False,False,False,False,False
0.34608241709281135,0.24702004741194344,0.1752583534966283,False,False,True,False,False,False,False,False,False,False,False,False
-1.277040579808332,-0.9951855373716998,-1.469880621275624,False,False,False,True,False,False,False,True,False,False,True,False
1.52284658984614,2.1843032492751875,1.3177619028108254,True,False,True,True,True,False,True,True,True,False,False,True
1.0764877656983258,1.6284941728505982,1.1606883323551833,False,True,True,True,False,False,False,True,False,True,False,True
-0.8306817556605175,-0.9084398856590952,-1.5079089593859372,False,False,False,True,False,False,True,False,False,False,False,False
-1.2364625048858033,-0.9820548151360982,-1.506255553381141,False,False,False,False,True,False,False,False,False,False,False,False
-0.9524159804281033,-0.76862604923018,-0.21329205763048656,False,False,False,False,False,True,False,False,False,True,False,False
-0.5872133061253461,-0.26778278681508594,0.9837738898419865,True,False,True,True,True,False,False,True,True,False,False,False
-1.277040579808332,-0.9931134134308657,-1.3128070508199818,False,False,False,False,False,False,False,False,False,False,False,False
0.46781664186039706,-0.646436172213833,-1.5012953353667524,False,True,False,False,True,False,False,False,False,False,True,False
-0.790103680737989,-0.5794738511784555,0.4910589004127088,True,False,True,True,True,False,False,False,False,False,False,True
0.14319204248016842,0.33389657011028484,0.6597063129019248,True,False,True,True,True,False,False,False,True,False,False,False
0.8330193161631543,-0.5198839290062565,-1.4897214933331788,False,True,False,False,True,False,False,True,False,False,False,False
1.6040027396911973,2.6305733106379967,1.6385226677412947,False,True,True,True,True,True,False,True,True,True,False,True
-0.34374485659017456,-0.7900888908910305,-1.450039749218069,False,True,False,True,False,False,False,True,False,False,True,False
0.7112850913955685,0.487015623422451,0.1504572634246848,False,True,False,False,True,False,False,False,True,True,False,False
-0.059698332132474476,-0.7034086746712943,-1.4566533732372542,False,True,False,False,False,False,False,False,False,False,False,False
1.5634246647686687,2.519834644873628,1.660016945803646,False,True,True,True,False,True,False,True,True,True,False,True
-0.6277913810478746,-0.24354984262280438,1.297921030753271,True,False,True,True,False,True,False,True,True,False,True,False
1.1170658406208545,0.2642513938673012,-0.5125585444986047,False,True,False,True,False,False,False,True,False,False,False,True
-0.6277913810478746,-0.5370498399687457,-0.09920704329954635,False,False,False,True,False,False,True,True,True,True,True,False
-1.2364625048858033,-0.9408086427980202,0.4794850583791353,True,False,True,True,True,False,False,False,True,False,False,True
-0.2220106318225888,-0.14371709233651034,0.3124910518947158,False,False,True,False,False,True,False,True,False,False,True,False
-1.277040579808332,-0.9799390675333517,-0.3141498239230567,True,False,False,True,False,False,False,False,False,False,False,False
1.1982219904659115,-0.3218761275863355,-1.2946195847672233,False,True,False,True,False,False,False,False,True,False,False,False
1.2793781403109687,1.4515129764724046,0.8366207554151216,False,False,True,False,True,False,True,True,True,False,True,False
1.441690440001083,-0.3991118210020592,-1.4847612753187902,False,True,False,False,False,False,False,False,False,False,False,False
0.06203589263511127,-0.6916084741240176,-1.4649204032612353,False,False,False,False,False,False,False,True,False,False,True,False
-1.0335721302731604,-0.9477884287039879,-1.478147651299605,False,False,False,False,False,False,True,False,False,False,False,False
0.8330193161631543,1.1170721724217718,0.8663820635014541,True,False,True,True,False,False,True,True,True,True,False,False
-0.8306817556605175,-0.6387802195482247,0.16203110545825825,False,False,False,True,True,True,False,False,False,False,True,False
-0.9524159804281033,-0.6680080730294644,0.7043482750314229,True,False,True,False,True,False,False,False,False,True,False,False
-0.5466352312028174,-0.27997560031957325,0.8481945974486951,True,False,True,True,True,True,False,False,True,False,False,False
0.7924412412406258,0.11047798562645054,-0.5340528225609559,False,False,False,True,True,True,False,False,False,False,False,False
-0.8306817556605175,-0.503285125648627,1.0284158519714846,True,False,True,True,True,False,False,False,True,False,False,False
0.7518631663180971,-0.5644891233115812,-1.5161759894099185,True,False,False,False,True,False,True,False,False,False,False,False
1.6040027396911973,2.1952527884151745,1.1805292044127385,False,True,True,False,False,True,False,True,True,False,False,True
-1.277040579808332,-0.9712579588128044,0.3439057659858439,True,False,True,True,True,False,False,False,False,False,True,True
0.6301289415505114,1.3685189596842577,1.7360736220242727,True,False,True,False,False,True,False,True,True,True,False,True
-1.277040579808332,-0.9904523700542155,-1.1110915182348413,False,False,False,True,True,False,False,False,False,False,True,True
-1.0335721302731604,-0.7104320842391743,1.1524213023312022,True,False,True,True,True,False,False,False,True,False,False,True
-0.6277913810478746,-0.3030088938092666,0.9738534538132092,True,False,True,False,False,True,False,True,True,False,True,False
1.3605342901560258,2.2169119365546304,1.6319090437221098,False,False,True,True,True,True,True,False,True,True,False,True
1.6040027396911973,1.9174354975267043,0.8729956875206386,False,True,False,True,False,True,False,False,True,True,False,True
-0.26258870674511736,-0.047461482327024636,0.5208202084990412,True,False,True,True,False,False,False,False,True,False,False,False
-1.277040579808332,-0.9710616523341989,0.3587864200290101,True,False,True,False,False,False,False,False,False,False,False,True
0.5489727917054542,1.0305664508496848,1.015188603933115,False,False,True,True,False,True,True,False,False,False,False,True
-0.9929940553506318,-0.7164521495830714,0.6845074029738684,False,False,True,True,True,False,False,True,True,False,False,False
-0.9929940553506318,-0.7913539770864871,-0.16368987748659955,True,False,False,True,False,True,False,False,False,False,False,False
1.0359096907757972,1.5176246361004926,1.1226599942448703,True,False,True,True,True,False,False,True,True,False,False,True
1.4011123650785544,1.6747352544776342,0.909370619626156,False,True,True,True,False,True,False,False,False,True,False,True
1.4822685149236117,-0.27210152934440346,-1.3343013288823327,False,True,False,False,False,False,False,False,True,False,False,False
-0.8306817556605175,-0.567979016264565,0.6646665309163132,False,False,True,True,True,False,False,True,False,False,False,True
1.441690440001083,0.6046032041070505,-0.3472179440189814,False,False,False,False,False,True,False,False,True,False,False,False
0.2243481923252256,0.6061082204430247,0.997001137880356,False,False,True,True,True,False,False,False,True,False,False,True
-1.2364625048858033,-0.9790884061260618,-1.4897214933331788,True,False,False,False,False,False,False,False,False,False,False,False
-1.074150205195689,-0.8738245099316866,-0.6597116789254696,False,False,False,False,False,False,False,False,False,False,False,False
0.8735973910856829,-0.5640965103543705,-1.49798852335716,False,True,False,False,True,False,False,False,False,False,False,False
-1.1958844299632747,-0.9395435566025636,-0.6679787089494508,False,False,False,False,False,False,False,False,False,False,False,False
1.6040027396911973,-0.24040893896511892,-1.335954734887129,True,True,False,False,False,False,False,True,True,False,False,False
0.2243481923252256,0.386441270883648,0.6332518168251847,False,False,False,False,False,True,True,False,True,False,False,True
-0.38432293151270314,-0.795280106658594,-1.4731874332852164,False,True,False,False,False,False,False,True,False,False,True,False
-0.7495256058154603,-0.889114603431947,-1.4963351173523636,False,True,False,True,False,False,False,True,False,False,True,False
0.26492626724775414,0.7383969751920686,1.2731199406813274,True,False,True,True,False,False,False,False,True,False,False,True
-1.277040579808332,-0.9954690911741298,-1.491374899337975,False,False,False,False,True,False,False,False,False,False,True,False
1.6040027396911973,1.0718344350187188,0.06282674517048423,False,True,False,False,False,True,False,True,True,True,True,False
-0.38432293151270314,-0.7373915073009745,-1.3177672688343705,False,True,False,False,False,False,False,True,True,False,True,False
-0.30316678166764593,0.1563482661272318,1.2516256626189761,False,False,True,True,False,True,False,False,True,False,False,True
-0.8306817556605175,-0.6313860088540902,0.36043982603380625,False,False,False,True,False,False,True,False,True,True,False,False
-0.8306817556605175,-0.8998678360933285,-1.512869177400326,True,False,False,True,True,False,False,True,False,False,True,False
-0.9118379055055746,-0.6310152077278357,0.6712801549354983,True,False,True,True,True,False,False,True,True,False,False,False
-0.019120257209945892,-0.5019982276222142,-0.9490577297648104,False,False,False,True,True,False,True,True,False,True,True,False
-0.5060571562802889,-0.8269945088688347,-1.4847612753187902,False,False,False,False,False,False,False,True,False,False,True,False
0.67070701647304,1.1411742456283165,1.1805292044127385,False,True,True,False,False,False,False,False,False,True,False,False
0.7924412412406258,1.0628915843266977,0.8696888755110463,True,False,True,False,True,True,True,False,False,False,False,False
1.3605342901560258,1.6133349503360748,0.7919787932856235,False,False,True,True,False,False,True,False,True,False,False,True
-1.277040579808332,-0.9736572602179808,0.16203110545825825,True,False,True,True,True,False,False,False,False,False,False,False
-1.155306355040746,-0.8815458980901634,0.18021857151101717,True,False,True,False,False,False,False,False,False,False,False,False
-1.2364625048858033,-0.9311460016844462,1.015188603933115,True,False,True,False,True,False,False,False,False,False,False,True
-1.277040579808332,-0.9911067249829,-1.1606936983787282,True,False,False,True,False,False,False,True,False,False,False,True
0.2243481923252256,0.15519223908655605,0.16533791746785098,True,False,False,False,True,True,False,False,True,True,False,True
0.6301289415505114,-0.04602190148391872,-0.6597116789254696,False,False,False,False,False,True,True,True,False,False,True,False
-1.277040579808332,-0.9653905762856002,0.7886719812760308,True,False,True,True,True,False,False,False,True,False,False,False
-1.0335721302731604,-0.7655287692344067,0.6563995008923321,True,False,True,True,True,False,False,False,True,False,False,False
-1.1147282801182177,-0.9675935712121713,-1.4798010573044011,False,False,False,False,True,False,False,False,False,False,True,False
-0.8712598305830461,-0.7724213078165498,-0.45799614634032904,True,False,False,False,False,False,False,False,False,False,False,True
-1.2364625048858033,-0.9894708376611888,-1.4682272152708278,False,False,False,True,False,False,False,False,False,False,False,False
-0.6277913810478746,-0.8241371590135792,-1.3161138628295743,False,True,False,True,True,False,False,True,True,False,True,False
-0.059698332132474476,-0.3504060024769785,-0.5208255745225858,False,False,False,True,False,False,False,True,False,True,False,False
-0.5060571562802889,-0.30948700760324294,0.5770360126621132,True,False,True,False,False,True,False,True,True,False,False,False
-0.5060571562802889,-0.4844833273644265,-0.1901443735633392,False,False,False,False,True,True,False,False,True,True,False,False
-0.7089475308929317,-0.8681970575450002,-1.4946817113475674,False,False,False,False,True,False,False,False,False,False,False,False
1.3605342901560258,2.041392132850499,1.3590970529307314,False,True,True,True,True,True,False,True,True,False,False,False
-0.8306817556605175,-0.9027469977795403,-1.4831078693139936,False,False,False,True,False,False,False,True,False,False,True,False
1.5634246647686687,2.229366492030591,1.294614218743678,False,False,True,True,False,True,True,True,True,False,False,False
-0.26258870674511736,-0.46618320119221746,-0.6448310248823034,True,False,False,False,True,False,False,False,False,False,False,False
0.2243481923252256,0.6282036052016037,1.1970632644607007,True,False,True,False,True,False,False,True,True,False,True,True
-0.14085448197753164,0.3063918512745811,1.1094327462065001,True,False,True,True,True,False,False,True,True,False,False,False
-0.7089475308929317,-0.5000133510052047,0.38193410409615747,False,False,False,False,False,False,False,True,False,True,True,True
1.6040027396911973,1.0398801026679605,-0.06117870518923304,False,True,False,True,True,True,False,True,False,True,False,True
-0.059698332132474476,-0.5340834309587094,-0.9771656318463464,False,False,False,False,True,True,False,True,False,True,True,False
-0.30316678166764593,-0.7290375760447695,-1.3045400207960005,False,True,False,False,True,False,False,True,True,False,True,False
-0.9929940553506318,-0.8136674801546276,-0.18849096755854305,True,False,False,True,True,False,False,False,True,False,False,False
-0.14085448197753164,-0.2900308543903579,-0.3174566359326492,False,False,False,True,True,True,True,True,False,True,True,True
-1.277040579808332,-0.9711925233199359,0.3488659840002328,True,False,False,True,True,False,False,False,False,True,False,False
1.6040027396911973,2.470910708038986,1.5591591795110755,False,True,True,False,False,True,False,True,True,True,False,True
-0.4249010064352317,-0.3837781038398865,-0.12566153937628624,False,False,False,False,False,True,False,True,False,False,True,True
-0.7495256058154603,-0.8637910676918581,-1.327687704863148,False,False,False,True,True,False,True,False,True,False,False,False
-1.2364625048858033,-0.9469595791276543,0.2744627137844023,False,False,True,True,True,False,False,False,True,False,False,False
0.30550434217028277,-0.6790012358313635,-1.4731874332852164,False,False,False,True,True,False,False,True,False,False,True,False
-1.277040579808332,-0.9667429098048815,0.6861608089786645,True,False,True,True,False,False,False,False,True,False,False,False
-0.8306817556605175,-0.8927353673706679,-1.47153402728042,False,False,False,False,True,False,False,False,False,False,False,False
-0.2220106318225888,-0.03893305642317029,0.5538883285949658,True,False,False,False,True,True,True,False,False,True,False,False
-0.14085448197753164,-0.46814626597827086,-0.6597116789254696,True,False,False,True,False,True,False,True,False,False,False,False
-1.277040579808332,-0.963318452344766,0.945745551731673,True,False,True,True,True,False,False,False,True,False,False,False
-1.277040579808332,-0.9952727846955244,-1.4764942452948089,False,False,False,False,True,False,False,False,False,False,False,False
-0.9118379055055746,-0.6579528189586797,0.47287143435995027,True,False,True,True,True,False,False,False,False,False,False,False
-0.5466352312028174,-0.24374614910140974,1.053216942043428,True,False,True,True,False,False,False,True,False,False,False,False
-0.9118379055055746,-0.5834436044124747,0.8647286574966574,True,False,True,True,False,False,False,False,False,True,True,False
-1.2364625048858033,-0.9430116377245914,0.3058774278755308,True,False,True,True,True,False,False,True,False,False,False,False
1.6040027396911973,1.817711806395191,0.859768439482269,False,True,False,True,False,True,False,True,True,True,False,True
-1.155306355040746,-0.8645981054372357,0.5026327424462826,True,False,True,True,False,True,False,False,True,False,False,False
0.2243481923252256,-0.6831018600511195,-1.4798010573044011,False,True,False,False,False,False,False,False,False,False,False,False
-0.8306817556605175,-0.472552255831413,1.2036768884798852,True,False,True,True,True,False,False,True,True,False,False,True
1.4822685149236117,1.9063114637390683,1.0003079498899488,False,True,True,True,True,False,False,True,False,True,True,False
-0.10027640705500306,0.10306196310135987,0.710961899050608,True,False,True,False,False,False,True,True,False,False,True,False
0.9953316158532686,0.4205985981609772,-0.24636017772641122,False,True,False,True,True,False,False,True,False,True,False,True
0.8330193161631543,-0.5041794107178291,-1.4566533732372542,False,True,False,False,False,False,False,True,False,False,True,False
-1.1147282801182177,-0.8329055150579511,0.6530926888827399,True,False,True,True,False,False,False,False,False,False,False,True
0.4272385669378685,-0.5708799897817328,-1.3392615468967215,False,False,False,True,False,False,True,True,True,False,True,False
1.3199562152334972,1.318613490456589,0.6365586288347775,False,True,False,True,True,False,False,True,True,True,True,True
-0.34374485659017456,-0.4074657522582643,-0.2430533657168187,True,False,False,False,False,True,True,True,False,False,True,True
-0.8712598305830461,-0.9006094383458376,-1.47153402728042,False,False,False,True,True,False,False,False,False,False,False,False
0.5083947167829257,0.5666069945814389,0.45633737431198795,False,False,False,False,True,False,True,True,True,False,True,True
0.183770117402697,0.5867393145539646,1.0300692579762807,False,False,True,True,True,False,False,False,False,False,False,True
0.46781664186039706,0.10788237774266869,-0.3323372899758154,False,False,False,True,True,False,False,True,False,True,True,True
-0.7089475308929317,-0.8129476897330747,-1.165653916393117,True,False,False,True,True,False,False,False,False,True,False,False
-0.019120257209945892,0.2918433600268297,0.9440921457268768,True,False,True,True,True,False,False,True,True,False,False,True
0.4272385669378685,0.08615779411034437,-0.29100213985590956,True,False,False,False,False,False,False,True,False,False,True,False
-0.26258870674511736,0.026175258980934552,0.8548082214678802,True,False,True,True,False,False,False,True,False,False,True,False
-0.26258870674511736,-0.010534052518264298,0.8002458233096047,True,False,True,True,False,False,False,False,True,False,False,True
0.7112850913955685,1.3288432391750227,1.3838981430026749,True,False,True,True,False,False,True,False,True,True,False,True
-1.277040579808332,-0.9955127148360421,-1.4946817113475674,False,False,False,False,True,False,False,False,False,False,True,False
-0.7495256058154603,-0.5081055402899359,0.51255317847506,False,False,False,False,False,False,False,True,True,True,True,True
0.8735973910856829,1.4558317190017225,1.2896540007292896,False,False,True,True,False,True,True,False,True,False,False,False
0.06203589263511127,0.24981196177433035,0.6696267489307022,False,False,True,True,True,False,False,True,False,False,False,False
-0.019120257209945892,0.312979024223338,1.0317226639810773,False,False,True,True,True,False,False,False,True,False,False,False
1.0359096907757972,1.474175468835844,1.1706087683839606,False,False,True,False,True,False,True,True,True,False,False,False
0.06203589263511127,0.24968109078859357,0.7440300191465327,True,False,True,False,False,False,False,True,True,False,True,False
1.6040027396911973,1.0306973218354216,0.023145001055375005,False,True,False,True,True,True,False,True,False,True,True,True
-0.4249010064352317,-0.7888892401884423,-1.3260342988583516,False,False,False,True,True,False,False,False,True,False,False,False
1.3605342901560258,-0.13900573684998208,-1.173920946417098,False,False,False,False,True,False,True,False,False,True,False,False
-1.1147282801182177,-0.8844468716073313,-0.30257598188948326,False,False,False,True,True,True,False,False,False,False,False,False
-1.277040579808332,-0.9846067993579676,-0.6679787089494508,True,False,False,True,True,False,False,False,False,False,False,False
0.95475354093074,1.6432389705769546,1.344216398887565,False,False,True,True,False,True,True,True,False,False,False,True
-1.277040579808332,-0.9709744050103744,0.36540004404819515,True,False,True,False,False,False,False,False,True,False,False,False
-1.0335721302731604,-0.9384311532238001,-1.4748408392900125,False,False,False,False,False,False,False,False,False,False,False,False
-0.26258870674511736,-0.7811024165370971,-1.4764942452948089,True,False,False,True,True,False,False,False,False,False,False,False
-0.14085448197753164,-0.06663408173747955,0.3306785179474743,True,False,True,True,False,False,False,True,True,False,False,False
-0.6277913810478746,-0.7455491320785742,-1.010233751942271,False,False,False,False,True,True,False,True,False,False,False,False
-0.34374485659017456,-0.4946912642519043,-0.5042915144746235,False,False,False,True,True,False,False,False,False,False,False,False
-0.8306817556605175,-0.7681461889491445,-0.6993934230405793,False,False,False,False,False,False,False,False,False,False,False,False
-0.2220106318225888,-0.7990971770759201,-1.491374899337975,False,True,False,False,True,False,False,False,False,False,False,False
-0.4654790813577603,-0.022617806867970977,1.3607504589355275,True,False,True,True,True,False,False,True,True,True,False,False
0.2243481923252256,0.45377439304528,0.7985924173048081,False,False,True,True,False,False,True,False,False,False,False,False
1.2388000653884401,1.807002197395722,1.2383984145806066,True,False,True,True,True,False,False,True,True,False,False,True
1.6040027396911973,1.9742771289984284,1.0466033180242431,False,True,True,True,False,True,False,True,True,True,False,True
0.10261396755763985,-0.19224841621394193,-0.2678544557887622,True,False,False,False,False,False,False,True,False,True,False,True
-0.6683694559704032,-0.40434666043153494,0.8515014094582878,True,False,True,False,False,True,False,True,True,False,False,True
-1.1958844299632747,-0.9727193514868663,-1.4583067792420503,False,False,False,False,False,False,False,True,False,False,False,False
-1.2364625048858033,-0.9858718855534242,-1.4748408392900125,False,False,False,False,False,False,False,True,False,False,False,False
-1.1958844299632747,-0.8853847803384456,0.6894676209882568,True,False,True,False,False,False,False,False,False,True,False,False
1.5634246647686687,-0.2334073412281951,-1.3326479228775365,False,True,False,True,True,False,False,False,True,False,False,False
1.3199562152334972,0.9830166593652798,0.19840603756377564,False,False,True,True,True,False,True,True,False,False,False,False
-1.277040579808332,-0.9845849875270113,-0.6663253029446546,True,False,False,True,True,False,False,False,False,False,False,False
0.183770117402697,0.5120337935291541,1.1193531822352774,False,False,True,False,True,False,False,False,True,True,False,False
-0.7089475308929317,-0.8744352411984588,-1.4946817113475674,False,False,False,False,False,False,False,False,False,False,False,False
-1.155306355040746,-0.913674725088571,-0.4629563643547177,False,False,False,True,True,False,False,False,False,False,False,True
-1.277040579808332,-0.9734609537393754,0.17691175950142443,True,False,True,True,True,False,False,False,False,False,False,False
-0.26258870674511736,0.014614988574175569,0.8217401013719554,True,False,True,False,True,False,False,False,False,False,False,True
0.95475354093074,0.8649928420615575,0.35713301402421394,False,False,False,True,True,False,True,False,False,True,False,True
1.5634246647686687,-0.2118354404125637,-1.3376081408919251,True,True,False,True,True,False,False,True,True,False,False,False
0.10261396755763985,-0.651103904038449,-1.3061934268007966,False,True,False,False,True,False,False,True,True,False,True,False
-0.6683694559704032,-0.8838579521715152,-1.4864146813235863,False,False,False,False,True,False,False,False,False,False,False,False
-1.2364625048858033,-0.9830363475291248,-1.5112157713955297,False,False,False,False,True,False,False,False,False,False,True,False
-0.9524159804281033,-0.9327164535132891,-1.4814544633091975,False,False,False,True,True,False,True,False,False,False,False,False
-0.34374485659017456,0.009183842666094342,0.9639330177844314,True,False,True,True,True,False,False,False,True,False,False,False
-1.074150205195689,-0.7540339343205162,0.8118196653431782,True,False,True,True,False,False,False,False,False,False,False,False
1.1982219904659115,-0.45724035050019635,-1.491374899337975,False,True,False,False,True,False,False,False,False,False,False,False
0.7112850913955685,-0.0408961212092237,-0.7241945131125228,False,False,False,True,True,True,True,False,False,False,True,True
-0.019120257209945892,0.27448114258573497,0.9341717096980995,True,False,True,True,False,False,False,True,True,False,False,False
1.5634246647686687,1.333118358042428,0.28272974380838345,False,True,False,False,True,True,False,True,True,True,False,True
0.14319204248016842,-0.7035613574879873,-1.534363455462677,False,True,False,True,True,False,False,False,False,False,False,False
-1.277040579808332,-0.9689895283933647,0.5158599904846523,True,False,True,True,True,False,False,True,False,False,False,False
-0.8306817556605175,-0.8667356648709382,-1.2747787127096684,False,False,False,False,True,False,True,True,True,False,True,False
0.2243481923252256,-0.09847935493345714,-0.34556453801418524,True,False,False,False,False,True,False,True,False,False,True,True
1.6040027396911973,-0.1589635621748584,-1.2979263967768155,False,True,False,True,False,False,False,True,True,False,False,False
0.67070701647304,1.3049592842780395,1.4219264811129884,False,True,True,True,False,False,False,True,True,True,True,True
0.7112850913955685,0.4974634904504465,0.15541748143907366,True,False,False,True,True,False,True,True,True,True,True,False
-1.1147282801182177,-0.9040557076369091,-0.4629563643547177,False,False,False,True,False,False,False,False,False,False,False,True
-1.277040579808332,-0.9736136365560685,0.16533791746785098,False,False,True,True,True,False,False,True,False,False,True,False
-0.790103680737989,-0.5176373104177731,0.649785876873147,True,False,True,True,False,False,False,False,True,False,False,False
-0.5466352312028174,-0.3537214007823131,0.43980331426402564,True,False,True,True,True,False,False,False,False,False,False,True
1.6040027396911973,2.286077252516579,1.342562992882769,False,True,True,True,True,True,False,True,True,False,True,False
-0.7495256058154603,-0.7128531974753068,-0.6150697167959712,True,False,False,False,True,False,False,True,False,False,False,False
0.10261396755763985,0.621354690281373,1.4351537291513579,True,False,True,True,False,True,True,False,True,False,False,True
-0.6277913810478746,-0.41566700069777635,0.46129759232637685,True,False,True,False,False,True,False,True,True,False,False,False
1.6040027396911973,1.8404833579134108,0.7638708912040872,False,True,False,False,False,True,False,True,True,True,False,True
-0.26258870674511736,-0.7791393517510438,-1.5145225834051224,False,True,False,True,True,False,False,True,False,False,True,False
-1.155306355040746,-0.9439931701176181,-1.0350348420142146,True,False,False,True,False,True,False,False,False,False,False,True
0.46781664186039706,0.7291269470357052,0.7671777032136801,False,False,True,True,False,False,False,False,False,False,False,True
0.7924412412406258,0.8853869040055568,0.6233313807964075,False,False,True,True,True,False,False,False,False,False,False,False
0.10261396755763985,0.49543499017152465,1.1854894224271268,True,False,True,True,True,False,False,True,True,False,False,False
-1.277040579808332,-0.9715415126152344,0.32241148792349317,True,False,True,False,True,False,False,False,False,True,False,False
-0.059698332132474476,0.22034417815257315,0.8250469133815482,True,False,True,True,False,False,False,False,True,False,False,False
1.4822685149236117,0.7713110281048976,-0.1719569075105807,False,True,False,True,True,True,False,True,False,False,True,True
-0.4654790813577603,-0.32416636983673114,0.2893433678275685,True,False,True,True,True,False,False,False,True,False,False,False
0.6301289415505114,-0.3041867326808987,-1.0003133159134936,False,False,False,False,False,False,True,True,False,False,False,True
0.5489727917054542,0.6743356276738589,0.6382120348395737,False,False,True,False,False,True,False,False,True,False,False,True
1.1982219904659115,2.1077437226191047,1.6567101337940533,False,False,True,True,False,True,True,False,True,True,False,True
0.7924412412406258,-0.5540630681145419,-1.5079089593859372,False,True,False,False,False,False,False,True,False,False,True,False
-1.155306355040746,-0.859101524036286,0.5241270205086335,False,False,True,False,True,False,False,False,True,True,True,False
0.7112850913955685,1.0669049612226291,0.9440921457268768,False,False,True,True,True,True,False,False,False,True,False,True
1.0359096907757972,1.676916437573249,1.3723243009691013,True,False,True,True,False,True,True,False,False,False,False,True
-1.277040579808332,-0.9933315317404272,-1.329341110867944,True,False,False,False,True,False,False,False,False,False,True,False
-1.277040579808332,-0.9954254675122175,-1.4880680873283825,True,False,False,False,True,False,False,False,False,False,False,False
1.0764877656983258,-0.3349196024981127,-1.3061934268007966,False,True,False,False,False,False,False,True,True,False,True,False
-1.277040579808332,-0.9631221458661607,0.9606262057748391,True,False,True,True,True,False,False,False,True,False,False,False
-0.9524159804281033,-0.6691422882391841,0.839927567424714,True,False,True,True,True,False,True,True,True,False,True,False
0.10261396755763985,-0.6496861350262992,-1.349181982925499,True,False,False,False,False,False,False,False,False,False,False,False
-0.9118379055055746,-0.7867734925856958,-0.45468933433073655,True,False,False,False,False,False,False,False,False,False,False,True
0.95475354093074,-0.39241558889852146,-1.349181982925499,False,True,False,False,True,False,False,True,True,False,True,False
1.3605342901560258,0.8168759429722929,-0.03637761511728954,False,False,False,True,False,True,True,False,True,True,False,True
-0.4249010064352317,-0.24387702008714662,0.47121802835515414,True,False,False,True,False,True,False,True,True,True,False,False
-0.10027640705500306,0.05466151020966506,0.47452484036474646,False,False,False,True,False,True,True,False,True,False,False,False
0.5895508666279828,0.5325805382898464,0.2860365558179757,True,True,False,False,True,False,False,True,False,False,False,True
-0.8306817556605175,-0.7186115208477302,-0.35217816203337027,True,False,False,True,False,False,False,False,False,True,False,True
1.1982219904659115,1.0984230569542643,0.49601911842709767,False,True,False,True,False,True,False,True,False,True,False,False
-1.074150205195689,-0.9571893278460882,-1.4731874332852164,False,True,False,True,True,False,False,True,False,False,True,False
0.5489727917054542,0.9769093466975581,1.1821826104175346,True,False,True,True,True,True,False,True,True,False,True,True
0.5489727917054542,-0.10323433408189765,-0.6530980549062846,False,False,False,True,True,False,False,False,False,False,False,False
-0.38432293151270314,-0.795563660461024,-1.49798852335716,False,False,False,True,False,False,True,False,False,False,False,False
-0.6277913810478746,-0.3989155145234539,0.4927123064175049,False,False,False,False,False,True,True,False,False,True,False,True
-0.2220106318225888,-0.09721426873800065,0.4381499082592295,False,False,False,False,False,False,True,False,False,True,False,True
-0.5872133061253461,-0.6781723862550298,-0.6382174008631186,False,False,False,True,True,False,False,False,False,False,True,False
-0.5466352312028174,-0.7523544233368927,-1.0135405639518635,False,False,False,True,True,False,False,True,False,False,False,True
0.021457817712582688,0.100160989584192,0.469564622350358,True,False,False,True,False,False,True,True,True,True,True,False
1.6040027396911973,1.0724887899474034,0.05951993316089195,False,True,False,False,False,True,False,True,True,True,True,True
-1.1958844299632747,-0.9056915949586203,0.19013900753979449,False,False,False,False,True,False,False,False,False,True,True,False
1.5634246647686687,2.3608045853723456,1.407045827069822,True,False,True,True,True,True,False,True,True,False,False,True
-1.1958844299632747,-0.9424009064578192,-0.6481378368918959,True,False,False,True,True,False,False,False,False,False,False,False
0.9141754660082114,1.7801736453196584,1.7046589079331442,True,False,True,True,True,True,False,False,True,True,False,True
1.6040027396911973,2.207838214876872,1.2648529106573463,False,False,True,True,False,False,True,True,True,False,True,True
1.0764877656983258,0.06582916765921333,-0.7903307533043721,False,False,False,True,True,False,False,True,False,False,False,True
-1.155306355040746,-0.8627004761440507,0.5075929604606711,False,False,True,True,False,False,False,False,True,False,False,True
-0.8712598305830461,-0.6430553384156299,0.469564622350358,False,False,True,True,True,False,False,False,False,False,False,False
-0.5060571562802889,-0.5665612472524153,-0.4943710784458462,False,False,False,False,True,False,False,False,False,True,False,False
-0.9118379055055746,-0.7636311399412218,-0.3108430119134644,False,False,False,True,False,False,False,True,False,False,True,True
-1.277040579808332,-0.9695566359982247,0.47287143435995027,True,False,True,True,True,False,False,False,False,False,False,False
-0.5872133061253461,-0.30844003971734774,0.7903253872808269,True,False,True,True,False,False,False,True,True,True,False,False
-1.277040579808332,-0.9841269390769323,-0.6316037768439335,False,False,False,True,True,False,False,False,False,False,False,False
-0.6683694559704032,-0.4195276947770148,0.7043482750314229,True,False,True,True,False,False,False,False,False,False,False,True
-1.277040579808332,-0.9933533435713834,-1.3309945168727402,False,False,False,False,False,False,False,False,False,False,True,False
1.1982219904659115,1.0453330604069977,0.3091842398851231,False,False,False,True,True,True,True,False,False,False,False,True
-0.26258870674511736,-0.17279226300105693,0.28272974380838345,False,True,False,True,False,False,False,True,False,False,False,True
-0.059698332132474476,-0.7384166633559135,-1.4731874332852164,False,True,False,False,True,False,False,False,False,False,False,False
0.8735973910856829,0.2901638490432061,-0.3141498239230567,True,False,False,True,True,False,True,False,False,False,False,True
-0.6277913810478746,-0.706876755793322,-0.6729389269638394,False,False,False,False,True,False,True,False,False,False,True,False
-1.2364625048858033,-0.9632530168518977,-0.6696321149542469,True,False,False,True,True,False,False,False,False,False,False,False
-1.2364625048858033,-0.9687932219147595,-0.6316037768439335,False,False,False,False,True,False,False,False,False,False,False,False
0.95475354093074,0.7644621131846666,0.2744627137844023,False,True,False,False,False,True,False,False,True,True,False,False
-1.1147282801182177,-0.8361772897013734,0.5026327424462826,True,False,True,True,True,False,False,True,True,False,True,True
0.26492626724775414,0.6068280108645776,1.0118817919235223,True,False,True,True,False,True,True,False,False,True,False,False
-1.0335721302731604,-0.9347885774541232,-1.4649204032612353,False,False,False,False,False,False,False,True,False,False,True,False
0.67070701647304,0.5105069653622237,0.22651393964531144,True,False,False,False,False,True,True,True,True,False,False,True
1.3605342901560258,2.0855174668747885,1.4649150372376902,False,True,True,False,False,True,False,True,True,False,True,True
1.2793781403109687,1.8986336992425037,1.2400518205854028,False,False,True,True,True,False,True,True,False,True,False,True
0.7518631663180971,1.0684099775586033,0.9540125817556541,False,False,True,True,True,True,False,True,True,False,False,False
0.10261396755763985,-0.07193435665982381,-0.18187734353935803,False,False,False,True,False,True,False,True,True,False,True,True
1.4011123650785544,1.0338164136621508,0.14053682739590748,False,True,False,True,True,True,False,True,False,True,False,True
-0.34374485659017456,-0.4661395775303052,-0.5175187625129936,False,False,False,True,False,False,False,False,False,False,False,False
1.1170658406208545,0.5678284571149832,-0.1372353814098599,False,True,False,False,False,False,False,True,False,True,False,True
-1.2364625048858033,-0.9455199982845486,0.024798407060171144,False,False,False,False,False,False,False,True,False,False,True,False
-0.7495256058154603,-0.487187994402989,0.5853030426860943,True,False,True,True,True,False,False,True,True,False,False,True
-0.26258870674511736,-0.10109677464819501,0.5621553586189469,True,False,True,False,False,True,False,True,False,False,True,True
-0.9118379055055746,-0.5396890715144397,1.1673019563743683,True,False,True,True,False,True,False,True,True,False,True,False
-0.14085448197753164,-0.21842261336132074,0.08266761722803931,False,False,False,False,False,True,False,False,True,True,False,True
0.4272385669378685,-0.6654997124695073,-1.512869177400326,False,False,False,True,True,False,True,True,False,False,True,False
0.5895508666279828,-0.6231193249217097,-1.478147651299605,False,True,False,False,False,False,False,True,False,False,True,False
-0.7495256058154603,-0.49006715608920065,0.8267003193863444,True,False,True,True,True,False,False,False,True,True,False,False
-1.277040579808332,-0.9955345266669983,-1.4963351173523636,False,False,False,False,True,False,False,False,False,False,False,False
0.3866604920153399,0.7166069560668757,0.9953477318755599,True,False,True,True,False,False,False,True,True,False,False,False
-0.9524159804281033,-0.6159214207061805,0.9854272958467827,True,False,True,True,False,False,False,False,True,False,False,False
1.6040027396911973,1.4948748964132292,0.5241270205086335,True,True,False,True,True,True,False,True,False,True,True,False
1.4822685149236117,1.7799337151791408,1.0052681679043372,False,False,True,True,True,False,False,True,True,False,False,True
1.1576439155433829,1.8001750943064467,1.3772845189834897,True,True,True,True,False,False,False,False,True,True,False,False
-0.9524159804281033,-0.7729011680975851,-0.1802239375345619,False,False,False,True,False,False,False,False,False,True,False,False
0.8735973910856829,1.5376697087491933,1.3524834289115462,True,False,True,True,True,True,True,False,False,True,True,True
0.5489727917054542,0.16884644526510523,-0.30753619990387193,False,False,False,False,False,False,True,False,False,False,False,False
1.2388000653884401,0.9498626763119333,0.22982075165490418,False,True,False,True,True,True,False,False,True,True,False,False
0.8735973910856829,1.2053446523013072,0.997001137880356,False,True,True,True,False,False,False,False,True,True,False,False
-1.0335721302731604,-0.7665757371203019,0.32075808191869704,False,False,True,False,True,False,False,False,False,False,False,False
1.5634246647686687,2.076421933366074,1.1259668062544625,False,True,True,True,False,True,False,True,True,False,True,True
0.34608241709281135,0.6745101223215081,0.9903875138611715,False,False,True,True,False,False,False,True,False,False,True,False
-0.8306817556605175,-0.5266674084336187,0.8713422815158425,True,False,True,True,False,False,False,False,True,False,False,True
-0.9118379055055746,-0.9056043476347958,-1.5029487413715485,False,False,False,False,True,False,True,False,False,False,False,False
-0.10027640705500306,0.0276366516549965,0.4860986823983203,False,False,True,True,True,False,False,True,False,False,False,True
1.5634246647686687,1.1694205667165296,0.14053682739590748,True,False,False,False,False,True,True,True,True,False,True,True
-0.9929940553506318,-0.6461962420733154,1.1474610843168136,True,False,True,True,False,False,False,False,True,False,False,False
0.2243481923252256,-0.6856320324420329,-1.4831078693139936,False,False,False,False,True,False,True,False,False,False,False,False
-1.1958844299632747,-0.8877404580817098,0.8944899655829898,True,False,True,True,True,False,False,False,False,False,False,False
0.5895508666279828,1.2360120866256523,1.294614218743678,True,False,True,True,True,False,False,True,True,False,False,True
-0.4654790813577603,-0.8142563995904436,-1.4583067792420503,False,True,False,True,False,False,False,False,False,False,False,False
1.6040027396911973,2.254602780446856,1.3177619028108254,False,True,True,True,True,False,False,True,True,False,False,True
-0.5872133061253461,-0.5710762962603382,-0.24139995971202258,False,False,False,False,False,True,False,False,True,False,True,False
1.441690440001083,-0.29964987184201963,-1.322727486848759,False,True,False,True,False,False,False,True,True,False,False,False
0.5895508666279828,0.9745754807852505,0.9870807018515788,False,False,True,False,True,True,True,False,True,False,False,True
-0.019120257209945892,-0.28283295017482873,-0.4745302063882914,False,False,False,False,True,False,False,True,False,False,True,False
0.10261396755763985,-0.6949238724293524,-1.49798852335716,False,False,False,False,False,False,True,True,False,False,True,False
1.4822685149236117,2.2444820908832024,1.2896540007292896,True,False,True,True,False,False,False,True,True,False,True,True
-1.277040579808332,-0.9952727846955244,-1.4764942452948089,False,False,False,True,False,False,False,False,False,False,False,False
1.6040027396911973,0.9435808689965626,-0.041337833131678194,False,True,False,True,True,True,False,False,False,True,False,True
-0.8306817556605175,-0.8661903690970345,-1.321074080843963,True,False,False,False,True,False,False,False,True,False,False,False
0.46781664186039706,-0.6345269125117757,-1.5079089593859372,False,True,False,True,True,False,False,True,False,False,False,False
1.6040027396911973,2.433525229780146,1.4781422852760604,True,True,True,True,True,True,False,True,True,False,False,True
0.14319204248016842,0.5731287320373274,1.1309270242688514,True,False,True,True,False,False,False,False,True,False,False,True
-0.9929940553506318,-0.6345051006808196,1.2698131286717347,False,False,True,True,False,True,False,False,True,True,False,False
0.3866604920153399,-0.6311897023754849,-1.478147651299605,False,False,False,False,True,False,True,True,False,False,True,False
-0.4654790813577603,-0.46487449133484854,-0.16203647148180342,False,False,False,True,True,False,False,False,False,False,False,False
1.2388000653884401,1.3418649022558438,0.6514392828779437,False,True,True,True,True,True,False,True,True,True,False,False
1.3199562152334972,1.5455219678934071,0.8233935073767515,True,False,True,True,False,True,True,False,True,True,False,True
0.06203589263511127,0.15067719007863303,0.462950998331173,False,False,True,True,True,False,True,True,False,False,True,False
-0.10027640705500306,0.14670743684461396,0.9738534538132092,False,False,True,True,False,False,True,False,False,True,False,False
1.1982219904659115,1.7937406041743829,1.163995144364776,True,False,True,True,False,False,True,False,True,False,True,False
-1.277040579808332,-0.9732210235988578,0.1950992255541829,True,False,True,True,False,False,False,False,False,False,False,False
-0.6277913810478746,-0.8822002530188479,-1.4831078693139936,False,False,False,True,True,False,True,False,False,False,False,False
0.95475354093074,1.5670284332161701,1.3772845189834897,False,False,True,True,False,True,False,False,True,False,False,True
-1.155306355040746,-0.8647071645920164,0.5919166667052789,False,False,True,True,False,False,False,False,False,False,False,False
-0.790103680737989,-0.8853193448455772,-1.4583067792420503,False,True,False,False,False,False,False,True,False,False,True,False
0.14319204248016842,-0.329117655463777,-0.8035580013427419,False,True,False,False,False,True,False,True,False,True,True,False
1.1576439155433829,1.7978194165631827,1.2896540007292896,True,False,True,True,False,False,True,False,True,False,False,True
-1.074150205195689,-0.7870570463881259,0.4877520884031165,True,False,True,True,True,False,False,False,False,False,False,False
1.1576439155433829,1.2535269868834402,0.710961899050608,False,True,False,False,False,True,False,False,True,True,False,False
1.0359096907757972,1.6154070742769089,1.3260289328348067,False,False,True,True,True,False,True,True,True,True,True,False
-0.9118379055055746,-0.91764447832259,-1.4930283053427713,False,False,False,True,False,False,True,False,False,False,False,False
0.9141754660082114,1.1965981080878914,0.8432343794343067,True,False,True,False,False,False,False,True,True,True,False,True
1.6040027396911973,2.632972612043173,1.7079657199427365,False,True,True,True,True,True,False,True,True,True,True,True
-0.9118379055055746,-0.6276125620986764,0.8118196653431782,True,False,True,True,True,False,False,False,False,False,False,False
1.52284658984614,2.2227138835889657,1.3739777069738974,True,False,True,True,False,False,True,True,True,False,True,True
-0.6683694559704032,-0.5489809115017592,0.00826434701220881,False,False,False,True,False,False,False,False,True,False,False,False
-0.5060571562802889,-0.4918339143966488,-0.11078088533312004,False,False,False,True,False,False,False,False,True,False,False,False
0.06203589263511127,-0.7080109710030418,-1.499641929361956,False,False,False,False,True,False,True,True,False,False,True,False
-0.7089475308929317,-0.36842257484675756,1.200370076470293,True,False,True,True,False,False,False,False,False,False,False,True
-1.2364625048858033,-0.9816185785169752,-1.491374899337975,False,False,False,False,True,False,False,False,False,False,False,False
0.10261396755763985,0.374902812307845,0.8233935073767515,False,False,True,True,True,False,False,True,True,True,False,False
-0.9524159804281033,-0.6545719851604767,0.7638708912040872,True,False,True,True,True,True,False,True,True,False,False,False
-1.074150205195689,-0.9612245165729758,-1.4798010573044011,False,False,False,True,True,False,False,False,False,False,True,False
-1.277040579808332,-0.973417330077463,0.18021857151101717,True,False,True,False,True,False,False,False,False,False,False,False
0.8330193161631543,0.40476320888681316,-0.16203647148180342,True,False,False,True,True,True,True,True,True,True,False,False
0.10261396755763985,-0.7258094250632594,-1.5145225834051224,False,False,False,True,True,False,True,False,False,False,False,False
-0.4249010064352317,-0.3262166819466092,0.1421902334007036,True,False,True,True,False,False,False,True,False,False,False,False
0.021457817712582688,-0.6550082217795996,-1.349181982925499,False,False,False,False,False,False,True,True,True,False,True,False
-0.9929940553506318,-0.8128822542402062,-0.6547514609110809,False,False,False,True,True,False,False,False,False,False,False,False
1.441690440001083,1.064265729676935,0.19840603756377564,False,True,False,False,True,True,False,True,False,False,False,True
1.1170658406208545,1.944154990447987,1.6633237578132383,False,True,True,False,False,True,False,True,True,True,True,True
0.10261396755763985,-0.6457163817922802,-1.3442217649111103,False,True,False,False,False,False,False,True,True,False,True,False
1.2388000653884401,-0.4766092563892567,-1.4864146813235863,False,True,False,False,False,False,False,True,False,False,True,False
-1.2364625048858033,-0.9680516196622505,-0.677899144978228,True,False,False,False,False,False,False,False,False,False,False,False
-1.1958844299632747,-0.8957672118735726,0.8233935073767515,True,False,True,False,True,True,False,True,False,False,True,True
-0.7495256058154603,-0.48895475271043704,0.7060016810362191,True,False,True,True,False,False,False,False,False,False,False,True
-0.8712598305830461,-0.5731484202011723,0.8333139434055293,True,False,True,False,False,False,False,False,True,True,False,False
-1.0335721302731604,-0.7452437664451881,0.8432343794343067,True,False,True,True,True,False,False,False,True,False,False,False
-0.6277913810478746,-0.36977490836603877,0.8349673494103255,False,False,True,False,True,True,False,True,True,False,False,True
-1.0335721302731604,-0.7751041630241562,0.33729214196665935,True,False,True,True,False,False,False,False,False,False,False,False
1.0359096907757972,0.3773893610368461,-0.31249641791826055,False,True,False,True,False,False,False,True,False,True,True,False
0.10261396755763985,-0.27908131525037116,-0.6150697167959712,False,True,False,True,False,True,False,True,False,True,True,False
0.5083947167829257,0.9413996859009477,1.163995144364776,False,False,True,True,False,False,True,False,True,False,False,False
-1.2364625048858033,-0.9215924197256531,0.3554796080194178,True,False,True,True,True,True,False,False,False,False,False,False
0.8330193161631543,-0.5506822343163388,-1.491374899337975,False,False,False,True,False,False,True,True,False,False,True,False
-1.277040579808332,-0.9827309818957386,-0.5257857925369748,False,False,False,False,True,False,False,False,False,True,False,False
1.52284658984614,1.3715944278490748,0.4431101262736179,False,False,False,False,True,True,True,True,True,True,True,True
-1.1958844299632747,-0.908112708194753,0.15541748143907366,True,False,True,False,True,False,False,False,False,False,True,False
-1.277040579808332,-0.9713888297985411,0.3339853299570666,False,False,True,True,False,False,False,False,True,False,False,False
1.6040027396911973,1.6750842437729323,0.6563995008923321,False,True,True,True,True,True,False,True,False,True,False,True
-0.7089475308929317,-0.4552118502212745,0.598530290724464,True,False,True,True,False,False,False,True,True,True,False,False
1.4011123650785544,1.9999060303719034,1.256585880633365,False,False,True,True,False,True,False,False,True,False,False,True
-0.18143255690006022,-0.10312527492711691,0.3835875101009536,False,False,True,False,True,False,False,True,False,True,False,False
-1.1958844299632747,-0.8921246361038957,0.6861608089786645,False,False,True,False,True,False,False,False,False,False,False,False
-0.2220106318225888,-0.15036970077813577,0.2199003156261264,False,False,False,False,True,False,False,True,True,True,True,False
-1.1147282801182177,-0.7677317641609778,1.294614218743678,False,False,True,False,True,False,False,False,True,False,False,True
0.7924412412406258,0.3236450095608948,-0.18187734353935803,True,False,False,True,False,False,False,False,False,False,False,False
-1.277040579808332,-0.9671355227620921,0.6563995008923321,True,False,True,True,True,False,False,True,False,True,False,False
-0.14085448197753164,0.0244085006734864,0.6398654408443698,True,False,True,True,True,False,False,True,True,False,False,False
1.3199562152334972,-0.28222221890805665,-1.2880059607480383,False,True,False,False,False,False,False,True,True,False,True,False
1.6040027396911973,1.054908454196747,-0.01653674305973469,False,True,False,False,True,True,False,True,True,False,True,True
-1.1147282801182177,-0.8909686090632197,-0.3058827938990755,False,False,False,True,True,False,False,True,True,True,True,False
-1.277040579808332,-0.9732428354298138,0.19344581954938675,False,False,True,True,False,False,False,False,False,False,False,False
1.4822685149236117,0.2871756282022137,-0.6944332050261903,False,True,False,True,False,True,False,True,False,False,True,False
-0.2220106318225888,-0.16336955202800058,0.1454970454102959,False,False,False,False,True,True,True,False,False,True,False,False
-1.277040579808332,-0.9957090213146473,-1.5095623653907335,False,False,False,True,True,False,False,False,False,False,True,False
-1.0335721302731604,-0.8826801132998832,-0.6960866110309868,False,False,False,False,True,False,False,False,False,False,False,False
-0.18143255690006022,0.1668833804790518,1.0466033180242431,False,False,True,False,True,False,False,True,True,False,False,True
0.5083947167829257,0.21578550548273787,-0.07936617124199175,False,False,False,True,False,True,True,False,False,True,False,True
-0.4654790813577603,-0.15418677119546187,0.9705466418036165,True,False,True,True,False,False,False,True,True,False,False,False
1.52284658984614,2.0418938049624904,1.0813248441249643,True,False,True,True,False,False,True,True,True,False,False,False
1.2793781403109687,1.8529815370512839,1.1342338362784437,False,True,True,False,True,True,False,False,True,True,False,False
1.52284658984614,1.5915667430418377,0.710961899050608,False,True,False,False,False,True,False,True,False,True,False,True
1.6040027396911973,2.671295999033126,1.6732441938420157,True,True,True,True,True,True,False,True,True,True,False,True
-0.6277913810478746,-0.8556552547452145,-1.4963351173523636,False,False,False,False,False,False,False,False,False,False,False,False
-1.277040579808332,-0.9950764782169191,-1.4616135912516428,False,False,False,False,True,False,False,False,False,False,True,False
0.183770117402697,-0.708774385086507,-1.4930283053427713,False,False,False,False,True,False,True,True,False,False,True,False
1.441690440001083,2.126545520903305,1.4384605411609508,True,False,True,False,True,False,True,False,True,True,False,True
0.2243481923252256,0.5135606216960845,0.8845695295542125,False,False,True,False,True,True,False,True,True,False,False,False
-0.34374485659017456,-0.039958212478109455,0.803552635319197,True,False,True,True,True,True,False,True,False,True,False,False
-0.7089475308929317,-0.519098703091835,0.48940549440791264,True,False,True,True,False,False,False,False,True,False,False,True
-0.9524159804281033,-0.6594360234636978,0.6249847868012036,True,False,True,True,True,False,False,False,True,False,False,False
0.5489727917054542,0.8083475170684387,0.9507057697460618,True,False,True,True,True,True,False,False,True,False,False,True
1.52284658984614,2.434506762173173,1.641829479750887,True,True,True,True,True,True,False,False,True,True,True,True
0.9141754660082114,1.027839971980166,0.6663199369211094,False,True,False,True,False,True,False,True,True,True,True,False
-1.277040579808332,-0.9734609537393754,0.17691175950142443,True,False,True,True,False,False,False,False,False,False,False,False
-1.277040579808332,-0.9886637999158113,-0.9755122258415501,True,False,False,True,True,False,False,False,False,False,False,False
0.95475354093074,-0.4537286457162564,-1.3442217649111103,True,False,False,False,False,False,True,True,True,False,False,False
-1.277040579808332,-0.968858657407628,0.5257804265134296,False,False,True,True,True,False,False,False,False,False,False,False
0.95475354093074,-0.4251769589946573,-1.3161138628295743,False,True,False,True,True,False,False,True,True,False,False,False
-1.0335721302731604,-0.7743625607716471,0.5075929604606711,False,False,True,True,False,False,False,False,False,False,False,False
0.67070701647304,-0.20226004662281424,-0.8515067754818325,True,False,False,True,True,True,False,True,False,False,True,False
-0.019120257209945892,0.1384843765741458,0.5340474565374107,False,False,True,True,True,False,False,False,True,False,False,False
-0.6277913810478746,-0.29851565663229995,0.9738534538132092,True,False,True,True,False,True,False,False,True,False,False,True
-0.30316678166764593,-0.45170014543733455,-0.3372975079902041,False,False,False,True,False,False,True,False,False,True,True,True
-1.155306355040746,-0.9272634957742518,-0.6663253029446546,False,False,False,True,True,False,False,False,False,False,False,False
-0.5872133061253461,-0.33324009151448913,0.6398654408443698,False,False,True,False,True,False,False,False,True,False,False,False
-1.277040579808332,-0.9931570370927779,-1.3161138628295743,False,False,False,True,False,False,False,False,False,False,False,False
-1.277040579808332,-0.995381843850305,-1.4847612753187902,False,False,False,False,True,False,False,False,False,False,False,False
-0.790103680737989,-0.6602212493781193,-0.16699668949619206,True,False,False,True,True,False,False,False,False,False,False,True
-0.8712598305830461,-0.5112900676095337,1.1838360164223307,True,False,True,True,False,False,False,False,True,False,False,False
-0.14085448197753164,-0.375075183288383,-0.4414620862923667,True,False,False,True,True,False,False,True,True,False,False,False
0.7518631663180971,0.982863976548587,0.8333139434055293,True,False,True,True,False,False,True,True,True,False,True,False
-0.9524159804281033,-0.8161104052217163,-0.6613650849302657,False,False,False,False,True,False,False,False,False,False,False,False
-0.5872133061253461,-0.833625305479504,-1.4814544633091975,False,False,False,False,False,False,True,False,False,False,True,False
0.95475354093074,-0.14408789346276482,-0.954017947779199,False,False,False,True,True,False,True,True,False,False,True,True
-0.8712598305830461,-0.8875005279411922,-1.4549999672324578,False,False,False,False,True,False,False,True,False,False,True,False
0.10261396755763985,0.37507730695549424,0.816779883357567,False,False,True,True,True,False,False,True,True,False,True,True
-1.155306355040746,-0.919672978601512,-0.6266435588295449,False,False,False,True,False,False,False,False,False,False,False,False
1.5634246647686687,-0.2180736240660223,-1.2896593667528344,False,True,False,True,False,False,False,True,True,False,False,False
-0.8306817556605175,-0.7003550183374335,-0.37367244009572126,False,False,False,False,True,False,True,True,False,False,True,False
0.5895508666279828,0.5210857033759559,0.30091720986114195,False,True,False,False,False,True,False,False,True,True,False,True
-0.019120257209945892,-0.2057717514067543,-0.34060431999979657,False,False,False,False,False,False,False,False,False,True,False,True
1.4011123650785544,0.7861430731550787,-0.17857053152976574,True,True,False,True,False,False,False,True,False,True,True,True
0.7518631663180971,0.023972264054363424,-0.5654675366520843,False,False,False,False,True,False,True,False,False,True,True,False
0.5083947167829257,1.061604686300285,1.2301313845566253,False,False,True,True,False,False,True,False,True,False,False,False
0.26492626724775414,0.4848562521577923,0.8515014094582878,True,False,True,False,True,False,False,False,True,False,False,True
1.441690440001083,1.3407088752151677,0.5092463664654673,False,True,True,False,True,True,False,True,False,False,True,False
-1.277040579808332,-0.9807679171096852,-0.37697925210531374,False,False,False,True,False,True,False,True,False,False,False,True
1.0359096907757972,1.3670793788411522,0.9407853337172846,False,False,True,True,False,True,False,True,True,False,True,True
-0.4654790813577603,-0.25600439809876546,0.5274338325182262,False,False,False,False,False,True,True,True,False,True,False,False
0.5489727917054542,-0.49163760791804345,-1.3243808928535554,True,False,False,False,True,False,True,True,True,False,True,False
-1.2364625048858033,-0.9543537898217889,-0.3488713500237777,False,False,False,True,True,False,False,False,True,False,False,True
1.6040027396911973,1.1420249070356063,0.018184783040986117,False,True,False,False,False,True,False,True,False,True,False,True
-0.9118379055055746,-0.6499915006596854,0.30422402187073466,False,False,True,True,True,False,False,False,True,False,False,False
0.9141754660082114,1.1223942591750722,0.6778937789546833,True,False,True,True,False,False,False,True,True,False,False,True
1.4011123650785544,2.053672193678811,1.3805913309930826,False,True,True,False,False,True,False,True,True,True,True,False
-0.9524159804281033,-0.7453092019380566,0.021491595050578394,False,False,False,True,False,False,True,True,False,True,True,True
-1.277040579808332,-0.9908013593495137,-1.1375460143115812,False,False,False,False,False,False,False,False,False,True,False,False
0.7924412412406258,-0.5283469194172422,-1.4731874332852164,True,False,False,True,False,False,True,True,False,False,True,False
0.30550434217028277,-0.5571167244484028,-1.327687704863148,False,True,False,True,False,False,False,True,True,False,True,False
-0.790103680737989,-0.8095232322729593,-0.9870860678751238,True,False,False,True,False,False,False,False,False,False,False,False
0.06203589263511127,-0.17985929623084923,-0.26454764377916967,False,False,False,False,True,True,True,False,False,False,False,False
0.8330193161631543,-0.5720578286533649,-1.5178293954147148,False,False,False,False,False,False,True,True,False,False,False,False
-0.5872133061253461,-0.8189459432460157,-1.3624092309638687,False,False,False,False,True,False,True,False,True,False,False,False
1.3605342901560258,0.8251862505665855,-0.1190479153571012,False,True,False,True,False,True,False,False,False,True,False,False
0.5489727917054542,1.0157344057995035,1.1474610843168136,False,True,True,False,False,True,False,True,True,True,True,False
-1.277040579808332,-0.9716723836009712,0.3124910518947158,True,False,True,True,True,False,False,True,True,False,False,False
-1.155306355040746,-0.8198620401461739,0.9854272958467827,True,False,True,True,True,False,False,False,False,False,False,False
-1.2364625048858033,-0.9643872320616175,-0.5191721685177897,True,False,False,True,True,True,False,False,False,False,False,False
1.3605342901560258,2.264047303250868,1.5178240293911696,True,False,True,True,True,False,True,True,True,True,False,True
0.5895508666279828,0.7876044658291408,0.6729335609402944,False,True,False,True,False,True,False,True,True,True,True,True
-0.5872133061253461,-0.3012857591637308,0.6051439147436489,True,False,False,False,True,True,False,True,False,True,True,False
-1.0335721302731604,-0.76805894162532,0.3290251119426782,True,False,True,True,False,False,False,False,True,False,False,False
-0.2220106318225888,0.12801469771519428,1.0135351979283185,False,False,True,True,False,False,False,False,True,False,False,False
-0.8712598305830461,-0.6587380448731011,0.28272974380838345,True,False,True,True,True,True,False,False,False,False,False,False
0.67070701647304,0.9566025320773833,0.8415809734295105,False,False,True,True,True,False,False,True,False,False,True,True
1.6040027396911973,1.4943950361321938,0.5257804265134296,False,True,False,True,True,True,False,True,True,True,True,True
-1.277040579808332,-0.9843668692174499,-0.6497912428966922,True,False,False,True,False,False,False,False,False,False,False,False
-1.2364625048858033,-0.9414629977267047,-0.02480377308371586,False,False,False,True,True,False,False,True,False,True,False,True
-1.1958844299632747,-0.936359029282966,-0.4745302063882914,True,False,False,True,False,False,False,False,False,False,False,True
-0.5872133061253461,-0.3767983179339188,0.32571829993308543,True,False,True,False,False,True,False,True,False,False,False,False
-0.8306817556605175,-0.599584359320025,0.462950998331173,True,False,True,True,False,True,False,False,True,False,False,False
1.5634246647686687,2.208885182762768,1.2962676247484748,False,True,True,True,True,False,False,True,True,True,False,True
-1.2364625048858033,-0.9278960388719801,0.853154815463084,False,False,True,False,True,True,False,False,True,False,False,False
-1.277040579808332,-0.9954036556812613,-1.4864146813235863,False,False,False,False,True,False,False,False,False,False,False,False
1.6040027396911973,2.3598884884721874,1.463261631232894,False,True,True,True,False,False,False,True,True,True,True,True
1.1982219904659115,1.1688316472807134,0.5108997724702639,False,False,False,True,True,False,False,False,False,True,False,True
0.7924412412406258,-0.5211272033707569,-1.4533465612276615,False,True,False,False,True,False,False,False,False,False,False,False
-0.6683694559704032,-0.36672125203217787,0.9821204838371904,False,False,True,True,False,False,False,True,False,False,False,True
-0.30316678166764593,-0.2714035507538067,0.02810521906976342,False,False,False,True,False,False,False,False,False,True,False,True
-0.5060571562802889,-0.5435061419317657,-0.36209859806214756,False,False,False,False,True,True,True,False,False,True,False,False
-1.074150205195689,-0.9531541391192007,-1.49798852335716,False,True,False,False,False,False,False,False,False,False,False,False
-1.277040579808332,-0.9955781503289105,-1.499641929361956,False,False,False,True,True,False,False,False,False,False,False,False
0.10261396755763985,0.06103056484886054,0.13392320337672245,True,False,False,True,True,False,True,True,True,True,False,True
-0.38432293151270314,-0.8230465674657718,-1.4847612753187902,False,False,False,False,False,False,True,True,False,False,True,False
-1.277040579808332,-0.9955999621598666,-1.5012953353667524,False,False,False,False,True,False,False,False,False,False,True,False
-0.30316678166764593,0.029054420667146183,0.7985924173048081,True,False,True,True,False,False,False,True,True,False,True,False
-0.019120257209945892,-0.7001587118588282,-1.469880621275624,False,True,False,False,True,False,False,False,False,False,True,False
-0.6277913810478746,-0.8479338665867378,-1.506255553381141,False,True,False,False,False,False,False,False,False,False,False,False
1.0764877656983258,1.5963217221902783,1.1425008663024248,False,False,True,True,True,False,True,True,True,False,False,False
1.5634246647686687,0.41957344210603825,-0.591922032728824,True,True,False,True,False,False,False,True,False,True,False,False
1.3199562152334972,1.7107029637243238,1.00857497991393,False,False,True,True,False,False,False,False,True,False,False,True
-1.1958844299632747,-0.9575165053104305,-0.9755122258415501,False,False,False,True,True,True,False,False,False,False,False,True
1.0359096907757972,1.5315405842505159,1.116046370225685,True,False,True,True,True,False,False,True,True,False,False,False
-1.2364625048858033,-0.9280269098577171,0.49601911842709767,True,False,True,True,True,False,False,False,False,False,False,False
-0.9929940553506318,-0.7150561924018778,0.6464790648635548,False,False,True,False,True,False,False,False,True,False,False,False
-1.1147282801182177,-0.8367662091371894,0.32075808191869704,True,False,True,True,True,False,False,False,False,False,False,True
1.6040027396911973,1.0662724181249008,-0.008269713035753523,True,True,False,True,True,True,False,True,False,True,False,True
0.4272385669378685,0.38020308723018925,0.22982075165490418,False,False,False,True,True,True,True,True,True,True,True,False
-1.0335721302731604,-0.783000045830282,0.13392320337672245,True,False,True,True,False,False,False,True,False,False,True,False
0.10261396755763985,-0.7084035839602524,-1.5112157713955297,False,True,False,False,True,False,False,False,False,False,False,False
1.4011123650785544,1.4886149009288143,0.6712801549354983,False,True,False,True,False,True,False,False,True,True,False,False
-0.790103680737989,-0.8934115341303085,-1.4880680873283825,True,False,False,True,True,False,True,False,False,False,False,False
-0.4249010064352317,-0.44042342883300545,-0.2876953278463171,False,False,False,True,True,True,True,True,False,True,False,False
0.34608241709281135,0.6229251421102157,0.8134730713479743,True,False,True,True,True,False,True,False,False,True,False,True
1.5634246647686687,2.1285958330131827,1.1474610843168136,False,False,True,True,False,True,True,False,True,True,False,True
-1.2364625048858033,-0.9717596309247959,-0.6514446489014885,False,False,False,True,False,False,False,False,False,False,False,False
0.9141754660082114,1.4465398790144028,1.1193531822352774,True,False,True,True,True,True,False,False,True,False,False,False
0.95475354093074,1.2878369969774626,0.9325183036933034,True,False,True,True,True,True,True,True,True,False,False,True
-0.34374485659017456,-0.7712216571139616,-1.4831078693139936,False,False,False,False,True,False,True,True,False,False,False,False
1.2793781403109687,1.5336563318532621,0.8481945974486951,False,True,False,True,False,True,False,True,True,True,True,True
1.6040027396911973,2.4219431475424313,1.407045827069822,False,True,True,True,False,False,False,False,True,True,False,False
-0.2220106318225888,-0.2218470708214361,0.13557660938151858,False,False,True,True,True,False,False,False,False,False,False,False
-0.6683694559704032,-0.6163140336633912,-0.3587917860525551,True,False,False,True,False,True,False,False,True,False,False,False
-1.1958844299632747,-0.9791756534498866,-1.491374899337975,False,False,False,False,False,False,False,False,False,False,False,False
0.26492626724775414,0.018344811667676934,-0.17030350150578458,True,False,False,False,True,True,True,True,False,False,True,True
-1.0335721302731604,-0.7550154667135429,0.4480703442880068,True,False,False,True,False,True,False,False,False,True,False,True
1.5634246647686687,1.0382224035152932,0.006610941007412671,False,True,False,False,True,True,False,True,True,True,False,True
1.441690440001083,1.6711799260317817,0.7903253872808269,False,True,False,True,True,True,False,True,True,True,True,True
-0.5466352312028174,-0.5048119538155574,-0.17857053152976574,True,False,False,False,True,False,False,False,True,True,False,False
0.6301289415505114,-0.4789213104706085,-1.335954734887129,False,False,False,False,False,False,True,False,True,False,False,False
1.5634246647686687,1.7895309207998462,0.8465411914438989,False,True,False,False,True,True,False,True,True,True,False,True
-0.6277913810478746,-0.27469713722818523,1.3789379249882863,False,False,True,True,True,True,False,False,True,True,False,True
1.6040027396911973,2.0153706185198135,0.9755068598180053,False,True,True,True,False,True,False,True,True,False,False,True
0.26492626724775414,-0.5731484202011723,-1.314460456824778,False,True,False,False,True,False,False,True,True,False,True,False
1.3605342901560258,0.9023346966584848,0.06448015117528084,False,True,False,False,False,True,False,True,True,False,False,True
0.5895508666279828,1.1287633138142679,1.2615460986477534,True,False,True,True,True,False,True,False,True,False,False,True
0.14319204248016842,0.3061301093031073,0.6911210269930529,False,False,False,False,False,True,True,False,False,True,False,True
-0.8712598305830461,-0.719898418874143,-0.3687122220813326,False,False,False,False,False,False,True,False,False,True,False,False
-0.8306817556605175,-0.7834144706184489,-0.6299503708391374,False,False,False,False,False,False,False,True,False,False,False,False
0.10261396755763985,-0.6963852651034143,-1.4384659071844954,False,True,False,False,True,False,False,False,False,False,False,False
-0.9524159804281033,-0.6500569361525538,0.9622796117796353,True,False,True,True,True,False,False,False,False,False,False,False
-0.5466352312028174,-0.2970760757891941,0.7985924173048081,True,False,True,True,False,False,False,True,True,False,False,True
0.2243481923252256,0.21833748970460748,0.30091720986114195,True,False,False,False,True,True,True,True,False,True,True,True
1.52284658984614,1.8658941409773244,0.9573193937652469,False,True,True,False,False,True,False,True,True,True,True,True
0.8735973910856829,1.5088780918870768,1.4235798871177845,False,True,True,True,True,True,False,False,True,True,False,True
0.26492626724775414,-0.18121162975013042,-0.5654675366520843,True,False,False,True,False,True,True,False,False,False,False,False
-1.277040579808332,-0.9847594821746606,-0.6795525509830244,True,False,False,True,True,False,False,False,False,False,True,False
1.5634246647686687,1.6259203767977723,0.6778937789546833,False,False,True,True,True,True,True,False,True,False,True,True
-1.074150205195689,-0.8859955116052178,-0.5224789805273823,True,False,False,True,False,False,False,True,False,True,False,False
0.8735973910856829,-0.5543248100860158,-1.521136207424307,False,True,False,True,False,False,False,True,False,False,False,False
-0.2220106318225888,0.16548742329785834,1.2218643545326442,False,False,True,True,False,True,True,True,False,True,False,False
-0.5466352312028174,-0.2898781715736649,0.7390698011321438,True,False,True,True,True,True,False,False,False,False,False,False
1.6040027396911973,1.9562169329667372,0.9077172136213598,True,True,False,True,False,True,False,True,True,True,False,True
1.3199562152334972,1.9563478039524738,1.3326425568539917,False,False,True,False,False,True,False,True,True,False,False,False
1.441690440001083,1.378356095445481,0.48444527639352375,False,False,True,False,True,False,True,False,False,False,False,True
-0.26258870674511736,-0.040590755575837696,0.717575523069793,False,False,True,True,True,True,False,False,True,False,False,True
0.06203589263511127,0.577316603580908,1.4533411952041169,True,False,True,True,True,False,False,True,True,True,True,True
1.1982219904659115,2.118911380068653,1.6732441938420157,False,True,True,False,True,True,False,True,True,True,True,True
0.5489727917054542,-0.6106429576147925,-1.4847612753187902,False,True,False,False,True,False,False,False,False,False,False,False
-0.9929940553506318,-0.6364245418049606,1.1970632644607007,True,False,True,False,False,False,False,True,False,False,False,True
0.26492626724775414,-0.040416260928188466,-0.18683756155374692,True,False,False,False,False,False,True,False,False,True,False,False
-1.1958844299632747,-0.9573420106627812,-0.7804103172755945,False,False,False,False,True,True,False,False,False,True,False,False
-0.790103680737989,-0.8849267318883665,-1.4798010573044011,False,False,False,False,False,False,True,False,False,False,False,False
-0.8712598305830461,-0.7894999714552146,-0.6530980549062846,False,False,False,False,True,False,False,False,False,False,False,False
-1.155306355040746,-0.8418919894118845,0.6563995008923321,False,False,True,True,True,False,False,True,True,False,True,True
-1.2364625048858033,-0.9898634506183995,-1.4864146813235863,False,False,False,False,True,False,False,False,False,False,False,False
1.6040027396911973,1.0930573465390516,0.019838189045782256,False,True,False,True,True,True,False,False,False,True,False,True
1.5634246647686687,1.9133566851379042,1.0813248441249643,False,False,True,False,True,True,True,False,True,True,False,False
-1.1958844299632747,-0.9169464997319933,0.16203110545825825,True,False,True,True,False,False,False,False,False,False,False,False
1.6040027396911973,1.4397782114179967,0.4480703442880068,False,True,True,False,False,True,False,True,True,False,False,False
1.6040027396911973,2.557350994118204,1.6021477356357778,False,True,True,False,True,True,False,False,True,True,False,True
-0.9118379055055746,-0.541630324469537,1.1788757984079417,True,False,True,True,False,False,False,False,True,False,False,False
1.6040027396911973,2.31552322430738,1.3326425568539917,False,True,True,False,True,True,False,True,True,False,True,False
-0.5466352312028174,-0.3647145635842122,0.618371162782019,True,False,True,True,True,False,False,True,True,False,True,False
-0.8306817556605175,-0.9039684603130846,-1.4930283053427713,False,False,False,False,False,False,True,True,False,False,True,False
-0.14085448197753164,-0.7184588380310372,-1.4649204032612353,False,False,False,True,True,False,False,True,False,False,True,False
-1.2364625048858033,-0.9611590810801074,-0.6547514609110809,True,False,False,True,True,False,False,False,False,False,False,False
-1.1147282801182177,-0.9085925684757882,-0.7175808890933377,False,False,False,True,True,True,False,False,False,True,False,True
0.6301289415505114,0.3148984653474792,0.15707088744386982,False,False,False,False,False,True,True,True,False,True,True,False
-0.790103680737989,-0.6337198747663982,0.18187197751581333,False,False,True,False,True,False,False,True,False,False,False,False
0.7112850913955685,0.6633642767029159,0.33729214196665935,False,True,False,True,True,True,False,True,True,False,True,True
-0.2220106318225888,-0.012649800121010713,0.5406610805565958,True,False,True,True,True,False,False,False,True,False,False,False
0.021457817712582688,0.3166434118239711,0.7936321992904196,True,True,True,True,True,True,False,False,False,True,False,False
-1.1147282801182177,-0.8060115274890193,0.7919787932856235,False,False,True,True,False,True,False,True,False,False,False,False
-1.1147282801182177,-0.8238536052111493,0.8002458233096047,True,False,True,True,True,True,False,True,True,False,False,False
-1.277040579808332,-0.9739408140204108,0.14053682739590748,True,False,True,True,False,False,False,False,False,False,False,False
-1.2364625048858033,-0.9504494720806381,-0.4629563643547177,False,False,False,False,False,True,False,False,False,False,False,False
1.6040027396911973,2.01872964048706,1.1044725281921113,False,True,True,False,True,False,False,True,True,False,False,True
0.5895508666279828,-0.5621988810611855,-1.4682272152708278,False,False,False,False,True,False,True,False,False,False,True,False
1.6040027396911973,1.9811042320877028,0.997001137880356,True,True,True,True,False,True,False,True,True,False,True,True
1.1170658406208545,1.5311915949552173,0.965586423789228,False,False,True,False,False,True,True,True,True,False,True,True
1.3605342901560258,1.2626007085611983,0.4811384643839315,False,True,False,True,True,False,False,False,False,True,True,True
-1.2364625048858033,-0.9345922709755178,0.48940549440791264,False,False,True,True,False,False,False,False,False,False,False,False
1.2793781403109687,0.9506479022263548,0.17360494749183214,False,True,False,True,False,True,False,False,False,True,False,True
-1.2364625048858033,-0.9668301571287061,-0.6514446489014885,True,False,False,True,False,False,False,False,False,False,False,False
1.52284658984614,1.4388621145178382,0.5026327424462826,False,True,False,True,True,True,False,True,False,False,True,True
1.1170658406208545,1.6820422178479442,1.2417052265901989,False,False,True,False,True,False,True,True,True,False,False,True
-0.5872133061253461,-0.3883149646787654,0.5158599904846523,False,False,True,True,True,False,False,False,True,False,False,True
-0.30316678166764593,-0.1524854483808822,0.3091842398851231,False,False,True,False,True,True,False,False,False,False,False,False
1.5634246647686687,1.7726703754707434,0.760564079194495,False,True,False,False,False,True,False,True,True,True,False,True
1.5634246647686687,-0.386482770878449,-1.4963351173523636,False,True,False,False,False,False,False,True,False,False,True,False
0.2243481923252256,0.7523347351730479,1.3243755268300106,True,False,True,True,False,False,False,True,True,True,False,False
1.4011123650785544,2.1116916640221675,1.392165173026656,False,False,True,True,False,True,True,True,True,False,False,False
-0.9929940553506318,-0.7582436176950529,0.20501966158296067,True,False,False,False,False,True,False,False,True,True,False,False
1.4011123650785544,1.2035997058248151,0.3554796080194178,False,False,True,True,True,False,False,False,True,False,False,False
1.6040027396911973,2.67932275282499,1.6798578178612007,False,True,True,True,False,True,False,True,True,True,False,True
1.6040027396911973,2.432674568372857,1.463261631232894,False,True,True,False,True,False,False,False,True,True,False,True
0.34608241709281135,-0.2721887766682281,-0.8134784373715193,True,False,False,True,False,False,False,False,False,False,False,True
0.5895508666279828,1.009212668343615,0.9903875138611715,False,False,True,False,False,True,True,False,True,False,False,False
-0.38432293151270314,-0.6492717102381323,-1.003620127923086,False,True,False,False,False,True,False,True,False,True,True,False
0.4272385669378685,0.5452314002444129,0.6993880570170341,False,False,True,True,True,True,False,True,False,False,False,True
-0.4654790813577603,-0.6000642196010603,-0.6613650849302657,True,False,False,True,False,False,False,True,False,False,True,False
-0.790103680737989,-0.621396190276174,-0.006616307030957384,True,False,False,True,True,False,True,True,False,False,True,False
1.3199562152334972,1.680406330526233,1.0102283859187262,True,False,True,True,False,False,True,False,True,False,False,True
-0.30316678166764593,-0.053743289642395595,0.8415809734295105,True,False,True,True,True,False,True,True,False,False,True,False
-0.7089475308929317,-0.7039103467832857,-0.46956998837390274,True,False,False,False,True,False,True,False,False,False,False,False
1.6040027396911973,1.8702128835066416,0.8184332893623631,True,False,True,True,True,False,True,True,True,False,True,True
1.441690440001083,0.6202640987335656,-0.3488713500237777,True,False,False,True,False,True,True,True,False,False,False,False
-1.074150205195689,-0.8556334429142584,-0.32903047796622287,True,False,False,True,False,False,False,False,False,False,False,False
-0.7089475308929317,-0.728688586749471,-0.5323994165561595,False,False,False,False,False,False,False,False,True,False,False,False
-0.9524159804281033,-0.9261074687335759,-1.5029487413715485,True,False,False,True,False,False,False,False,False,False,False,False
1.0359096907757972,1.7386002955172384,1.4516877891993203,True,False,True,True,True,True,True,True,True,False,False,True
0.021457817712582688,-0.7422773574351519,-1.5046021473763447,False,False,False,True,True,False,True,True,False,False,True,False
1.2793781403109687,1.3031489023086793,0.6398654408443698,False,False,True,True,True,True,True,False,True,False,False,True
-0.7089475308929317,-0.5211053915398007,0.3290251119426782,False,False,True,True,True,False,False,True,True,False,True,False
0.46781664186039706,0.9145056983320157,1.1772223924031455,True,False,True,False,True,False,False,False,False,True,False,True
-0.8712598305830461,-0.5679353926026527,0.9672398297940241,True,False,True,True,False,False,False,False,False,True,False,True
0.95475354093074,-0.38284019510877204,-1.327687704863148,False,True,False,True,True,False,False,False,True,False,True,False
1.6040027396911973,1.8365572283413039,0.8548082214678802,False,True,True,True,True,False,False,True,True,False,True,False
0.7924412412406258,-0.5335381351848056,-1.4831078693139936,False,True,False,False,False,False,False,True,False,False,True,False
-0.4654790813577603,-0.35106035740566294,0.22320712763571915,False,False,False,False,False,False,True,True,True,False,False,True
0.26492626724775414,0.7585511069955504,1.3706708949643052,True,False,True,True,True,True,False,False,True,False,False,True
-1.2364625048858033,-0.9894272139992766,-1.4897214933331788,False,False,False,True,True,False,False,False,False,False,False,False
0.9953316158532686,1.3685407715152138,0.9606262057748391,False,False,True,False,False,False,False,True,True,False,False,True
-1.277040579808332,-0.9692512703648387,0.49601911842709767,True,False,True,True,True,False,False,False,False,False,False,False
-1.1147282801182177,-0.9464360951847067,-1.3442217649111103,False,False,False,True,False,False,False,True,True,False,True,False
-0.8712598305830461,-0.9075674124208493,-1.4831078693139936,False,False,False,False,False,False,False,False,False,False,True,False
-1.2364625048858033,-0.9327164535132891,0.6233313807964075,False,False,True,True,False,False,False,False,False,False,False,True
1.3199562152334972,1.647644960430097,0.9788136718275976,False,True,True,False,True,True,False,True,True,True,True,True
-1.0335721302731604,-0.7104975197320428,0.9837738898419865,False,False,True,True,True,True,False,True,True,False,False,True
0.67070701647304,0.6188245178904597,0.3191046759139004,False,False,True,True,True,False,False,False,True,False,False,False
0.30550434217028277,0.6345508480098432,0.9407853337172846,False,False,True,True,False,False,False,False,True,False,False,True
-0.8306817556605175,-0.8898125820225439,-1.4516931552228654,False,True,False,False,True,False,False,True,False,False,True,False
-1.155306355040746,-0.8733882733125636,0.3124910518947158,True,False,False,True,True,False,False,False,False,True,False,False
-1.277040579808332,-0.9737881312037175,0.15211066942948093,True,False,True,True,False,False,False,True,False,False,False,False
-0.7089475308929317,-0.7410777067325637,-0.8647340235202026,False,True,False,True,False,False,False,False,False,False,False,True
0.30550434217028277,0.5839692120225335,0.9788136718275976,False,False,True,True,False,False,False,True,True,False,True,False
1.2388000653884401,2.0632475874685605,1.4698752552520793,False,False,True,True,True,True,False,False,True,False,False,True
-1.277040579808332,-0.9933097199094709,-1.327687704863148,True,False,False,True,False,False,False,True,False,False,False,False
0.7112850913955685,0.537357329269243,0.17856516550622056,False,True,True,False,False,False,False,False,False,False,True,False
-1.155306355040746,-0.9078291543923229,-0.6745923329686357,False,False,False,False,True,False,False,False,False,False,False,False
1.6040027396911973,1.5307989819980063,0.4827918703887276,False,True,False,False,True,True,False,True,True,True,False,True
-1.155306355040746,-0.9000859544028901,-0.2992691698798907,True,False,False,True,True,False,False,False,False,False,False,False
-0.4654790813577603,-0.3961890356539353,-0.1091274793283239,False,False,False,False,True,False,False,False,False,False,False,False
1.5634246647686687,2.6155449591092097,1.689778253889978,False,True,True,True,True,True,False,True,True,True,True,True
-0.5872133061253461,-0.22895772771314066,1.1540747083359983,False,False,True,True,False,False,False,False,True,True,False,False
-0.5060571562802889,-0.82396266436593,-1.5029487413715485,False,False,False,True,False,False,False,False,False,False,False,False
-1.2364625048858033,-0.9449092670177763,0.22155372163092302,True,False,True,True,False,False,False,True,False,False,True,False
-1.2364625048858033,-0.9375150563236418,0.4860986823983203,False,False,True,True,False,False,False,False,False,False,False,False
-0.6683694559704032,-0.8615662609343309,-1.521136207424307,False,True,False,False,True,False,False,False,False,False,False,False
-0.6277913810478746,-0.8253149978852111,-1.350835388930295,False,False,False,False,False,False,False,True,True,False,True,False
0.7924412412406258,-0.5624824348636154,-1.499641929361956,False,False,False,False,False,False,True,True,False,False,True,False
0.14319204248016842,-0.02933585080246472,-0.1405421934194522,False,False,False,False,True,True,True,True,False,True,True,False
0.021457817712582688,-0.24034350347225053,-0.4943710784458462,True,False,False,True,True,False,False,True,False,True,False,True
-1.1958844299632747,-0.8985591262359597,0.3405989539762516,True,False,True,False,False,False,False,False,True,False,False,False
1.2388000653884401,-0.4654634107706646,-1.4880680873283825,False,True,False,True,True,False,False,True,False,False,False,False
0.95475354093074,1.3655961743361338,1.058177160057817,False,False,True,True,True,False,False,True,True,True,True,True
-0.5466352312028174,-0.527147268714654,-0.2893487338511132,True,False,False,True,False,False,False,False,False,False,False,False
-0.10027640705500306,-0.08310201410937207,0.3240648939282893,True,False,False,True,True,True,False,False,False,False,False,True
-0.7089475308929317,-0.517920864220203,0.3439057659858439,False,False,True,False,False,False,False,True,False,False,False,True
0.10261396755763985,-0.6815968437151453,-1.491374899337975,False,True,False,True,False,False,False,True,False,False,True,False
-0.019120257209945892,0.020111569975125084,0.15872429344866595,False,False,True,True,True,False,False,True,False,False,True,False
1.6040027396911973,1.0698713702326654,0.004957535002616062,False,True,False,True,True,True,False,True,False,True,True,True
-1.277040579808332,-0.9720431847272256,0.2843831498131796,True,False,True,True,True,False,False,True,True,False,False,False
0.7924412412406258,1.3895019410640732,1.3673640829547125,True,True,True,True,True,True,False,True,False,True,False,True
0.26492626724775414,-0.6715197778134044,-1.463266997256439,False,True,False,False,False,False,False,False,False,False,False,False
0.26492626724775414,-0.2621335225974433,-0.7870239412947796,False,False,False,False,False,True,True,False,False,True,False,True
0.5489727917054542,-0.12823069235764453,-0.6944332050261903,True,False,False,True,False,False,False,True,False,False,False,False
-0.8306817556605175,-0.8904015014583598,-1.4814544633091975,True,False,False,False,False,False,True,False,False,False,False,False
0.46781664186039706,-0.6396526927864707,-1.5029487413715485,False,False,False,False,True,False,True,False,False,False,False,False
-1.277040579808332,-0.9934842145571202,-1.3409149529015179,False,False,False,False,False,False,False,False,False,False,False,False
0.7924412412406258,0.6874445380785046,0.29926380385634577,False,False,False,False,False,True,True,False,True,True,False,False
1.6040027396911973,2.4520652860928727,1.5194774353959661,False,True,True,False,True,False,False,True,True,True,True,True
-1.0335721302731604,-0.8515328186945024,-0.5340528225609559,True,False,False,False,False,False,False,True,True,False,True,False
-1.155306355040746,-0.8763983059845123,0.4596441863215802,True,False,True,True,False,False,False,False,False,False,False,False
-1.074150205195689,-0.8055098553770279,0.8647286574966574,True,False,True,True,False,False,False,False,False,False,False,False
-0.34374485659017456,-0.3697312847041265,-0.2876953278463171,False,False,False,True,True,True,True,True,False,False,True,False
1.441690440001083,-0.43560301419169656,-1.4880680873283825,False,True,False,True,True,False,False,True,False,False,True,False
1.5634246647686687,2.465370502976124,1.5938807056117967,False,False,True,True,True,False,True,True,True,True,False,True
0.5895508666279828,-0.5915794173591182,-1.4682272152708278,False,True,False,True,False,False,False,False,False,False,False,False
-0.18143255690006022,-0.40133662775958645,-0.4613029583499216,True,False,False,True,True,False,True,True,True,False,True,False
-0.5466352312028174,-0.126114944754898,1.2681597226669385,True,False,True,False,True,False,False,True,True,True,True,False
0.06203589263511127,0.5404327974340601,1.335949368863584,True,False,True,True,True,False,False,False,True,True,False,True
-0.6683694559704032,-0.8837707048476906,-1.5079089593859372,False,False,False,False,False,False,False,True,False,False,True,False
0.95475354093074,1.4772073133387484,1.1805292044127385,False,False,True,True,False,False,False,True,True,False,False,False
-1.1958844299632747,-0.9044919442560322,0.39681475813932365,True,False,True,True,True,False,False,False,True,False,False,False
-0.7089475308929317,-0.47311936343627287,0.5042861484510788,True,False,True,True,True,False,False,False,True,False,False,True
-0.10027640705500306,-0.4924446456634209,-0.8151318433763156,True,False,False,True,False,False,False,False,False,False,False,False
-0.8306817556605175,-0.9061932670706118,-1.4764942452948089,False,True,False,False,False,False,False,True,False,False,True,False
-0.790103680737989,-0.7601848706501502,-0.6663253029446546,False,False,False,False,True,False,False,True,False,False,True,False
0.7112850913955685,1.292875529928333,1.2218643545326442,False,False,True,True,True,True,True,True,True,False,False,True
-1.277040579808332,-0.984388681048406,-0.6514446489014885,False,False,False,False,True,False,False,False,False,False,False,False
1.0764877656983258,1.3291486048084087,0.7870185752712346,False,False,True,True,False,False,False,True,True,False,True,False
0.67070701647304,0.6982632062327543,0.47452484036474646,False,True,False,False,False,False,False,True,True,True,True,True
1.6040027396911973,-0.3405252430538429,-1.4599601852468467,False,True,False,True,True,False,False,False,False,False,False,False
-1.155306355040746,-0.9105338214308853,-0.47122339437869887,True,False,False,False,False,False,False,False,True,False,False,False
-1.277040579808332,-0.9953382201883928,-1.4814544633091975,False,False,False,True,True,False,False,True,False,False,True,False
1.5634246647686687,0.5293523873083363,-0.5158653565081972,True,True,False,False,True,False,False,True,False,False,False,True
-1.2364625048858033,-0.9843668692174499,-1.4748408392900125,False,False,False,False,False,False,False,False,False,False,False,False
-1.277040579808332,-0.9955999621598666,-1.5012953353667524,False,False,False,False,True,False,False,False,False,False,False,False
0.95475354093074,1.674146335041818,1.5062501873575962,True,False,True,False,False,True,True,False,True,False,False,True
0.06203589263511127,0.36076874584826063,0.8333139434055293,False,False,True,False,True,True,True,True,False,True,False,False
1.6040027396911973,1.6696530978648512,0.6729335609402944,False,True,False,False,False,True,False,True,False,True,True,True
-1.1958844299632747,-0.9141982090315185,0.41169541218248984,True,False,False,True,True,True,False,False,False,False,False,False
-0.9118379055055746,-0.5424809858768268,1.1094327462065001,True,False,True,True,False,False,False,False,True,True,False,False
1.441690440001083,-0.4402271223544001,-1.5079089593859372,False,True,False,True,False,False,False,True,False,False,True,False
1.52284658984614,-0.251991021202834,-1.3458751709159065,False,True,False,False,True,False,False,True,True,False,False,False
-1.277040579808332,-0.9713670179675852,0.3356387359618627,True,False,True,True,True,False,False,False,True,False,False,False
-0.5872133061253461,-0.459814146553022,0.20336625557816407,True,False,True,True,False,False,False,False,False,False,False,False
-0.790103680737989,-0.6800482037172586,-0.32407025995183425,False,False,False,False,False,True,True,False,False,True,False,False
1.6040027396911973,1.6553663485885737,0.6431722528539625,False,True,False,True,False,True,False,True,True,True,False,False
1.4011123650785544,0.7382224805444195,-0.16203647148180342,False,False,False,False,True,True,True,True,False,True,True,True
0.46781664186039706,-0.5196876225276511,-1.2979263967768155,False,False,False,False,True,False,True,True,True,False,True,False
-1.0335721302731604,-0.7958035906015416,0.14053682739590748,False,False,True,True,False,False,False,True,False,False,False,False
0.7924412412406258,1.386993580504116,1.306188060777252,False,False,True,True,True,True,True,True,False,True,False,False
1.0359096907757972,1.5632986101226685,1.2284779785518287,False,False,True,True,False,False,False,True,True,True,False,False
0.14319204248016842,0.470024207107611,0.9242512736693222,False,True,False,True,False,True,False,True,True,True,True,True
-0.019120257209945892,-0.7360827974436055,-1.4847612753187902,False,True,False,True,True,False,False,False,False,False,False,False
-0.6683694559704032,-0.4782451437109679,0.16533791746785098,False,False,True,True,True,False,False,False,False,False,False,False
-0.9929940553506318,-0.8096322914277401,-0.3372975079902041,False,False,False,True,True,False,False,True,False,False,False,True
-1.0335721302731604,-0.8095886677658277,-0.021496961074123577,False,False,False,False,True,False,False,False,False,True,False,False
1.4011123650785544,0.49292662961156747,-0.47618361239308776,False,False,False,False,False,False,True,True,False,False,True,True
1.6040027396911973,-0.3870062548213965,-1.4930283053427713,False,True,False,True,True,False,False,True,False,False,True,False
-1.0335721302731604,-0.90796002537806,-1.1623471043835245,False,False,False,False,True,True,False,True,False,False,False,False
-0.4654790813577603,-0.8197311691604371,-1.4748408392900125,False,False,False,True,True,False,True,False,False,False,False,False
-0.8712598305830461,-0.828499525204809,-0.9556713537839955,False,False,False,True,False,True,True,False,False,True,True,False
0.10261396755763985,0.0739213569439447,0.26619568376042113,True,False,False,True,True,False,True,False,False,True,False,False
1.1170658406208545,0.33487810250331157,-0.5026381084698274,True,False,False,True,False,False,False,True,False,False,True,True
-0.9929940553506318,-0.9073274822803316,-1.1755743524218945,True,False,False,True,True,False,False,False,False,False,False,False
0.7518631663180971,1.1062098806056098,0.9870807018515788,True,False,True,True,True,True,True,False,True,False,False,True
0.26492626724775414,0.7996445965169352,1.3144550908012331,False,False,True,True,False,True,True,True,False,True,False,False
-1.2364625048858033,-0.9401542878693357,0.16037769945346209,True,False,True,True,True,False,False,False,False,False,False,False
-1.0335721302731604,-0.7089270679032,0.8118196653431782,True,False,True,True,True,False,False,True,False,False,False,False
-0.8306817556605175,-0.8432225111002096,-1.1474664503403584,False,False,False,False,False,False,True,True,False,True,True,False
-1.155306355040746,-0.9164448276200018,-0.5423198525849371,True,False,False,True,True,False,False,True,False,False,False,True
1.6040027396911973,1.1819187458544027,0.18848560153499835,False,True,False,True,False,True,False,True,False,False,True,True
0.7924412412406258,1.1728014005147327,1.0350294759906697,False,True,True,True,True,False,False,True,True,True,True,False
0.5489727917054542,-0.6079601024071861,-1.512869177400326,False,True,False,False,True,False,False,False,False,False,False,False
1.3605342901560258,1.4886367127597706,0.6299450048155925,False,True,False,True,True,True,False,True,True,True,True,False
-0.8306817556605175,-0.6216579322476478,0.4596441863215802,True,False,False,False,False,True,True,True,True,False,False,False
0.183770117402697,0.5407599748984023,1.1689553623791644,False,False,True,False,False,False,False,False,True,True,False,False
1.1170658406208545,-0.44986795163701804,-1.4549999672324578,False,True,False,True,True,False,False,True,False,False,True,False
-0.6277913810478746,-0.32189793941729167,0.9870807018515788,True,False,True,True,True,False,False,True,True,False,False,False
-0.8712598305830461,-0.688576629621113,0.006610941007412671,False,False,False,True,True,True,False,True,True,False,True,False
0.3866604920153399,-0.6333708854710998,-1.4930283053427713,False,False,False,False,True,False,True,False,False,False,False,False
0.14319204248016842,0.6033817415735061,1.3078414667820482,False,False,True,True,False,True,False,True,True,False,True,False
0.5489727917054542,0.5685918711984483,0.5108997724702639,True,False,True,True,True,False,False,True,False,False,False,False
-0.8306817556605175,-0.8876532107578852,-1.4847612753187902,False,False,False,False,True,False,True,False,False,False,False,False
-1.2364625048858033,-0.9880748804799951,-1.478147651299605,False,False,False,False,True,False,False,False,False,False,False,False
1.441690440001083,-0.4031251978979906,-1.4880680873283825,False,True,False,False,True,False,False,True,False,False,True,False
-0.9929940553506318,-0.6856974679349013,0.8977967775925821,True,False,True,True,False,False,False,False,False,False,False,False
1.2388000653884401,1.924415283432672,1.3376027748683805,True,False,True,False,True,False,False,False,True,True,False,True
0.46781664186039706,0.05136792373528668,-0.2876953278463171,False,False,False,False,False,True,False,True,False,True,True,False
1.5634246647686687,2.4439949086390977,1.4797956912808565,False,True,True,True,False,True,False,True,False,True,False,True
-0.14085448197753164,-0.5658196449999062,-1.0135405639518635,True,False,False,False,True,False,False,False,False,True,False,True
1.6040027396911973,0.6884915059643998,-0.30753619990387193,False,True,False,False,False,True,False,True,False,True,True,True
-1.277040579808332,-0.9652378934689072,0.8002458233096047,False,False,True,False,True,False,False,True,False,False,True,False
0.6301289415505114,-0.5095669329639979,-1.342568358906314,False,False,False,False,False,False,True,False,True,False,False,False
-1.1147282801182177,-0.8054226080532033,0.8548082214678802,True,False,True,True,False,False,False,False,True,False,False,True
1.1982219904659115,1.5856121131908092,1.0912452801537418,False,False,True,True,False,False,True,True,True,False,False,True
1.3605342901560258,1.9707654242144887,1.3111482787916404,False,False,True,False,False,False,True,True,True,False,False,True
-1.155306355040746,-0.9594141346036155,-1.314460456824778,False,False,False,True,True,False,False,False,False,False,False,False
0.14319204248016842,-0.42919033589058875,-0.9788190378511425,False,False,False,False,True,True,True,True,False,False,False,False
0.34608241709281135,-0.6117553609935561,-1.4946817113475674,True,True,False,True,True,False,False,True,False,False,False,False
1.1982219904659115,1.9801445115256329,1.5161706233863734,True,False,True,True,False,False,True,True,True,True,True,True
-1.277040579808332,-0.9894708376611888,-1.0366882480190107,False,False,False,False,True,False,False,False,False,True,True,True
-0.9524159804281033,-0.678477751888416,0.6646665309163132,True,False,True,True,True,False,False,False,True,False,False,False
1.3605342901560258,1.7983647123370865,1.0466033180242431,False,True,True,False,True,True,False,True,True,True,False,True
-0.059698332132474476,-0.6745079986543969,-1.2962729907720194,False,True,False,False,True,False,False,True,True,False,True,False
0.26492626724775414,0.1871683832682704,0.27115590177481,False,False,True,True,True,False,False,False,True,False,False,False
0.5083947167829257,1.1909488438702487,1.5624659915206682,False,False,True,False,True,True,True,False,False,True,False,True
1.6040027396911973,2.638207451472649,1.660016945803646,False,True,True,False,True,True,False,True,True,True,False,True
-1.2364625048858033,-0.9365989594234835,0.18021857151101717,False,False,True,True,False,False,False,True,False,False,False,False
0.5083947167829257,-0.6099013553622834,-1.512869177400326,True,True,False,False,True,False,False,True,False,False,True,False
-0.2220106318225888,-0.7697166407779874,-1.5145225834051224,False,False,False,False,True,False,False,False,False,False,True,False
-1.1958844299632747,-0.9016127825698205,0.13888342139111134,False,False,False,True,False,False,False,True,True,False,True,True
1.2388000653884401,1.7574239056323948,1.14911449032161,False,True,True,False,True,True,False,True,False,False,False,False
-1.0335721302731604,-0.9444730303986534,-1.5046021473763447,False,False,False,False,True,False,True,False,False,False,True,False
0.06203589263511127,0.1145131743533381,0.44145672026882177,True,False,True,False,True,False,False,True,False,False,True,False
-0.4249010064352317,-0.5012784372006612,-0.35548497404296253,True,False,False,True,True,True,False,True,False,True,False,False
-1.277040579808332,-0.969142211210058,0.5042861484510788,False,False,True,True,False,False,False,False,True,False,False,True
1.0764877656983258,1.7236155676503637,1.3822447369978788,True,False,True,True,True,True,False,True,True,True,False,True
-0.9524159804281033,-0.9253004309881985,-1.4963351173523636,False,False,False,False,True,False,False,False,False,False,False,False
-0.26258870674511736,-0.5580764450104734,-0.9655917898127727,True,False,False,False,True,False,False,False,False,True,False,False
0.3866604920153399,0.4046541497320324,0.30422402187073466,False,False,True,True,False,True,False,True,False,False,False,False
0.021457817712582688,-0.12454449292605532,-0.17857053152976574,False,True,False,False,False,True,False,True,False,True,False,False
-1.1147282801182177,-0.8218905404250958,0.5886098546956866,True,False,True,True,False,False,False,False,True,True,False,False
-0.9929940553506318,-0.6466106668614823,1.187142828431923,True,False,True,False,True,False,False,False,True,False,False,True
-0.38432293151270314,-0.047505105988936897,1.003614761899541,False,False,True,False,True,False,False,False,False,False,False,True
0.14319204248016842,-0.5980139074911822,-1.3177672688343705,False,True,False,False,True,False,False,True,True,False,True,False
-1.1147282801182177,-0.8513147003849408,0.09920167727600164,False,False,False,False,False,False,False,True,True,True,False,False
1.0359096907757972,-0.5331455222275949,-1.5012953353667524,False,True,False,False,False,False,False,True,False,False,True,False
-0.34374485659017456,0.08412929383142248,1.2962676247484748,True,False,True,True,False,False,False,False,True,False,False,True
-1.1958844299632747,-0.9110573053738331,0.20336625557816407,False,True,False,False,False,True,False,False,False,True,False,True
-0.9524159804281033,-0.6431643975704107,1.0234556339570962,False,False,True,True,True,False,False,False,False,True,False,False
-1.1958844299632747,-0.9184515160679675,0.2943035858419569,True,False,True,False,False,False,False,False,False,False,False,False
1.1576439155433829,2.0530832742429945,1.6583635397988494,False,True,True,False,False,True,False,True,True,True,True,True
1.1982219904659115,1.685139497843717,1.2036768884798852,True,False,True,True,False,False,False,True,True,False,False,False
-0.9118379055055746,-0.8927789910325802,-1.172267540412302,False,False,False,False,True,False,False,False,False,False,False,False
0.06203589263511127,-0.6040339728350793,-1.301233208786408,False,False,False,True,False,False,True,True,True,False,True,False
1.441690440001083,1.1383823312659296,0.1967526315589795,False,True,False,False,False,True,False,True,True,True,False,True
1.6040027396911973,1.0830239042992231,0.00826434701220881,False,True,False,True,False,True,False,True,False,True,True,True
-0.6683694559704032,-0.4935134253802722,0.31745126990910427,False,False,True,True,True,False,False,False,False,True,False,False
-0.4654790813577603,-0.6637983896549277,-0.9573247597887916,False,False,False,True,True,False,False,False,False,True,False,True
0.183770117402697,-0.6620098195165235,-1.491374899337975,False,True,False,False,False,False,False,False,False,False,False,False
-0.790103680737989,-0.4113482581684589,1.1706087683839606,True,False,True,True,False,True,False,False,True,False,False,False
-0.26258870674511736,-0.5569204179697974,-0.8630806175154062,False,False,False,False,False,True,False,True,False,True,True,True
0.14319204248016842,-0.6974976684821779,-1.512869177400326,False,False,False,False,False,False,False,True,False,False,True,False
-0.6683694559704032,-0.8612827071319009,-1.478147651299605,False,False,False,False,True,False,False,False,False,False,False,False
0.34608241709281135,0.8227215136685407,1.1061259341969079,True,False,True,True,True,False,False,False,True,False,False,False
0.183770117402697,0.07741124989692853,0.10416189529039006,False,False,False,False,False,True,True,True,True,True,False,False
-1.277040579808332,-0.9952073492026561,-1.47153402728042,False,True,False,False,True,False,False,False,False,False,False,False
1.441690440001083,0.7183300907124115,-0.2827351098319284,False,True,False,True,True,True,False,True,False,True,True,True
-1.277040579808332,-0.9693821413505755,0.4860986823983203,True,False,True,True,False,False,False,False,False,False,False,False
-0.6277913810478746,-0.42718364744262305,0.3455591719906405,False,False,False,True,False,False,False,True,True,False,False,True
-0.4654790813577603,-0.07952487383256371,1.0714044080961866,True,False,True,True,False,False,False,False,True,False,False,False
0.5895508666279828,0.8796940161260022,0.8448877854391028,False,True,False,True,True,True,False,True,True,True,True,True
0.9953316158532686,0.8019348387673308,0.20336625557816407,False,False,False,True,True,False,True,True,True,False,False,True
-0.9929940553506318,-0.7627150430410634,0.19013900753979449,False,False,True,False,True,False,False,False,False,False,False,False
0.9141754660082114,0.07732400257310403,-0.6646718969398582,True,False,False,True,True,True,False,False,False,False,False,True
0.26492626724775414,-0.29288820424561346,-0.8151318433763156,False,False,False,True,False,True,True,False,False,True,False,True
0.95475354093074,0.11268098055302148,-0.6580582729206734,False,True,False,False,False,True,False,False,False,True,False,True
1.6040027396911973,-0.33683904362225375,-1.4897214933331788,False,True,False,False,True,False,False,False,False,False,True,False
-1.155306355040746,-0.8708362890906942,0.2397411876836815,False,False,True,True,True,False,False,False,True,False,False,False
-1.277040579808332,-0.995643585821779,-1.5046021473763447,True,False,False,True,False,False,False,False,False,False,False,False
-0.5466352312028174,-0.23624287925249446,0.9920409198659677,True,False,True,True,False,False,False,True,True,False,False,False
0.7518631663180971,0.7489102777129325,0.469564622350358,False,False,True,True,False,True,False,True,False,False,True,True
1.4822685149236117,1.3962854204914357,0.4794850583791353,False,True,False,True,True,True,False,False,True,True,True,True
1.4011123650785544,0.10639917323765051,-0.9672451958175688,False,True,False,False,False,True,False,True,False,True,True,False
-1.155306355040746,-0.9164012039580895,-0.43650186827797804,False,False,False,False,True,False,False,False,True,False,False,False
-1.2364625048858033,-0.9379294811118086,0.3306785179474743,True,False,True,False,True,False,False,False,False,False,False,True
1.6040027396911973,2.4414647362481845,1.4797956912808565,False,True,True,False,True,False,False,True,True,True,False,True
0.8330193161631543,0.8926720555449108,0.5175133964894484,False,False,True,True,True,False,False,False,False,True,False,True
-1.277040579808332,-0.9955127148360421,-1.4946817113475674,False,False,False,False,False,False,False,False,False,False,False,False
1.52284658984614,-0.41891696351024255,-1.4963351173523636,False,False,False,False,False,False,True,False,False,False,False,False
-1.1958844299632747,-0.9632530168518977,-0.9424441057456254,False,False,False,True,True,False,False,True,False,False,False,False
-0.26258870674511736,-0.3903870886195996,-0.3372975079902041,False,False,False,True,False,False,False,False,False,False,False,True
0.5083947167829257,0.42402305562109277,0.36374663804339896,True,False,False,True,True,True,False,False,False,False,False,False
0.5895508666279828,-0.5071676315588215,-1.307846832805593,True,False,False,False,True,False,False,True,True,False,False,False
1.2793781403109687,2.007256617404126,1.3458698048923616,False,False,True,True,True,False,True,False,True,True,False,True
-0.7089475308929317,-0.4423210581261905,0.6448256588587586,False,False,False,False,False,True,False,False,False,True,False,True
1.0359096907757972,1.7116190606244819,1.3309891508491956,False,False,True,True,False,False,True,True,True,False,True,True
0.3866604920153399,-0.6405033541937605,-1.4864146813235863,False,True,False,False,False,False,False,True,False,False,True,False
0.10261396755763985,-0.6564041789607932,-1.377289885007035,False,True,False,False,False,False,False,False,True,False,False,False
1.2793781403109687,1.7241826752552238,1.1606883323551833,False,False,True,True,False,False,True,False,True,False,False,False
-1.277040579808332,-0.995381843850305,-1.4847612753187902,False,False,False,False,True,False,False,False,False,False,True,False
-0.9929940553506318,-0.6800263918863025,0.9755068598180053,False,False,True,True,False,False,False,False,False,False,False,False
-1.277040579808332,-0.973984437682323,0.13723001538631474,False,False,True,True,False,False,False,True,False,False,True,False
0.8330193161631543,1.2671593812310333,1.051563536038632,False,False,True,True,False,True,True,False,False,True,False,True
-1.277040579808332,-0.9841487509078883,-0.6332571828487299,True,False,False,False,False,False,False,False,False,False,False,False
0.183770117402697,0.15556304021281053,0.23643437567408873,False,False,False,False,False,False,True,True,True,True,False,True
-0.6683694559704032,-0.6044702094542023,-0.33399069598061154,False,True,False,False,True,True,False,False,False,True,False,True
-0.5060571562802889,-0.8226975781704733,-1.4963351173523636,False,False,False,True,True,False,True,False,False,False,False,False
-1.1958844299632747,-0.969316705857707,-1.3177672688343705,True,False,False,False,True,False,False,False,False,False,False,False
-0.7089475308929317,-0.3967779550897513,1.0432965060146508,True,False,True,True,True,True,False,True,True,False,False,False
0.2243481923252256,0.3755353554055735,0.51255317847506,False,False,True,True,True,True,False,False,True,False,True,False
1.4011123650785544,0.5321661135016795,-0.4629563643547177,False,True,False,True,True,True,False,True,False,True,False,True
0.10261396755763985,0.5113794386004696,1.00857497991393,True,False,True,True,True,False,False,False,True,False,False,False
1.4011123650785544,0.8816570809120556,0.023145001055375005,False,True,False,False,False,True,False,True,True,False,False,True
-1.1147282801182177,-0.8241807826754914,0.4976725244318938,True,False,True,True,False,False,False,False,False,False,False,False
1.0359096907757972,0.9706493512131437,0.4910589004127088,False,False,True,True,False,True,False,False,True,False,False,False
-1.074150205195689,-0.7916593427198733,0.803552635319197,True,False,True,True,False,False,False,False,False,True,False,False
0.9953316158532686,-0.5093270028234803,-1.499641929361956,False,True,False,True,False,False,False,True,False,False,False,False
1.6040027396911973,2.451171001023671,1.4748354732664677,False,True,True,True,True,True,False,True,True,False,False,True
-1.2364625048858033,-0.9714542652914097,-0.6712855209590433,False,False,False,False,True,False,False,False,False,False,False,False
-0.10027640705500306,-0.31107927126304175,-0.3472179440189814,False,False,False,True,True,True,False,True,True,False,True,False
-1.1147282801182177,-0.8285431488667213,0.3521727960098251,True,False,True,False,False,False,False,False,True,False,False,False
-0.14085448197753164,0.2840129127135721,1.1276202122592587,False,False,True,True,False,False,False,True,True,False,False,False
1.2793781403109687,0.36892637062586026,-0.5654675366520843,True,True,False,False,False,True,False,True,False,True,False,False
0.46781664186039706,-0.6285940944917032,-1.4864146813235863,False,False,False,False,True,False,True,True,False,False,True,False
0.6301289415505114,0.5790615500573999,0.19840603756377564,False,False,False,True,True,True,True,False,True,True,False,False
-0.18143255690006022,0.30370899606697466,1.35083002290675,True,False,True,True,True,False,False,True,True,True,False,True
0.2243481923252256,-0.04737423500320012,-0.16368987748659955,False,True,False,True,True,True,False,True,False,True,False,True
1.5634246647686687,1.4719506620783165,0.5208202084990412,False,True,True,True,False,True,False,True,True,False,False,False
-1.1958844299632747,-0.9307752005581917,-0.4894108604314576,True,False,False,True,True,False,False,True,False,False,True,False
0.7518631663180971,1.0089073027102289,0.839927567424714,False,False,True,True,True,False,True,True,True,False,False,True
-1.1958844299632747,-0.8934115341303085,0.5092463664654673,True,False,True,True,True,False,False,False,False,False,False,False
1.2793781403109687,2.0291993193460116,1.5277444654199475,True,False,True,True,False,False,False,True,True,True,False,True
1.1982219904659115,1.4328856728358534,0.8515014094582878,False,False,True,False,True,True,False,False,True,False,False,True
-1.2364625048858033,-0.9404160298408095,0.5042861484510788,True,False,True,True,False,False,False,False,False,False,False,False
-0.8306817556605175,-0.9115153538239121,-1.5079089593859372,False,True,False,False,True,False,False,False,False,False,True,False
-1.277040579808332,-0.9933533435713834,-1.3309945168727402,True,False,False,True,True,False,False,False,False,False,True,False
0.14319204248016842,0.4948242589047524,1.0432965060146508,True,False,True,True,True,False,False,True,True,False,False,True
-0.30316678166764593,-0.3645618807675192,-0.3257236659566304,False,False,False,True,True,False,True,True,True,True,True,False
-0.6277913810478746,-0.5207782140754585,0.13392320337672245,False,False,False,True,False,False,False,False,True,True,False,False
-1.277040579808332,-0.9692730821957948,0.49436571242230154,True,False,True,False,True,False,False,False,False,False,False,False
0.7924412412406258,1.3412541709890713,1.3276823388396028,False,False,True,True,True,False,True,True,True,False,False,True
-0.059698332132474476,-0.6997660989016175,-1.4533465612276615,False,True,False,False,False,False,False,True,False,False,True,False
-0.790103680737989,-0.5976649181958839,0.171951541487036,True,False,True,True,True,False,False,False,False,False,False,False
1.0359096907757972,0.7287125222475385,0.11408233131916784,True,False,False,True,False,True,True,True,True,True,False,False
-0.9929940553506318,-0.9359664163257552,-1.4814544633091975,False,False,False,False,False,False,False,True,False,False,False,False
-1.277040579808332,-0.9932660962475587,-1.3243808928535554,False,False,False,True,False,False,False,False,False,False,False,False
0.7518631663180971,1.1359394061988408,0.9606262057748391,False,False,True,True,True,False,True,False,False,False,False,False
1.3199562152334972,-0.4513947798039485,-1.491374899337975,False,True,False,True,True,False,False,True,False,False,True,False
-0.38432293151270314,-0.4248715933612713,-0.30257598188948326,False,False,False,False,False,False,True,False,False,False,False,True
-0.8712598305830461,-0.6164667164800842,0.3405989539762516,True,False,True,False,False,False,False,False,True,False,False,False
0.06203589263511127,0.48546698342456457,1.1739155803935533,True,False,True,True,False,False,False,True,True,False,False,False
0.30550434217028277,-0.6419429350368664,-1.49798852335716,False,True,False,False,False,False,False,False,False,False,False,False
-1.1958844299632747,-0.9218105380352146,-0.3819394701197024,False,False,False,False,True,False,False,False,False,False,False,False
1.441690440001083,1.8328055934168461,1.0234556339570962,True,False,True,True,True,False,False,False,True,False,False,True
1.4822685149236117,0.20839129478860344,-0.8548135874914251,False,True,False,False,True,True,False,True,False,True,True,False
0.14319204248016842,-0.690932307364377,-1.478147651299605,False,True,False,False,False,False,False,True,False,False,True,False
-1.155306355040746,-0.9696438833220492,-1.469880621275624,False,False,False,False,False,False,True,True,False,False,False,False
-0.9929940553506318,-0.7485155410886105,0.5390076745517997,True,False,True,True,True,False,False,False,True,False,False,False
-0.4654790813577603,-0.24400789107288348,0.47121802835515414,True,False,True,False,False,False,True,True,False,True,False,False
1.52284658984614,1.1154144732691045,0.13226979737192632,False,True,False,False,True,True,False,True,True,False,True,False
0.30550434217028277,0.43678297673044,0.6580529068971283,True,False,True,True,False,False,False,True,True,True,True,False
1.0359096907757972,-0.3414849636159135,-1.3309945168727402,False,True,False,True,False,False,False,False,True,False,False,False
0.4272385669378685,0.5582966869871461,0.5042861484510788,True,False,False,True,True,True,True,True,True,False,False,False
1.2793781403109687,1.8012656858542542,1.059830566062613,False,False,True,False,False,True,True,True,False,False,False,True
-0.9929940553506318,-0.7170410690188875,0.33233192395227046,False,False,True,True,True,True,False,True,False,False,False,False
0.7924412412406258,0.32301246646316656,-0.23147952368324504,False,False,False,False,False,True,True,False,False,True,False,False
-0.2220106318225888,-0.06552167835871607,0.6696267489307022,False,False,True,True,True,False,False,True,True,True,True,True
-0.8306817556605175,-0.6041430319898601,0.6464790648635548,True,False,True,True,False,False,False,True,True,False,True,True
-0.9524159804281033,-0.9002386372195831,-1.4814544633091975,False,False,False,False,False,False,False,False,False,False,False,False
-1.155306355040746,-0.8818294518925934,0.17360494749183214,True,False,True,True,True,False,False,True,False,False,False,False
-1.155306355040746,-0.8756785155629593,0.314144457899512,True,False,True,True,False,False,False,False,True,False,False,False
1.6040027396911973,1.7136693727343602,0.7324561771129587,False,True,False,True,True,True,False,True,True,True,False,True
-1.074150205195689,-0.9336979859063158,-1.173920946417098,False,False,False,False,False,True,False,False,False,False,False,False
-1.277040579808332,-0.9735482010632001,0.1702981354822394,True,False,True,False,False,False,False,False,False,False,False,False
-1.277040579808332,-0.995796268638472,-1.5161759894099185,False,False,False,False,False,False,False,False,False,False,False,False
-0.790103680737989,-0.5759839582254717,0.3720136680673802,True,False,False,True,False,True,False,True,True,True,False,True
0.5895508666279828,0.43948764376900235,0.1851787895254056,False,False,True,False,False,False,False,True,False,False,True,False
-0.34374485659017456,0.08502357890062447,1.256585880633365,False,False,True,True,True,False,False,False,True,False,False,True
-0.34374485659017456,-0.7478829979908821,-1.350835388930295,False,True,False,True,True,False,False,True,True,False,True,False
1.4011123650785544,-0.23654824488588055,-1.2846991487384458,False,True,False,True,False,False,False,False,True,False,False,False
1.0764877656983258,0.9772147123309441,0.3902011341201386,False,False,False,False,True,False,True,True,False,True,True,True
0.67070701647304,0.12299797659528,-0.42327462023960827,False,False,False,True,False,False,False,True,True,False,False,False
1.5634246647686687,1.6263348015859391,0.6778937789546833,False,True,False,False,True,True,False,True,False,True,True,True
1.2793781403109687,2.098081081505531,1.454994601208913,False,False,True,True,False,True,False,False,True,True,False,False
0.9953316158532686,0.5009533834034303,-0.1719569075105807,True,True,False,True,True,True,False,True,False,True,False,True
1.6040027396911973,-0.3205892295599227,-1.478147651299605,False,True,False,False,False,False,False,False,False,False,False,False
-1.277040579808332,-0.9714324534604536,0.3306785179474743,True,False,True,True,True,False,False,False,True,False,False,False
-0.4249010064352317,-0.4780052135704503,-0.32407025995183425,True,False,False,False,False,False,False,True,False,True,True,True
0.183770117402697,0.31291358873046954,0.49932593043668994,True,False,True,False,False,False,True,False,False,False,False,True
-0.14085448197753164,0.09353019297352258,0.6597063129019248,True,False,True,True,True,False,False,False,True,False,False,False
0.5083947167829257,0.007853320977769371,-0.3571383800477589,False,False,False,True,False,False,True,True,False,True,True,True
-1.2364625048858033,-0.9540920478503151,-0.5075983264842161,False,False,False,True,False,False,False,False,False,False,False,True
-0.2220106318225888,0.053047434718910116,0.8333139434055293,False,False,True,False,False,False,False,True,True,False,False,False
-0.4654790813577603,-0.19392792719756535,0.7142687110602003,False,False,True,False,True,False,False,True,False,False,False,False
-1.1147282801182177,-0.9159431555080104,-0.6911263930165981,False,False,False,True,False,False,False,False,False,False,False,False
1.2388000653884401,1.7236591913122763,1.0747112201057794,False,True,True,False,False,False,False,False,True,False,False,True
-0.4249010064352317,-0.2995626245181951,0.3587864200290101,False,False,True,True,False,False,False,True,True,False,True,False
1.1576439155433829,1.4709473178543335,1.0432965060146508,False,False,True,True,True,False,True,True,True,False,False,False
-0.7495256058154603,-0.8624387341725769,-1.5079089593859372,False,False,False,False,True,False,True,False,False,False,False,False
-0.7495256058154603,-0.710672014379692,-0.6150697167959712,True,False,False,True,False,False,False,False,False,False,False,False
0.5489727917054542,-0.5390347165857552,-1.3392615468967215,False,False,False,True,False,False,True,True,True,False,False,False
0.8330193161631543,-0.5654052202117394,-1.5294032374482882,False,True,False,False,False,False,False,False,False,False,False,False
0.5895508666279828,-0.5496570782613999,-1.4434261251988842,False,True,False,True,False,False,False,True,False,False,True,False
-0.8306817556605175,-0.5419138782719669,0.6448256588587586,True,False,True,True,True,False,False,False,True,False,False,False
1.3199562152334972,-0.2631586786523824,-1.2714719007000759,False,True,False,False,False,False,False,False,True,False,False,False
-0.26258870674511736,-0.05112586992765771,0.6696267489307022,True,False,True,True,True,False,True,False,False,True,False,True
-0.9929940553506318,-0.9319312275988676,-1.4814544633091975,False,True,False,False,True,False,False,True,False,False,True,False
1.1170658406208545,0.9042105141207136,0.22486053364051528,True,False,False,True,True,True,True,False,True,False,False,True
-0.5060571562802889,-0.16821177850026564,1.0102283859187262,False,False,True,True,False,False,False,True,True,True,True,False
-0.8306817556605175,-0.8706181707811328,-1.4483863432132729,True,False,False,True,True,False,False,True,False,False,True,False
-1.155306355040746,-0.979830008378571,-1.4798010573044011,True,False,False,True,True,False,False,False,False,False,False,False
-1.155306355040746,-0.9622278607969585,-1.3458751709159065,False,False,False,True,False,False,False,False,False,False,False,False
-1.074150205195689,-0.937253314352168,-1.307846832805593,False,True,False,False,True,False,False,True,True,False,True,False
-1.1147282801182177,-0.7892600413146968,1.0432965060146508,False,False,True,False,True,False,False,False,False,False,False,False
-1.2364625048858033,-0.9869842889321877,-1.4946817113475674,False,False,False,False,True,False,False,False,False,False,False,False
1.5634246647686687,1.4234629618627974,0.46791121634556143,False,True,False,True,True,False,False,True,False,True,False,True
0.10261396755763985,-0.6783686927336352,-1.4847612753187902,False,False,False,False,True,False,True,True,False,False,True,False
-0.30316678166764593,-0.7701528773971104,-1.4814544633091975,False,False,False,True,True,False,False,False,False,False,False,False
1.2388000653884401,1.873833647445362,1.3177619028108254,False,True,True,True,True,False,False,True,True,False,True,True
1.5634246647686687,1.6683007643455703,0.6034905087388528,True,True,False,False,True,True,False,True,True,True,False,False
1.1576439155433829,1.588709393186582,1.1391940542928325,False,False,True,False,True,True,False,True,True,True,False,False
0.183770117402697,0.15573753486045977,0.3356387359618627,False,False,False,False,False,True,True,True,False,False,True,True
-1.277040579808332,-0.9712797706437604,0.34225235998104775,False,False,True,True,False,False,False,False,False,False,False,False
0.67070701647304,0.6195006846501003,0.314144457899512,False,True,False,True,False,False,False,False,False,True,False,False
0.5083947167829257,-0.6149398883131538,-1.4583067792420503,False,True,False,False,False,False,False,True,False,False,True,False
1.5634246647686687,2.5585288329898366,1.610414765659759,False,True,True,False,False,True,False,True,True,True,True,True
-1.277040579808332,-0.9715415126152344,0.32241148792349317,True,False,True,True,False,False,False,True,False,False,True,True
-1.2364625048858033,-0.941070384769494,0.505939554455875,True,False,True,True,True,False,False,False,False,False,False,False
-1.1147282801182177,-0.8897035228677631,-0.4497291163163479,True,False,False,True,True,False,False,False,False,False,False,True
-1.277040579808332,-0.9829272883743441,-0.5406664465801407,False,False,False,True,False,True,False,False,False,False,False,False
1.6040027396911973,1.7113573186530082,0.717575523069793,False,True,False,False,True,True,False,False,True,True,False,True
-0.10027640705500306,0.14195245769617343,0.8300071313959366,True,False,True,True,False,False,False,True,True,False,False,True
1.1982219904659115,0.6331548908286495,-0.1587296594722109,False,True,False,True,True,False,False,True,False,True,False,True
0.7518631663180971,0.9471580092733709,0.74072320713694,True,False,True,True,True,False,False,False,True,True,False,True
-0.9929940553506318,-0.6650416640194282,0.9672398297940241,True,False,True,True,False,False,False,True,False,False,True,False
-0.4249010064352317,-0.21159551027204607,0.654746094887536,True,False,True,True,False,False,False,False,True,False,True,False
-0.26258870674511736,-0.7057207287526461,-1.2880059607480383,False,False,False,False,False,False,True,True,True,False,False,False
1.5634246647686687,2.176799979426272,1.3326425568539917,True,True,True,True,True,False,False,True,False,True,False,True
0.4272385669378685,0.14777621656146536,-0.15046262944822975,False,False,False,True,False,True,True,True,False,True,True,False
-0.9524159804281033,-0.603401429737351,1.1755689863983494,True,False,True,True,True,False,False,False,True,False,False,False
1.5634246647686687,2.122924756964584,1.1391940542928325,True,True,True,True,False,True,False,True,False,True,False,True
0.34608241709281135,0.44450436488891665,0.4927123064175049,False,False,False,True,False,True,True,False,False,True,False,False
-0.5872133061253461,-0.43442517532006447,0.27115590177481,True,False,True,True,True,False,False,True,True,False,False,False
1.3605342901560258,-0.27458807807340446,-1.3111536448151857,False,True,False,True,True,False,False,True,True,False,True,False
1.3605342901560258,1.9146217713333609,1.1854894224271268,True,False,True,True,False,False,False,True,True,False,False,True
-1.1958844299632747,-0.8780123814752673,0.8630752514918613,True,False,True,False,True,False,False,False,True,False,False,False
-0.7495256058154603,-0.6692949710558772,-0.31249641791826055,False,False,False,True,True,False,False,False,True,False,False,True
0.8330193161631543,0.46328435134216106,0.0016507229930237826,False,False,False,False,True,False,False,True,False,True,True,True
0.26492626724775414,-0.6595014589565663,-1.47153402728042,False,True,False,True,True,False,False,True,False,False,False,False
-1.155306355040746,-0.8435496885645518,0.8300071313959366,True,False,True,True,True,False,False,False,True,False,False,True
-1.277040579808332,-0.9694257650124878,0.4827918703887276,False,False,True,True,False,False,False,False,True,False,False,False
0.06203589263511127,-0.24760684318064807,-0.5009847024650312,True,False,False,True,True,False,False,False,False,False,False,True
0.06203589263511127,-0.37481344131690925,-0.6646718969398582,True,False,False,True,True,False,False,True,False,True,True,False
-0.10027640705500306,0.4472526555893915,1.5045967813528,False,False,True,False,False,False,True,False,True,True,False,True
0.34608241709281135,0.1861868508752437,0.051252903136910784,False,False,False,True,False,False,True,True,False,True,True,True
0.021457817712582688,0.308136797751073,0.9936943258707638,False,False,True,True,False,False,False,True,True,True,False,False
0.5489727917054542,0.8771420319041325,0.9821204838371904,True,False,True,True,True,False,True,True,True,False,False,True
-1.277040579808332,-0.9888382945634604,-0.9887394738799201,False,False,False,False,False,False,False,False,False,False,False,False
-1.155306355040746,-0.9236863554974433,-0.5142119505034011,True,False,False,True,True,True,False,False,False,False,True,False
0.95475354093074,1.1346525081724281,0.6828539969690718,False,False,True,True,False,False,False,True,True,False,False,False
-1.155306355040746,-0.9675935712121713,-1.463266997256439,False,False,False,True,True,False,False,False,False,False,False,False
-1.277040579808332,-0.9954472793431736,-1.4897214933331788,False,False,False,False,False,False,False,False,False,False,False,False
-1.277040579808332,-0.980418927814387,-0.35052475602857386,True,False,False,False,True,False,False,False,True,False,False,False
-0.019120257209945892,-0.5456218895345123,-0.9854326618703276,True,False,False,True,False,True,False,True,False,False,True,True
-1.1958844299632747,-0.9021798901746805,0.5423144865613919,True,False,True,True,True,False,False,False,True,False,False,True
-0.9929940553506318,-0.9473085684229527,-1.4963351173523636,False,True,False,False,True,False,False,True,False,False,True,False
-1.2364625048858033,-0.9178844084631077,1.0218022279522996,True,False,True,True,True,False,False,False,False,False,False,False
-1.277040579808332,-0.995229161033612,-1.4731874332852164,False,False,False,False,False,False,False,False,False,False,False,False
-0.2220106318225888,-0.36659038104644104,-0.380286064114906,False,False,False,False,True,True,False,False,False,True,False,False
0.021457817712582688,0.6076350486099551,1.4864093153000415,False,False,True,True,True,True,False,True,True,True,False,False
1.1576439155433829,1.9410577104522135,1.3690174889595086,True,False,True,True,False,False,False,True,True,True,False,False
-1.277040579808332,-0.9951637255407436,-1.4682272152708278,False,False,False,False,False,False,False,True,False,False,True,False
0.9141754660082114,0.9406798954793946,0.4232692542160633,True,False,True,True,False,False,False,True,True,False,False,False
1.6040027396911973,-0.22442086687426172,-1.314460456824778,False,True,False,False,False,False,False,True,True,False,True,False
-1.155306355040746,-0.967397264733566,-1.5244430194338996,False,False,False,False,True,False,False,True,False,False,True,False
-1.1147282801182177,-0.8259257291519834,0.6812005909642757,True,False,True,True,True,False,False,False,False,False,False,True
0.7924412412406258,1.424989790029728,1.297921030753271,True,False,True,True,True,True,False,True,True,False,False,False
1.3605342901560258,1.0891094051359886,0.3191046759139004,False,True,False,True,True,True,False,False,True,False,False,True
-1.155306355040746,-0.9699710607863915,-1.4946817113475674,False,False,False,False,True,False,False,False,False,False,False,False
1.6040027396911973,2.434397703018392,1.5161706233863734,False,True,True,True,False,False,False,True,True,True,False,True
-1.2364625048858033,-0.9306225177414987,0.8663820635014541,True,False,True,True,False,True,False,False,False,False,False,True
1.4011123650785544,-0.4052191336697809,-1.5112157713955297,False,True,False,True,False,False,False,True,False,False,True,False
-0.34374485659017456,-0.47708911667029197,-0.41170077820603457,False,True,False,True,False,True,False,True,False,True,True,True
-1.0335721302731604,-0.715819606485343,1.0052681679043372,True,False,True,True,False,False,False,False,False,False,False,False
-1.155306355040746,-0.9663502968476708,-1.3392615468967215,True,False,False,True,False,False,False,False,False,False,False,False
-1.2364625048858033,-0.9388892016738791,0.4497237502928029,True,False,True,True,False,False,False,False,True,False,False,False
1.6040027396911973,-0.38493413088056233,-1.4483863432132729,False,True,False,True,False,False,False,False,False,False,False,False
-0.9118379055055746,-0.6898417158165696,0.34225235998104775,True,False,True,False,True,True,False,True,False,False,False,False
-1.277040579808332,-0.9820766269670542,-0.47618361239308776,True,False,False,False,False,False,False,False,False,False,False,True
0.46781664186039706,0.7028218789025896,0.7754447332376612,False,False,True,False,True,False,True,True,True,False,False,True
-0.6277913810478746,-0.32497340758210874,0.9176376496501372,False,False,True,True,False,False,False,False,True,True,True,True
1.0764877656983258,0.7830894168212178,0.13723001538631474,False,False,False,True,True,True,True,True,True,True,False,False
-0.5466352312028174,-0.2358938899571961,0.816779883357567,False,False,True,False,False,False,False,True,True,False,False,False
1.6040027396911973,2.5654868070648478,1.610414765659759,False,True,True,True,False,True,False,True,True,True,False,True
-0.9118379055055746,-0.8862790654076477,-1.3376081408919251,False,False,False,True,False,False,False,False,True,False,False,False
-0.18143255690006022,-0.7672519038799425,-1.4897214933331788,False,False,False,False,False,False,True,True,False,False,True,False
0.183770117402697,-0.04305549247388257,-0.2050250276065054,False,False,False,True,True,True,True,True,False,True,True,False
-0.790103680737989,-0.5263184191383203,0.6315984108203886,True,False,True,False,True,True,False,True,False,False,True,False
0.9141754660082114,-0.5563969340268499,-1.5029487413715485,False,False,False,False,True,False,True,True,False,False,True,False
-1.277040579808332,-0.9887510472396359,-0.982125849860735,False,False,False,True,True,False,False,False,False,False,False,False
0.5083947167829257,1.1616555548961405,1.4384605411609508,False,False,True,True,True,True,False,False,True,True,False,False
1.4011123650785544,1.4339108288907927,0.6249847868012036,False,False,True,False,True,True,False,True,True,False,False,True
1.3199562152334972,1.8889274344670175,1.3276823388396028,False,True,True,False,True,False,False,False,True,False,False,True
1.6040027396911973,2.336702512165801,1.405392421065026,False,True,True,False,False,True,False,True,True,True,True,True
-1.1958844299632747,-0.9648452805116965,-1.1673073223979133,False,False,False,False,False,False,False,False,False,False,True,True
-0.26258870674511736,0.13006500982507221,1.1755689863983494,False,False,True,True,False,False,False,False,True,False,False,False
1.52284658984614,1.3680172875722665,0.3439057659858439,False,True,False,False,False,True,False,True,False,True,True,False
0.5083947167829257,-0.5987773215746474,-1.4748408392900125,False,True,False,False,True,False,False,True,False,False,True,False
0.2243481923252256,0.08530713270305444,0.171951541487036,False,False,False,True,True,False,True,False,False,True,False,True
1.4822685149236117,-0.2741300296233253,-1.301233208786408,False,True,False,True,False,False,False,True,True,False,True,False
0.5895508666279828,0.4145130973242117,0.08266761722803931,False,False,False,True,False,True,False,True,True,False,False,True
1.5634246647686687,-0.24915548317853464,-1.3392615468967215,False,True,False,False,True,False,False,True,True,False,False,False
-0.9929940553506318,-0.930077221967595,-1.49798852335716,False,False,False,False,True,False,False,True,False,False,True,False
0.30550434217028277,0.6129789471942116,1.0631373780722053,False,False,True,True,True,False,False,True,True,False,False,False
1.1170658406208545,1.788331270097258,1.354136834916343,True,False,True,True,False,False,False,True,True,False,False,True
-1.277040579808332,-0.9696875069839617,0.462950998331173,True,False,True,True,True,False,False,False,False,False,False,False
1.3199562152334972,-0.24134684769623335,-1.3111536448151857,False,True,False,True,False,False,False,True,True,False,True,False
-0.9118379055055746,-0.6600249428995139,0.5208202084990412,False,False,True,True,True,False,False,False,True,False,False,True
1.5634246647686687,1.6797737874285044,0.6563995008923321,True,True,True,True,True,False,False,True,True,True,True,True
1.52284658984614,0.8013241075005585,-0.15211603545302588,True,False,False,False,True,False,True,True,False,True,True,True
0.95475354093074,0.504137910723028,-0.17030350150578458,False,True,False,True,True,True,False,True,False,False,True,True
0.46781664186039706,0.7672322157160977,0.997001137880356,False,False,True,True,False,True,False,True,True,True,False,True
-0.9118379055055746,-0.5966397621409448,0.9110240256309522,False,False,True,True,True,False,False,True,False,True,False,True
-0.8306817556605175,-0.7454182610928374,-0.5257857925369748,False,False,False,True,True,False,False,False,False,False,False,True
0.8735973910856829,1.2983939231602386,1.3012278427628632,True,False,True,True,True,False,False,True,True,False,False,True
0.7112850913955685,1.4174865201808122,1.4781422852760604,True,True,True,True,False,True,False,False,True,True,False,True
1.3199562152334972,0.6784798755555272,-0.20006480959211673,False,True,False,False,False,True,False,True,False,True,False,False
1.2388000653884401,1.1897273813367044,0.5489281105805769,False,False,True,True,False,False,False,True,True,False,False,True
0.5489727917054542,-0.3544411912038661,-1.130932390292396,False,False,False,True,True,True,True,False,False,False,False,False
-1.277040579808332,-0.9817712613336682,-0.4530359283259404,False,False,False,False,True,False,False,False,False,True,False,False
-1.277040579808332,-0.9841269390769323,-0.6316037768439335,False,False,False,True,True,False,False,True,False,False,True,False
0.5489727917054542,0.06907913047167964,-0.35052475602857386,False,True,False,False,False,False,False,False,False,True,False,False
0.4272385669378685,0.5862158306110168,0.6580529068971283,True,False,True,True,True,False,False,False,True,False,False,False
0.021457817712582688,0.06353892540881767,0.25792865373644,False,False,False,True,True,True,False,True,True,False,False,True
-1.1958844299632747,-0.94545456279168,-0.682859362992617,False,False,False,False,False,False,False,True,False,False,True,False
1.3605342901560258,2.238003977089227,1.5194774353959661,False,False,True,False,True,False,True,False,True,True,False,True
-0.7089475308929317,-0.8627222879750067,-1.327687704863148,True,False,False,True,True,False,False,False,True,False,True,False
-0.5466352312028174,-0.1614282990729033,1.157381520345591,True,False,True,True,True,False,False,False,True,False,False,True
-1.2364625048858033,-0.9637983126258014,-0.5671209426568806,True,False,False,True,True,True,False,False,False,False,False,False
1.2793781403109687,0.9120409614339711,0.03967906110333734,False,False,False,True,True,True,True,True,True,False,False,False
-0.6683694559704032,-0.6402416122222867,-0.3654054100717401,False,False,False,True,False,False,False,False,False,True,False,True
0.183770117402697,0.29452621523443584,0.46129759232637685,False,False,False,True,False,True,False,False,True,True,False,True
-0.790103680737989,-0.8340179184367147,-1.1011710822060639,True,False,False,True,False,False,False,False,False,False,False,True
-0.18143255690006022,-0.39915544466397157,-0.4679165823691066,False,False,False,False,True,True,True,True,False,True,True,False
-0.9524159804281033,-0.6587598567040572,0.6795471849594795,True,False,True,True,True,False,False,False,True,False,False,False
0.10261396755763985,0.5777092165381187,1.2367450085758098,False,False,True,True,True,False,True,False,False,False,False,True
-0.9524159804281033,-0.8199056638080863,-0.5406664465801407,False,False,False,False,False,True,True,True,False,False,True,False
-0.9929940553506318,-0.8092178666395733,-0.3042293878942794,True,False,False,False,False,False,False,True,True,False,True,True
0.9141754660082114,0.8818751992216171,0.42492266022085945,False,True,False,True,True,False,False,False,True,False,False,False
-0.34374485659017456,-0.016466870538336793,0.945745551731673,True,False,True,True,False,False,False,True,True,False,False,False
-0.5872133061253461,-0.5810443030072983,-0.2876953278463171,False,False,False,False,True,True,False,False,True,False,False,False
1.6040027396911973,0.855984555876668,-0.16368987748659955,True,True,False,True,False,False,False,True,False,True,True,True
1.4011123650785544,1.2051701576536578,0.3356387359618627,False,False,False,False,False,True,True,True,True,False,False,True
-0.5872133061253461,-0.5866063199011163,-0.3488713500237777,False,False,False,True,False,False,True,True,False,True,True,False
1.0359096907757972,0.15242213655512496,-0.6497912428966922,True,False,False,True,True,False,False,True,False,False,False,True
1.4822685149236117,2.1637128808525827,1.3690174889595086,False,True,True,True,True,True,False,True,False,True,True,True
1.1982219904659115,1.6139238697718905,1.0300692579762807,True,False,True,False,True,True,True,True,True,False,False,True
1.441690440001083,2.5014472713775944,1.7278065920002916,False,False,True,True,True,True,True,False,True,True,False,True
-0.059698332132474476,0.2513387899412608,1.0466033180242431,False,False,True,True,True,False,False,False,True,True,False,False
-0.059698332132474476,-0.3148309061874994,-0.48114383040747644,False,False,False,True,False,True,True,True,False,False,False,True
-1.2364625048858033,-0.9649761514974334,-0.6597116789254696,True,False,False,True,False,False,False,True,False,False,False,False
-1.277040579808332,-0.9741807441609283,0.12234936134314901,True,False,True,False,False,False,False,False,False,False,False,False
1.0764877656983258,0.9983503765274528,0.47121802835515414,False,True,True,True,False,False,False,False,True,False,False,True
-0.9929940553506318,-0.935050319425597,-1.478147651299605,False,False,False,False,True,False,False,True,False,False,False,False
1.52284658984614,0.329948628707222,-0.6729389269638394,False,True,False,True,False,True,False,False,False,True,False,True
1.4822685149236117,0.8557228139051941,-0.1372353814098599,False,False,False,True,True,False,True,True,False,True,False,True
1.52284658984614,-0.23427981446644106,-1.3524887949350914,False,True,False,False,False,False,False,True,True,False,True,False
0.67070701647304,0.9795485782432523,0.8300071313959366,False,False,True,False,True,False,False,True,True,False,False,True
-0.7495256058154603,-0.556571428674499,0.3439057659858439,True,False,True,False,False,False,False,False,False,False,False,False
-0.5872133061253461,-0.30058778057313407,0.8316605374007328,True,False,True,True,False,False,False,False,True,True,False,False
-0.8712598305830461,-0.8368098327991018,-1.0003133159134936,False,False,False,False,True,False,False,False,False,False,False,True
-0.38432293151270314,-0.2001224871891117,0.4497237502928029,True,False,False,True,False,True,True,False,True,False,False,False
-0.9929940553506318,-0.7646781078271169,0.3191046759139004,False,False,True,True,False,False,False,False,True,False,False,False
1.6040027396911973,1.654406628026503,0.717575523069793,False,True,False,False,True,True,False,True,True,True,False,False
-0.5060571562802889,-0.40633153704854463,0.13061639136713019,False,False,False,True,False,False,False,False,True,True,False,True
0.7112850913955685,0.5478706317901068,0.15872429344866595,False,False,True,True,False,False,False,True,False,False,True,False
0.5083947167829257,0.9519348002527676,1.1689553623791644,True,False,True,True,False,True,True,False,False,False,False,True
-0.790103680737989,-0.44138314939507606,0.9953477318755599,True,False,True,True,False,False,False,False,True,False,False,False
-1.277040579808332,-0.980135374011957,-0.32903047796622287,False,False,False,True,False,False,False,False,False,False,False,False
0.46781664186039706,0.7683009954329489,0.8415809734295105,False,False,True,True,True,False,False,False,True,False,False,False
1.6040027396911973,-0.38308012524928964,-1.4847612753187902,False,True,False,False,False,False,False,True,False,False,False,False
-0.9929940553506318,-0.9051244873537606,-1.180534570436283,False,False,False,True,False,False,False,False,False,False,False,True
0.26492626724775414,-0.4330292181388709,-0.9722054138319578,False,False,False,False,True,False,True,False,False,True,False,False
-0.26258870674511736,-0.7982901393305426,-1.499641929361956,False,False,False,True,True,False,True,False,False,False,False,False
-0.30316678166764593,-0.3910850672101964,-0.3108430119134644,False,False,False,False,True,False,False,True,True,False,False,False
-0.5872133061253461,-0.6146999581726362,-0.4943710784458462,False,False,False,True,False,False,False,False,False,False,False,False
-0.019120257209945892,0.24414088572573162,0.958972799770043,False,False,True,True,True,False,False,True,False,False,True,True
1.5634246647686687,2.0333217553967238,1.114392964220889,False,False,True,True,True,False,True,True,True,False,False,False
0.8735973910856829,0.9694278886795992,0.7026948690266268,True,False,False,True,False,False,False,True,True,True,True,True
1.2388000653884401,-0.44755589755566627,-1.4963351173523636,False,True,False,False,True,False,False,True,False,False,True,False
0.4272385669378685,0.10764244760215116,-0.16368987748659955,True,True,False,True,True,False,False,False,False,False,False,True
0.3866604920153399,0.6229251421102157,0.6927744329978496,False,False,True,True,False,False,False,True,True,True,False,False
-0.34374485659017456,-0.7628895376887127,-1.3161138628295743,False,True,False,False,False,False,False,False,True,False,False,False
1.0359096907757972,1.4432244807090682,0.9705466418036165,True,False,True,True,False,False,True,True,True,False,False,True
0.9141754660082114,1.3558026622368229,1.163995144364776,True,False,True,True,False,False,True,False,True,False,False,False
-0.14085448197753164,-0.29733781776066787,-0.3207634479422417,True,False,False,True,False,False,True,False,True,False,False,True
1.2388000653884401,0.6132625009966416,-0.1967579975825242,True,True,False,False,True,True,False,True,False,False,True,True
-0.14085448197753164,0.24470799333059157,1.114392964220889,True,False,True,False,False,False,False,False,True,True,False,False
-1.0335721302731604,-0.9411576320933187,-1.478147651299605,False,False,False,False,True,False,False,True,False,False,True,False
0.7518631663180971,0.8747863541608687,0.6249847868012036,False,True,False,True,True,True,False,True,False,True,False,True
-0.4654790813577603,0.006675482106137205,1.5293978714247436,True,False,True,True,True,False,False,True,True,True,False,True
-1.2364625048858033,-0.9359227926638429,0.7241891470889775,False,False,True,True,True,False,False,True,True,False,False,False
0.46781664186039706,-0.6267619006913866,-1.469880621275624,False,False,False,True,True,False,True,True,False,False,True,False
-0.18143255690006022,-0.2251624691267707,-0.1339285694002674,False,False,False,False,True,True,False,True,False,True,False,True
1.52284658984614,-0.3885112711573708,-1.4814544633091975,False,True,False,True,False,False,False,True,False,False,True,False
-0.9929940553506318,-0.7633475861387918,-0.1339285694002674,False,False,False,False,True,True,False,True,False,False,False,False
-1.277040579808332,-0.9840615035840639,-0.6266435588295449,True,False,False,False,False,False,False,True,False,False,False,False
-0.790103680737989,-0.42199243167505956,1.059830566062613,True,False,True,False,True,False,False,True,False,False,True,False
1.6040027396911973,1.334427067899797,0.3124910518947158,False,True,False,False,True,True,False,True,False,True,False,True
0.7924412412406258,0.2132553330918247,-0.3703656280861287,True,False,False,False,True,True,True,False,False,False,False,False
-1.277040579808332,-0.9774525188043506,-0.12566153937628624,True,False,False,False,True,True,False,False,True,False,False,True
1.1982219904659115,0.19495520691961557,-0.706007047059764,False,True,False,True,False,False,False,False,False,False,False,True
1.4011123650785544,-0.22548964659111295,-1.301233208786408,False,True,False,False,True,False,False,True,True,False,False,False
0.6301289415505114,-0.5753296032967872,-1.4814544633091975,False,True,False,False,True,False,False,False,False,False,False,False
0.10261396755763985,0.37682225343198616,0.8184332893623631,True,False,True,True,True,False,True,True,False,True,True,True
0.5083947167829257,0.5141277293009443,0.33729214196665935,False,True,False,False,True,True,False,True,True,True,False,False
-0.8712598305830461,-0.9098140310093327,-1.4963351173523636,False,False,False,False,False,False,False,False,False,False,True,False
-1.155306355040746,-0.8953309752544495,-0.12070132136189758,True,False,False,True,True,False,False,False,False,True,False,False
-0.6683694559704032,-0.8749369133104502,-1.4831078693139936,False,False,False,False,False,False,True,False,False,False,False,False
-0.5872133061253461,-0.8343232840701008,-1.5012953353667524,False,False,False,True,False,False,False,False,False,False,False,False
-1.277040579808332,-0.9952945965264806,-1.478147651299605,False,False,False,True,False,False,False,False,False,False,False,False
-0.5060571562802889,-0.8326219612555211,-1.4748408392900125,False,False,False,False,False,False,True,True,False,False,False,False
1.4011123650785544,1.5710418101121013,0.7886719812760308,False,False,False,True,True,True,True,False,True,True,False,True
1.6040027396911973,2.471325132827152,1.4996365633384112,False,True,True,True,True,True,False,True,True,False,True,True
-0.6683694559704032,-0.8725812355671861,-1.4963351173523636,False,True,False,False,False,False,False,True,False,False,True,False
-0.8306817556605175,-0.8842941887906381,-1.3128070508199818,False,True,False,False,False,False,False,True,True,False,True,False
1.52284658984614,2.5522034020125535,1.7063123139379404,False,True,True,True,True,True,False,True,True,True,True,True
-1.074150205195689,-0.9563604782697546,-1.4549999672324578,False,False,False,True,False,False,False,False,False,False,False,False
1.0764877656983258,1.3456601608422136,0.9391319277124879,True,False,True,False,False,False,False,True,True,True,False,False
0.7112850913955685,-0.1609920624537803,-0.8349727154338702,False,True,False,False,False,False,False,False,False,True,False,True
0.10261396755763985,0.5210857033759559,1.2053302944846818,True,False,True,True,True,False,False,False,True,False,False,False
-0.790103680737989,-0.7455927557404864,-0.6993934230405793,True,False,False,False,False,False,True,True,False,False,False,False
-0.059698332132474476,0.1247211112408157,0.4794850583791353,False,False,False,True,True,False,True,False,True,True,True,True
-0.4654790813577603,-0.8003404514404205,-1.3309945168727402,False,False,False,False,True,False,False,False,True,False,True,False
-0.9929940553506318,-0.6422483006702524,1.3409095868779728,True,False,True,True,False,False,False,False,True,False,False,True
0.06203589263511127,0.604974005233305,1.335949368863584,False,False,True,True,False,True,False,False,False,False,True,True
-0.38432293151270314,-0.7920301438461278,-1.5095623653907335,False,False,False,False,True,False,True,True,False,False,False,False
-0.14085448197753164,0.22043142547639766,1.1193531822352774,False,False,True,True,True,False,False,False,False,True,False,False
0.95475354093074,0.6570606575565889,0.1256561733527413,False,False,False,True,False,True,True,True,True,False,True,False
0.30550434217028277,0.1239795089883067,0.004957535002616062,False,False,False,False,False,True,False,False,False,False,False,True
0.183770117402697,0.018933731103492918,-0.006616307030957384,True,False,False,True,False,False,False,False,False,False,False,False
0.67070701647304,1.1287196901523553,1.1044725281921113,True,False,True,True,False,False,False,True,True,False,True,True
0.4272385669378685,-0.16967317117432767,-0.8101716253619267,True,False,False,True,True,True,False,False,False,False,True,True
1.0764877656983258,1.4304209359378088,1.0482567240290397,False,False,True,True,False,False,False,True,True,True,True,True
0.10261396755763985,-0.09025629466298898,-0.17691712552496938,True,False,False,True,True,True,False,False,True,False,False,False
-0.8306817556605175,-0.7371079534985446,-0.4530359283259404,True,False,False,True,False,False,False,True,False,False,False,True
-0.10027640705500306,-0.7480138689766191,-1.463266997256439,False,False,False,False,True,False,True,True,False,False,False,False
1.6040027396911973,-0.24741053670204272,-1.350835388930295,False,True,False,False,True,False,False,True,True,False,True,False
-1.1958844299632747,-0.8943058191995106,0.4860986823983203,False,False,True,True,True,False,False,True,True,True,False,False
0.30550434217028277,0.7983795103214784,1.3177619028108254,False,False,True,False,True,False,False,False,True,True,False,False
1.6040027396911973,1.0936026423129555,0.10581530129518667,False,True,False,False,True,True,False,True,True,True,False,True
-0.5872133061253461,-0.4371080305276709,0.11242892531437124,True,False,False,True,True,True,False,False,False,True,False,False
-0.059698332132474476,0.05817321499360514,0.44641693828321066,True,False,True,True,True,False,False,False,False,True,False,True
0.34608241709281135,0.44688185446313683,0.49436571242230154,False,False,False,False,False,True,False,True,True,True,True,True
1.52284658984614,2.093805962638125,1.256585880633365,True,False,True,True,True,False,False,True,True,False,False,True
1.1170658406208545,0.40799135986832324,-0.3753258461005174,True,True,False,False,False,True,False,False,False,False,False,False
-0.38432293151270314,-0.5324475436369982,-0.5042915144746235,False,False,False,False,False,False,False,False,False,False,False,False
1.3199562152334972,2.148749964816665,1.4698752552520793,False,False,True,True,False,True,False,True,True,False,False,True
0.7112850913955685,1.2740519198131766,1.3227221208252145,True,False,True,True,False,False,False,False,True,True,False,False
0.2243481923252256,0.24462074600676706,0.462950998331173,False,False,False,False,True,False,True,True,True,False,True,True
0.7518631663180971,1.1382514602801928,1.0399896940050586,False,False,True,True,True,True,True,True,True,False,False,True
-1.1147282801182177,-0.8769872254203283,-0.29100213985590956,True,False,False,False,True,False,False,False,False,True,False,False
1.2388000653884401,1.6611682956229092,1.0267624459666884,True,False,True,True,False,False,True,True,False,False,False,True
-0.9118379055055746,-0.5982538376316998,1.0003079498899488,True,False,True,False,True,False,False,False,True,False,True,False
-1.155306355040746,-0.9360318518186237,-0.8730010535441838,False,False,False,False,True,True,False,True,False,False,True,False
0.3866604920153399,0.05226220880448867,-0.1587296594722109,False,False,False,True,False,True,True,False,True,False,False,True
1.5634246647686687,2.0628985981732617,1.1755689863983494,False,True,True,False,False,True,False,True,True,False,True,True
-0.2220106318225888,-0.7593342092428603,-1.499641929361956,False,True,False,True,False,False,False,False,False,False,False,False
0.7518631663180971,1.491297756136421,1.540971713458317,True,False,True,True,True,True,True,True,True,True,False,False
1.0764877656983258,1.3938206835933906,0.8200866953671593,True,False,True,True,False,True,False,False,True,False,False,True
-0.14085448197753164,0.15482143796030134,0.8316605374007328,False,False,True,False,True,True,True,True,False,False,False,False
0.9953316158532686,1.2773018826256426,0.8432343794343067,False,True,True,True,True,False,False,False,True,True,False,False
-0.059698332132474476,0.29550774762746257,0.9771602658228015,True,False,True,True,True,False,False,False,False,False,False,True
-0.9524159804281033,-0.7651579681081522,-2.683011772356742e-06,False,False,False,False,True,True,False,False,False,True,False,False
0.2243481923252256,0.6916324096220852,1.3194153088156215,True,False,True,True,True,True,True,False,True,False,False,True
-0.7089475308929317,-0.7076837935386995,-0.5241323865321784,True,False,False,True,False,False,False,False,True,False,False,False
-1.277040579808332,-0.995229161033612,-1.4731874332852164,False,False,False,False,True,False,False,False,False,False,False,False
-1.1958844299632747,-0.956709467565053,-0.9292168577072556,False,False,False,True,True,False,False,False,False,True,False,True
0.67070701647304,-0.6033578060754387,-1.519482801419511,False,False,False,False,False,False,True,True,False,False,False,False
-0.38432293151270314,-0.28342186961064486,0.1504572634246848,False,False,False,True,False,False,False,True,True,True,True,True
-1.1147282801182177,-0.9569930213674828,-1.491374899337975,False,False,False,False,False,False,False,False,False,False,False,False
-0.9118379055055746,-0.7966106283469191,-0.5092517324890125,False,False,False,False,True,False,True,True,False,False,True,True
0.7112850913955685,-0.45383770487103714,-1.322727486848759,False,True,False,False,True,False,False,True,True,False,True,False
1.1170658406208545,1.384659714591808,0.9639330177844314,False,False,True,True,False,True,False,True,True,False,False,True
-1.0335721302731604,-0.9279178507029363,-1.478147651299605,False,False,False,True,True,False,False,True,False,False,True,False
-0.019120257209945892,0.11699972308233902,0.47452484036474646,False,False,True,False,False,False,False,True,True,False,False,False
-0.6683694559704032,-0.47503880456041403,0.3356387359618627,False,False,True,False,False,False,False,False,False,False,False,True
-1.155306355040746,-0.8313350632291083,1.00857497991393,True,False,True,True,False,False,False,False,True,False,False,False
0.021457817712582688,-0.7120897833918416,-1.4847612753187902,False,False,False,False,False,False,False,True,False,False,False,False
-1.1147282801182177,-0.8558515612238198,0.021491595050578394,False,False,False,True,True,False,False,False,False,True,False,True
-0.5060571562802889,-0.2270382865889996,0.8515014094582878,False,False,True,True,True,False,False,False,True,False,False,False
1.52284658984614,0.7901782618819663,-0.21659886964007907,False,False,False,True,False,False,True,True,False,True,True,True
-1.1958844299632747,-0.8760275048582576,1.116046370225685,True,False,True,True,True,False,False,False,False,True,False,False
-0.34374485659017456,-0.01672861250981074,1.044949912019447,True,True,True,True,False,False,False,True,False,False,True,False
-1.155306355040746,-0.91821158592745,-0.6497912428966922,False,False,False,True,False,False,False,False,False,False,False,False
-0.6683694559704032,-0.431720508281502,0.5307406445278184,True,False,True,True,False,False,False,False,False,False,True,False
-0.019120257209945892,0.3436682703786397,1.1210065882400735,True,False,True,True,False,False,False,True,True,False,True,True
-0.14085448197753164,-0.1699785368077137,0.03802565509854073,True,False,False,True,False,True,False,False,True,False,False,False
-1.2364625048858033,-0.9412448794171433,0.5191668024942451,True,False,True,True,False,False,False,False,False,False,False,False
0.2243481923252256,-0.5836180990601239,-1.3194206748391668,False,True,False,False,True,False,False,True,True,False,True,False
1.4822685149236117,1.3463799512637664,0.35713301402421394,False,True,False,True,True,True,False,True,False,True,True,True
1.1982219904659115,1.9201837882271788,1.3590970529307314,False,False,True,True,False,False,True,True,True,True,True,True
-0.8712598305830461,-0.6144818398630747,0.7026948690266268,True,False,True,False,True,False,False,False,True,False,True,False
-1.277040579808332,-0.9911721604757685,-1.165653916393117,False,False,False,False,True,True,False,False,False,False,False,False
1.441690440001083,0.7303047859073374,-0.14219559942424856,False,False,False,True,False,False,True,True,False,True,False,True
-1.1147282801182177,-0.8580763679813471,0.31083764588991925,True,False,True,True,False,False,False,True,True,False,False,False
0.06203589263511127,0.5099616695883199,1.2846937827149008,True,False,True,True,True,True,True,False,True,False,True,True
-1.0335721302731604,-0.9441022292723988,-1.4864146813235863,False,False,False,False,False,False,False,False,False,False,False,False
-0.6277913810478746,-0.4242826739254552,0.5472747045757808,False,False,True,False,True,False,False,True,False,False,False,False
1.4822685149236117,2.1545082881890876,1.335949368863584,False,True,True,False,False,False,False,True,True,True,False,False
-1.277040579808332,-0.9953164083574368,-1.4798010573044011,False,False,False,False,True,False,False,False,False,False,False,False
-0.9524159804281033,-0.9385402123785809,-1.5029487413715485,False,False,False,False,False,False,False,False,False,False,False,False
-0.6277913810478746,-0.24398607924192736,1.243358632594995,True,False,True,True,True,False,False,True,True,False,False,True
1.0359096907757972,0.9221834628285803,0.3587864200290101,False,True,False,False,False,True,False,True,True,True,True,False
0.8735973910856829,1.4587763161808025,1.294614218743678,False,False,True,True,False,True,False,True,True,False,True,True
0.021457817712582688,0.5905127613093781,1.5045967813528,True,False,True,True,False,False,False,False,True,True,False,True
0.4272385669378685,1.131293486205181,1.6567101337940533,False,True,True,False,False,True,False,False,True,True,False,True
1.0359096907757972,0.5505316751667572,-0.15376944145782226,False,False,False,False,True,True,True,True,False,False,False,True
1.3605342901560258,-0.2628969366809085,-1.3061934268007966,False,False,False,False,True,False,True,False,True,False,False,False
1.6040027396911973,0.2880044777785474,-0.7556092272036511,False,True,False,False,True,True,False,True,False,False,False,True
0.9953316158532686,1.4107902880772747,0.9936943258707638,True,False,True,True,False,False,True,True,False,False,True,True
-1.2364625048858033,-0.9688150337457158,-0.6464844308870997,True,False,False,True,False,False,False,False,False,False,False,False
0.021457817712582688,0.1523785128932127,0.5175133964894484,False,True,True,False,True,False,False,False,False,True,False,True
-0.14085448197753164,-0.6603521203638562,-1.3260342988583516,False,False,False,True,True,False,True,False,False,False,False,False
-1.2364625048858033,-0.9408086427980202,0.15541748143907366,True,False,True,False,False,False,False,False,False,False,False,False
-0.4654790813577603,-0.47390458935069424,-0.2017182155969129,False,False,False,True,False,False,True,True,False,False,True,True
0.2243481923252256,0.40648634353234886,0.6266381928060002,False,False,True,True,False,True,False,False,False,False,False,True
0.2243481923252256,0.36877368780916725,0.611757538762834,True,False,True,True,False,True,False,True,False,False,False,False
-1.074150205195689,-0.9581054247462465,-1.519482801419511,False,False,False,False,False,False,True,True,False,False,True,False
-1.1147282801182177,-0.9121915205835528,-0.8415863394530553,True,False,False,False,False,False,False,False,False,False,False,False
-0.9929940553506318,-0.9495988106733484,-1.499641929361956,False,True,False,False,True,False,False,True,False,False,True,False
1.441690440001083,1.7846668824966252,0.9011035896021748,False,True,False,True,True,True,False,True,True,True,True,True
1.0764877656983258,1.5529816140804102,1.1425008663024248,False,True,True,True,True,False,False,True,True,False,True,False
1.6040027396911973,-0.13686817741627952,-1.279738930724057,False,True,False,True,False,False,False,True,True,False,True,False
-1.074150205195689,-0.7538376278419109,1.0184954159427073,True,False,True,True,True,False,False,True,False,False,False,False
-0.9118379055055746,-0.9214833605708723,-1.499641929361956,False,False,False,False,True,False,True,True,False,False,False,False
-0.9118379055055746,-0.9088106867853497,-1.4847612753187902,False,False,False,True,True,False,False,True,False,False,True,False
-1.277040579808332,-0.9952945965264806,-1.478147651299605,False,False,False,True,False,False,False,False,False,False,False,False
-0.059698332132474476,0.3403964957352173,1.094552092163334,False,False,True,False,True,True,True,True,True,False,True,False
0.95475354093074,0.7776146472512245,0.2529684357220511,False,True,False,True,False,True,False,True,False,True,True,False
-1.1958844299632747,-0.9730683407821648,-1.478147651299605,False,False,False,False,False,False,True,False,False,False,False,False
-0.9929940553506318,-0.9304480230938494,-1.4963351173523636,False,False,False,True,True,False,False,False,False,False,False,False
1.0359096907757972,1.6209909030016827,1.2665063166621424,False,False,True,True,True,False,True,False,True,False,False,True
1.5634246647686687,1.4846233358638392,0.5208202084990412,False,True,False,True,False,False,False,True,False,True,False,True
0.5489727917054542,0.5636187737404466,0.47121802835515414,False,True,False,False,False,True,False,False,True,False,False,False
0.30550434217028277,0.06399697385889688,-0.15376944145782226,False,False,False,False,True,False,True,True,False,True,True,True
-1.074150205195689,-0.8033504841123691,0.5919166667052789,True,False,True,True,True,False,False,True,True,False,False,False
-1.2364625048858033,-0.9814440838693259,-1.491374899337975,False,False,False,False,False,False,False,True,False,False,False,False
-0.10027640705500306,0.26865738372044323,1.2086371064942742,True,False,True,True,True,False,False,True,True,True,False,False
1.1576439155433829,-0.08052821805654664,-1.0366882480190107,False,False,False,False,True,True,False,True,False,False,True,False
1.5634246647686687,-0.27469713722818523,-1.3591024189542762,False,True,False,False,False,False,False,True,True,False,False,False
0.3866604920153399,-0.63574837504532,-1.4616135912516428,False,True,False,True,False,False,False,False,False,False,False,False
-1.277040579808332,-0.995643585821779,-1.5046021473763447,False,False,False,True,True,False,False,False,False,False,True,False
1.6040027396911973,1.9258330524448217,0.8333139434055293,False,True,False,True,False,True,False,True,True,True,True,True
1.4822685149236117,-0.2545866290866158,-1.3392615468967215,False,True,False,False,True,False,False,True,True,False,True,False
-0.8306817556605175,-0.7759330126004899,-0.6580582729206734,True,False,False,True,False,False,False,False,False,False,False,False
1.52284658984614,0.981402583874525,-2.683011772356742e-06,False,False,False,False,True,True,True,False,True,True,True,True
1.52284658984614,0.17054776807968489,-0.8531601814866289,False,True,False,True,True,True,False,True,False,True,False,False
-1.1958844299632747,-0.8576619431931802,0.9887341078563749,True,False,True,True,True,False,False,False,True,False,False,False
1.3199562152334972,1.6435007125484287,0.945745551731673,True,False,True,False,True,True,True,False,True,True,False,False
0.5895508666279828,1.231387978462949,1.4748354732664677,True,False,True,True,True,False,False,True,True,True,False,True
-1.0335721302731604,-0.8009729945381489,-0.2017182155969129,False,False,False,False,True,True,False,True,False,False,True,True
-0.10027640705500306,0.35740972388101355,1.294614218743678,True,False,True,True,False,False,False,False,True,False,False,True
-0.5060571562802889,-0.2749152555377467,0.5456212985709846,True,False,True,True,False,False,False,False,False,False,False,False
1.6040027396911973,2.4162284478319203,1.4301935111369695,True,True,True,True,True,False,False,True,True,True,False,True
-0.30316678166764593,-0.3322367472905063,-0.12896835138587875,True,False,False,False,False,True,True,False,False,False,False,True
1.52284658984614,1.9880403943317588,0.9870807018515788,False,True,False,True,False,True,False,True,True,True,False,True
0.5895508666279828,0.5271930160436776,0.314144457899512,False,True,False,False,False,False,False,False,False,True,False,False
1.4822685149236117,2.17941739914101,1.3243755268300106,True,True,True,True,True,False,False,True,True,False,True,True
-0.14085448197753164,-0.25425945162227354,-0.21163865162569043,False,False,False,True,False,True,False,False,True,False,False,True
1.6040027396911973,-0.3791976193390952,-1.4682272152708278,True,True,False,False,True,False,False,True,False,False,True,False
-0.6277913810478746,-0.8686332941641233,-1.4880680873283825,False,False,False,False,True,False,True,False,False,False,False,False
0.26492626724775414,-0.3074366954933649,-0.7886773472995757,False,False,False,False,False,False,False,False,False,True,False,True
-1.0335721302731604,-0.9383657177309316,-1.47153402728042,False,False,False,False,False,False,False,True,False,False,True,False
0.7112850913955685,-0.04944635894403428,-0.677899144978228,False,False,False,True,True,True,True,True,False,True,False,False
1.5634246647686687,1.9871242974316006,1.015188603933115,False,False,True,False,False,True,True,True,True,False,False,True
0.67070701647304,1.0421049094254875,0.9870807018515788,True,True,True,True,True,False,False,True,False,False,False,True
0.7518631663180971,0.9484230954688274,0.7473368311561249,False,False,True,False,False,False,True,False,False,False,False,False
1.2388000653884401,1.17502620727226,0.5075929604606711,False,True,False,True,False,True,False,False,True,True,False,True
-0.9929940553506318,-0.9295755498556035,-1.4880680873283825,False,False,False,False,False,False,False,False,False,False,True,False
-0.9929940553506318,-0.9333271847800612,-1.47153402728042,False,False,False,True,True,False,False,False,False,False,False,False
0.7924412412406258,1.2836927490957941,1.1689553623791644,True,False,True,False,False,True,True,True,False,False,True,False
-1.277040579808332,-0.9802444331667377,-0.3372975079902041,False,False,False,True,False,False,False,False,False,False,False,False
-1.1958844299632747,-0.8965960614499062,0.46791121634556143,True,False,True,True,False,True,False,False,False,False,False,True
-1.277040579808332,-0.9689895283933647,0.5158599904846523,True,False,True,True,True,False,False,False,False,False,False,False
-0.059698332132474476,-0.12301766475912489,0.047946091127318506,False,False,False,True,True,False,False,True,False,True,False,False
-0.7089475308929317,-0.37391915624770705,0.9391319277124879,True,False,True,True,True,False,False,False,True,False,False,False
-0.9118379055055746,-0.8459489899697282,-1.0052735339278824,False,False,False,True,True,False,False,True,False,False,True,False
1.6040027396911973,2.631445783876243,1.6434828857556838,False,True,True,True,False,True,False,True,True,True,False,True
-0.5466352312028174,-0.3519110188129528,0.4546839683071918,False,False,True,True,True,False,False,False,False,False,False,False
-1.2364625048858033,-0.9881839396347759,-1.3409149529015179,False,False,False,True,False,False,False,True,False,False,True,False
-1.1147282801182177,-0.8190986260627087,0.6729335609402944,True,False,True,True,True,False,False,False,True,False,False,True
0.8735973910856829,-0.5332327695514196,-1.4831078693139936,False,True,False,False,False,False,False,False,False,False,False,False
-1.277040579808332,-0.9938986393452871,-1.3723296669926461,True,False,False,True,True,False,False,True,False,False,False,False
1.6040027396911973,1.873244728009546,0.8200866953671593,False,True,False,False,False,True,False,True,True,True,True,True
0.8330193161631543,-0.4461817522054288,-1.3343013288823327,False,True,False,False,True,False,False,False,True,False,False,False
-0.9929940553506318,-0.9431643205412844,-1.4516931552228654,False,False,False,False,False,False,False,True,False,False,True,False
-0.38432293151270314,-0.12114184729689609,0.8283537253911405,True,False,True,True,True,True,False,True,False,False,False,True
-1.0335721302731604,-0.7713525280996986,0.31083764588991925,False,False,True,False,True,True,False,False,False,False,False,False
0.06203589263511127,-0.7079237236792172,-1.4847612753187902,False,True,False,False,True,False,False,True,False,False,False,False
1.1576439155433829,-0.3329347258811031,-1.3061934268007966,False,True,False,False,True,False,False,True,True,False,False,False
0.5083947167829257,-0.6257803682983599,-1.5244430194338996,False,False,False,False,True,False,True,False,False,False,False,False
1.4011123650785544,1.438055076772461,0.6563995008923321,False,False,True,False,False,True,True,True,False,False,True,True
0.67070701647304,0.14489705487525353,-0.3174566359326492,True,False,False,True,True,True,True,True,True,False,False,False
1.6040027396911973,1.53684085917286,0.5257804265134296,False,True,False,False,False,True,False,True,True,True,True,True
1.0359096907757972,1.7090888882335689,1.312801684796437,True,False,True,True,True,False,True,False,True,True,False,False
-0.38432293151270314,-0.7311969473094281,-1.3591024189542762,False,True,False,False,False,False,False,True,True,False,True,False
1.6040027396911973,1.9393127639757217,0.9821204838371904,True,False,True,True,True,False,False,True,False,False,False,False
-0.9524159804281033,-0.697214114679748,0.32075808191869704,True,False,False,True,False,True,False,False,False,False,False,True
0.4272385669378685,-0.06552167835871607,-0.4530359283259404,False,False,False,True,False,True,True,True,False,True,True,True
-1.1147282801182177,-0.8530160231995204,0.16864472947744327,True,False,False,True,True,False,False,False,False,False,False,False
1.1170658406208545,1.7613718470354578,1.3028812487676593,True,False,True,True,True,False,True,True,True,False,False,True
-1.277040579808332,-0.9711707114889797,0.3505193900050289,True,False,True,False,False,False,False,False,False,False,False,False
1.6040027396911973,1.5099686834348842,0.4596441863215802,False,True,False,False,True,True,False,True,True,True,False,True
-0.019120257209945892,0.26174303330734405,0.8151264773527704,True,False,True,False,False,True,False,True,True,False,True,False
1.1576439155433829,1.3117209518744457,0.816779883357567,True,True,False,False,False,True,False,False,True,True,False,True
1.2793781403109687,2.048350106925511,1.4996365633384112,False,True,True,False,False,True,False,True,True,True,True,True
-0.7495256058154603,-0.8756567037320032,-1.5012953353667524,False,False,False,False,False,False,True,True,False,False,True,False
-0.790103680737989,-0.5627441768350893,0.5142065844798561,True,False,True,True,False,False,False,False,False,False,False,False
-0.30316678166764593,-0.7881258261049771,-1.4549999672324578,False,False,False,True,True,False,True,True,False,False,False,False
-1.277040579808332,-0.9882275632966884,-0.9424441057456254,True,False,False,True,False,False,False,False,False,False,False,False
-1.155306355040746,-0.9169901233939056,-0.6299503708391374,True,False,False,True,True,False,False,False,False,False,False,False
0.5895508666279828,-0.5927572562307503,-1.47153402728042,False,True,False,False,True,False,False,False,False,False,False,False
0.8330193161631543,0.6228597066173472,0.15707088744386982,False,True,False,True,True,True,False,True,False,True,True,True
-0.9524159804281033,-0.6424446071488578,1.0102283859187262,True,False,True,True,True,False,False,False,True,False,False,False
1.52284658984614,2.4554679317220325,1.4285401051321733,False,False,True,True,False,True,True,True,True,False,True,True
0.5895508666279828,1.1208019955152735,1.1606883323551833,True,False,True,True,True,False,False,True,True,False,False,False
-0.9524159804281033,-0.6968869372154057,0.29265017983716074,True,False,True,True,True,False,False,False,False,False,False,False
1.52284658984614,-0.39442227734648716,-1.4930283053427713,False,True,False,False,False,False,False,True,False,False,False,False
-1.277040579808332,-0.9955563384979543,-1.49798852335716,False,False,False,True,True,False,False,False,False,False,False,False
0.021457817712582688,0.4832639884979934,1.304534654772456,True,False,True,True,False,False,False,True,True,False,False,True
1.0359096907757972,-0.49776673241672126,-1.4764942452948089,False,True,False,False,False,False,False,True,False,False,True,False
-1.3176186547308604,-1.0041283880637208,-0.41004737220123844,False,True,False,True,False,True,False,True,False,True,True,False
-1.0335721302731604,-0.8074729201630814,0.19179241354459062,False,False,False,True,False,False,False,False,False,True,False,False
0.34608241709281135,-0.6505804200955013,-1.491374899337975,False,True,False,True,False,False,False,False,False,False,False,False
-0.38432293151270314,-0.8271908153474401,-1.4814544633091975,False,False,False,False,True,False,True,False,False,False,False,False
1.1576439155433829,0.6983286417256228,-0.029763991098104747,False,False,False,False,True,False,True,True,True,False,False,True
-0.9929940553506318,-0.9327600771752014,-1.4847612753187902,False,False,False,False,False,False,False,False,False,False,True,False
-0.4249010064352317,-0.6201529159116734,-0.8233988734002967,False,False,False,False,True,True,False,True,False,False,True,False
0.9953316158532686,1.5789813165801398,1.3078414667820482,False,False,True,True,False,False,False,True,True,False,False,True
-1.277040579808332,-0.9733082709226824,0.18848560153499835,False,False,True,True,True,False,False,True,False,False,True,False
1.1170658406208545,0.9385641478766483,0.31083764588991925,False,False,True,False,True,False,False,True,True,False,True,False
0.7518631663180971,1.177076519382138,0.9986545438851527,False,False,True,True,False,True,True,True,True,True,True,False
1.52284658984614,1.7734774132161206,0.8200866953671593,False,True,False,False,False,True,False,False,True,True,False,True
-1.277040579808332,-0.965194269806995,0.803552635319197,True,False,True,True,True,False,False,False,False,False,False,False
-0.10027640705500306,-0.6596977654351717,-1.3177672688343705,False,True,False,True,False,False,False,True,True,False,True,False
-1.1147282801182177,-0.7848758632925109,0.8217401013719554,True,False,True,True,True,False,False,False,True,False,False,True
-0.9929940553506318,-0.8446620919433154,-0.4993312964602349,True,False,False,True,False,True,False,False,False,False,False,False
-1.074150205195689,-0.8859300761123493,-0.6679787089494508,True,False,False,False,True,False,False,False,False,False,False,False
0.26492626724775414,-0.6098577317003712,-1.3607558249590725,False,True,False,True,True,False,False,True,True,False,True,False
-0.7495256058154603,-0.6668302341578324,-0.3538315680381664,False,False,False,True,False,False,True,False,True,False,False,True
1.1576439155433829,1.552523565630331,0.9507057697460618,False,False,True,False,False,True,True,True,False,True,False,True
1.6040027396911973,2.581911115774828,1.6748975998468119,False,True,True,True,False,True,False,True,True,True,True,True
0.30550434217028277,-0.008069315620219418,-0.30257598188948326,True,False,False,False,True,False,True,True,False,False,False,False
-0.9524159804281033,-0.6012638703036484,1.1028191221873151,False,False,True,False,False,False,False,False,True,False,False,False
0.5895508666279828,-0.21949139307817198,-0.8366261214386665,False,False,False,False,False,True,True,False,False,True,False,True
-0.5872133061253461,-0.6935497270791149,-0.8184386553859079,False,False,False,True,False,True,True,False,False,True,False,True
-1.277040579808332,-0.9717596309247959,0.3058774278755308,True,False,True,True,False,False,False,False,True,False,False,False
0.5489727917054542,-0.6157251142275753,-1.478147651299605,False,True,False,False,False,False,False,True,False,False,True,False
-1.1958844299632747,-0.906389573549217,0.5108997724702639,True,False,True,True,False,False,False,True,False,False,False,False
-1.0335721302731604,-0.7480138689766191,0.7043482750314229,True,False,True,True,False,False,False,True,False,False,False,False
-0.18143255690006022,-0.27035658286791153,-0.16368987748659955,False,False,False,True,True,False,True,True,False,True,True,True
0.7518631663180971,-0.5692222906290655,-1.491374899337975,False,False,False,True,False,False,True,False,False,False,False,False
-1.155306355040746,-0.8299609178788709,1.187142828431923,False,False,True,True,False,False,False,False,True,True,False,False
-0.26258870674511736,0.10260391465128066,1.114392964220889,True,False,True,True,True,False,False,False,False,True,False,False
0.183770117402697,0.4857287253960383,0.9259046796741184,True,False,True,True,True,False,False,True,True,False,True,True
-1.277040579808332,-0.9846940466817921,-0.6745923329686357,False,False,False,True,False,False,False,False,False,False,False,False
-1.277040579808332,-0.9666992861429691,0.6894676209882568,False,False,True,False,False,False,False,False,True,False,False,False
0.95475354093074,-0.37959023229630584,-1.3392615468967215,False,False,False,True,True,False,True,True,True,False,True,False
0.10261396755763985,-0.6752059772449936,-1.4665738092660314,False,False,False,False,True,False,True,False,False,False,False,False
1.5634246647686687,2.288629236738448,1.3276823388396028,False,False,True,True,True,True,False,True,True,False,True,True
1.4011123650785544,0.621071136478943,-0.3323372899758154,True,False,False,False,False,False,False,False,True,False,False,True
-0.790103680737989,-0.6769073000595732,-0.10416726131393525,False,False,False,False,True,False,False,True,False,True,True,True
0.30550434217028277,-0.40085676747855115,-0.9573247597887916,False,False,False,False,True,False,True,False,False,True,False,True
-1.277040579808332,-0.9839306325983268,-0.6167231228007676,True,False,False,False,True,False,False,False,False,False,False,False
1.4822685149236117,0.3575405948667505,-0.6183765288055637,False,True,False,False,False,True,False,True,False,True,True,True
-0.8712598305830461,-0.6443422364420427,0.31745126990910427,True,False,True,True,True,False,False,False,False,False,False,True
-1.2364625048858033,-0.9867661706226262,-1.4831078693139936,False,False,False,False,False,False,False,False,False,False,False,False
-1.2364625048858033,-0.9865698641440209,-1.4764942452948089,False,False,False,False,True,False,False,True,False,False,True,False
0.10261396755763985,0.5020003512893255,1.2268245725470326,False,False,True,False,False,False,False,True,True,False,False,False
1.441690440001083,1.442177512823173,0.6630131249115171,False,True,False,True,False,True,False,True,False,True,True,True
1.52284658984614,1.3943877911982505,0.4083886001728971,False,True,False,False,True,True,False,True,True,True,False,False
0.7924412412406258,-0.2959418605794743,-1.152426668354747,False,False,False,False,True,False,True,False,False,False,False,True
-0.6683694559704032,-0.3972578153707865,0.6646665309163132,False,False,True,True,True,False,False,True,True,False,False,False
-1.2364625048858033,-0.9620533661493096,-0.6597116789254696,False,False,False,True,True,False,False,False,False,False,False,False
-1.1147282801182177,-0.8420010485666651,0.5307406445278184,True,False,True,True,False,False,False,True,True,False,False,True
1.441690440001083,2.272575729154723,1.547585337477502,False,True,True,False,False,True,False,True,True,True,True,False
0.8330193161631543,1.3888475861353888,1.2863471887196969,True,False,True,True,True,False,False,True,True,False,False,True
0.7112850913955685,1.139930971263816,0.9738534538132092,False,False,True,True,True,True,False,True,True,False,False,True
1.1576439155433829,-0.43442517532006447,-1.4682272152708278,False,True,False,False,True,False,False,True,False,False,True,False
-1.155306355040746,-0.9131948648075358,-0.5191721685177897,False,False,False,False,True,False,False,False,False,False,False,True
-0.8306817556605175,-0.7777652064008063,-0.6464844308870997,False,False,False,True,True,False,False,False,False,False,False,False
-1.277040579808332,-0.9714542652914097,0.3290251119426782,True,False,True,True,False,False,False,False,False,False,False,False
-0.019120257209945892,0.04464987980079274,0.37532048007697244,False,False,False,False,False,True,False,True,False,True,True,True
0.3866604920153399,-0.29478583353879845,-0.8200920613907042,False,False,False,True,True,True,False,True,False,False,False,False
-1.155306355040746,-0.9332617492871929,-0.8233988734002967,True,False,False,True,True,False,False,False,False,True,False,False
1.52284658984614,1.74119590340102,0.7952856052952159,False,True,False,True,False,True,False,True,True,True,True,True
0.5895508666279828,0.19726726100096745,-0.17691712552496938,False,True,False,False,True,False,False,False,True,True,False,True
1.2793781403109687,1.479214001786714,0.810166259338382,False,False,True,False,True,True,True,True,True,False,False,True
-1.277040579808332,-0.9957308331456035,-1.5112157713955297,False,False,False,True,False,False,False,False,False,False,False,False
-0.14085448197753164,0.17299069314677354,0.8018992293144008,True,False,True,True,True,False,False,True,True,False,True,False
-1.1147282801182177,-0.7799027658345089,1.1755689863983494,True,False,True,True,False,False,False,False,True,False,False,False
-1.2364625048858033,-0.9491843858851816,-0.12400813337148986,False,False,False,True,False,True,False,False,False,False,True,False
-1.1147282801182177,-0.8066440705867476,0.9110240256309522,True,False,True,True,True,False,False,False,True,False,False,False
-1.277040579808332,-0.9716941954319274,0.31083764588991925,True,False,True,True,True,False,False,False,True,False,True,False
0.95475354093074,1.3828493326224478,1.015188603933115,True,False,True,False,False,True,True,True,True,True,False,True
0.10261396755763985,0.31727595492169935,0.710961899050608,True,False,True,True,False,False,False,False,True,False,False,False
1.2388000653884401,1.7072348826022963,1.1772223924031455,True,False,True,True,False,True,False,True,True,False,True,True
-0.019120257209945892,-0.04364441190969856,0.18352538352060946,False,False,False,False,True,True,True,True,False,True,False,True
1.5634246647686687,2.391035783077568,1.4665684432424864,False,True,True,False,True,True,False,True,False,True,True,True
1.5634246647686687,2.6212378469887643,1.691431659894774,False,True,True,True,True,True,False,True,True,True,False,True
-1.277040579808332,-0.9955127148360421,-1.4946817113475674,True,False,False,False,True,False,False,True,False,False,True,False
0.10261396755763985,0.3179303098503838,0.667973342925906,True,False,True,True,True,False,True,False,False,False,True,False
-0.5060571562802889,-0.3940078525583204,-0.01819014906453083,False,False,False,False,True,True,False,False,False,False,False,False
-0.9524159804281033,-0.6805716876602063,0.49436571242230154,True,False,True,True,True,False,False,True,False,False,False,True
0.10261396755763985,-0.6985664481990292,-1.4616135912516428,False,False,False,False,False,False,True,False,False,False,False,False
0.95475354093074,0.660288808538099,0.1256561733527413,False,False,False,False,False,True,True,True,True,False,True,True
-1.277040579808332,-0.995643585821779,-1.5046021473763447,False,False,False,False,False,False,False,True,False,False,True,False
1.6040027396911973,1.6539922032383363,0.6150643507724263,False,True,False,True,True,True,False,True,True,True,True,False
0.3866604920153399,0.8836855811909773,1.2846937827149008,False,False,True,True,False,False,False,False,False,True,False,True
-0.4654790813577603,-0.3389329793940441,0.20171284957336794,False,True,False,False,False,True,False,False,False,True,False,True
-1.1147282801182177,-0.9670046517763553,-1.4831078693139936,False,False,False,False,True,False,True,True,False,False,True,False
0.3866604920153399,0.8010405536981287,1.1408474602976286,True,False,True,True,True,False,False,True,True,True,False,True
0.5895508666279828,-0.5927790680617064,-1.4897214933331788,False,False,False,False,True,False,True,True,False,False,False,False
0.5489727917054542,-0.6039031018493424,-1.4798010573044011,False,True,False,True,True,False,False,True,False,False,True,False
1.1982219904659115,0.8647965355829521,0.23312756366449647,False,True,False,True,False,True,False,True,False,False,False,True
-0.5466352312028174,-0.2512057952884127,0.7522970491705139,False,False,True,True,True,False,True,False,False,True,False,False
-0.26258870674511736,-0.011973633361370212,0.7886719812760308,False,False,True,True,False,False,False,False,False,False,False,False
0.7924412412406258,1.4961181707777296,1.4665684432424864,True,True,True,True,True,True,False,False,True,True,False,False
-1.155306355040746,-0.9618788715016603,-1.5029487413715485,False,True,False,False,True,False,False,True,False,False,True,False
1.2388000653884401,0.4010988212861801,-0.4728768003834952,False,True,False,True,False,True,False,True,False,False,True,False
-0.9118379055055746,-0.7562587410780434,-0.34556453801418524,False,False,False,True,True,True,False,False,True,False,False,False
-1.074150205195689,-0.9480283588445056,-1.5012953353667524,False,False,False,False,True,False,False,False,False,False,True,False
1.441690440001083,1.9848122433502482,1.1656485503695722,True,False,True,True,False,False,False,True,True,False,False,True
0.8735973910856829,0.6899092749765494,0.16368451146305485,False,False,False,True,True,True,False,False,False,True,False,True
0.4272385669378685,0.9215509197308521,1.258239286638161,True,False,True,True,True,False,False,True,True,False,False,True
-0.5060571562802889,-0.2696367924463586,0.5307406445278184,False,False,True,True,False,False,False,True,False,True,False,False
-0.30316678166764593,-0.4384167403850398,-0.35217816203337027,True,False,False,False,True,True,False,True,False,True,True,False
1.1982219904659115,1.4516874711200543,0.8217401013719554,False,False,True,True,True,False,False,True,True,False,False,True
1.3605342901560258,2.0219796032995263,1.3309891508491956,True,False,True,True,False,False,False,True,True,False,False,True
-0.7495256058154603,-0.5071676315588215,0.667973342925906,True,False,True,True,True,False,False,True,True,False,False,False
-0.5060571562802889,-0.8407577742021647,-1.506255553381141,True,False,False,True,True,False,False,False,False,False,True,False
-0.6683694559704032,-0.18289114073375395,1.5872670815926118,True,False,True,True,False,True,False,True,True,True,True,False
-1.074150205195689,-0.8626786643130945,-0.3191100419374456,False,False,False,True,True,False,False,True,False,False,True,True
-0.7495256058154603,-0.5439860022128011,0.3687068560577874,False,True,False,False,True,True,False,False,False,True,True,True
-0.8712598305830461,-0.9184733278989238,-1.4864146813235863,False,False,False,True,False,False,True,True,False,False,True,False
-1.155306355040746,-0.9525434078524285,-1.159040292373932,True,False,False,True,True,False,False,True,False,False,False,False
-0.10027640705500306,0.18380936130102352,0.8250469133815482,False,False,True,True,True,False,False,False,True,True,False,False
-1.0335721302731604,-0.8634420783965597,-0.6712855209590433,False,False,False,True,True,False,False,False,False,False,False,False
0.46781664186039706,0.13180995630156414,-0.1686500955009882,False,False,False,True,True,True,True,True,False,True,False,True
0.3866604920153399,-0.6425536663036385,-1.463266997256439,False,True,False,False,True,False,False,True,False,False,True,False
-1.1958844299632747,-0.8665829820542452,1.0895918741489454,True,False,True,True,False,False,False,False,False,True,False,True
1.4822685149236117,1.5604630720983692,0.6530926888827399,False,True,False,True,True,True,False,True,False,True,False,True
0.46781664186039706,0.7583548005169449,0.8018992293144008,True,False,True,True,True,False,False,True,True,False,False,False
-1.155306355040746,-0.8901615713178422,0.12234936134314901,False,False,False,True,False,False,False,False,False,False,False,True
-0.34374485659017456,-0.47610758427726524,-0.5092517324890125,False,False,False,True,True,True,False,False,False,False,False,False
-0.4654790813577603,-0.8309424502718976,-1.499641929361956,False,True,False,False,True,False,False,False,False,False,True,False
-0.38432293151270314,-0.19711245451716308,0.6216779747916114,True,False,True,True,False,False,False,True,True,False,True,False
-1.2364625048858033,-0.9619006833326164,-0.44807571031155174,True,False,False,False,False,False,False,False,False,False,False,True
-1.0335721302731604,-0.7766964266839551,0.15211066942948093,True,False,True,True,True,False,False,False,False,False,False,False
0.5489727917054542,-0.6271327018176411,-1.5112157713955297,False,True,False,True,False,False,False,True,False,False,True,False
-1.0335721302731604,-0.7969159939803052,-0.02480377308371586,True,False,False,False,True,True,False,True,True,True,False,True
0.6301289415505114,0.1420178931890419,-0.31249641791826055,False,True,False,False,False,True,False,False,False,False,False,True
-0.10027640705500306,0.2342165026406838,0.9738534538132092,True,False,True,True,True,True,False,True,True,False,True,True
1.0359096907757972,-0.4753005465318878,-1.4599601852468467,False,True,False,False,True,False,False,False,False,False,False,False
-1.277040579808332,-0.9949456072311821,-1.4516931552228654,False,False,False,True,True,False,False,False,False,False,True,False
-0.34374485659017456,-0.8048336886173874,-1.4814544633091975,False,False,False,False,False,False,True,True,False,False,False,False
-0.26258870674511736,-0.12476261123561681,0.47452484036474646,False,False,True,False,False,False,False,True,True,False,False,True
1.4822685149236117,-0.4036486818409382,-1.4798010573044011,False,True,False,False,True,False,False,True,False,False,True,False
-0.8306817556605175,-0.4805790096232758,1.1408474602976286,True,False,True,True,True,False,False,False,True,False,False,False
1.0359096907757972,0.10395624817056186,-0.6481378368918959,True,False,False,True,False,True,True,True,False,False,False,True
-0.4249010064352317,-0.7991626125687886,-1.4682272152708278,True,False,False,True,False,False,False,False,False,False,True,False
1.52284658984614,2.086826176732157,1.1921030464463118,False,True,True,False,True,True,False,True,False,True,False,True
-0.8306817556605175,-0.8675863262782281,-1.307846832805593,False,True,False,True,True,False,False,True,True,False,True,False
-1.155306355040746,-0.9706908512079444,-1.4897214933331788,False,True,False,False,True,False,False,True,False,False,True,False
0.2243481923252256,0.5687663658460976,0.9936943258707638,False,False,True,False,True,False,True,False,True,True,False,False
-1.2364625048858033,-0.9443203475819604,0.51255317847506,True,False,True,True,False,True,False,False,False,False,False,False
1.0764877656983258,0.654137872208465,0.018184783040986117,False,False,False,False,False,True,True,True,True,True,True,True
0.5895508666279828,0.800669752571874,0.8300071313959366,True,False,True,False,True,True,False,True,False,False,True,False
-0.4654790813577603,-0.4551900383903184,-0.1554228474626184,True,False,False,True,False,True,True,False,False,True,False,False
0.5895508666279828,0.9609212746067011,0.9953477318755599,True,False,True,True,False,False,False,False,True,True,False,True
-1.1147282801182177,-0.9311896253463586,-1.1391994203163773,True,False,False,True,False,False,False,True,False,False,True,True
1.6040027396911973,2.2497605539745904,1.306188060777252,False,False,True,True,True,False,True,True,True,False,True,True
0.5083947167829257,-0.03500692685106346,-0.48610404842186505,False,False,False,True,False,False,False,True,False,False,False,False
0.6301289415505114,-0.14096880163603548,-0.8448931514626478,False,True,False,False,False,True,False,True,False,True,True,True
-0.6277913810478746,-0.2396455248816537,1.2185575425230515,True,False,True,True,True,False,False,False,False,False,False,True
-0.2220106318225888,-0.3884458356645024,-0.48279723641227257,False,False,False,False,True,True,False,False,False,False,False,False
0.5083947167829257,1.1337145994413134,1.4814490972856527,False,True,True,True,True,False,False,True,True,True,True,True
-1.277040579808332,-0.9826219227409579,-0.5175187625129936,True,False,False,True,True,False,False,False,False,True,False,False
-0.4249010064352317,-0.06936056060699818,0.9920409198659677,False,False,True,True,True,False,False,False,False,True,False,True
-0.5060571562802889,-0.3525871855725934,0.1851787895254056,False,False,True,False,True,False,False,False,False,False,False,False
-1.0335721302731604,-0.9391073199834405,-1.3309945168727402,True,False,False,True,False,False,False,True,False,False,True,False
-1.277040579808332,-0.9820111914741859,-0.47122339437869887,False,False,False,True,True,True,False,False,False,False,False,False
-0.34374485659017456,-0.43032455110030854,-0.3753258461005174,False,False,False,False,True,True,False,True,False,True,False,False
1.441690440001083,-0.27809978285734444,-1.3541422009398876,False,True,False,True,True,False,False,True,True,False,True,False
-0.5060571562802889,-0.2428082403702953,0.6415188468491659,True,False,True,True,True,False,False,False,True,False,False,False
-0.30316678166764593,-0.5808043728667805,-0.8878817075873497,False,False,False,True,True,False,True,True,False,False,False,False
1.2793781403109687,0.1959585511435985,-0.6977400170357829,True,False,False,True,False,False,False,False,False,True,False,True
-0.5466352312028174,-0.22945939982513214,0.7688311092184762,True,False,True,True,True,False,False,False,True,False,False,True
-0.5060571562802889,-0.7827819275207206,-1.3028866147912044,False,False,False,True,False,False,False,True,True,False,True,False
0.10261396755763985,0.5366593506786462,1.1342338362784437,True,False,True,True,False,False,True,False,False,True,False,False
1.6040027396911973,2.511306218969774,1.6319090437221098,False,True,True,True,True,True,False,True,True,True,True,True
0.4272385669378685,0.7064862665032227,0.9722000478084126,False,False,True,False,True,False,True,False,True,False,False,False
0.8330193161631543,1.1931518387968194,1.0251090399618923,True,False,True,False,True,True,True,False,False,False,True,True
0.8330193161631543,1.512847845121096,1.3607504589355275,False,False,True,True,False,True,True,True,False,False,False,True
-0.019120257209945892,0.29555137128937503,0.9407853337172846,False,False,True,True,True,True,False,False,False,False,False,True
1.5634246647686687,-0.40541544014838626,-1.5161759894099185,False,True,False,False,False,False,False,True,False,False,False,False
0.021457817712582688,-0.7032341800236451,-1.4748408392900125,False,True,False,False,True,False,False,False,False,False,False,False
-0.9118379055055746,-0.9199129087420295,-1.491374899337975,False,False,False,True,True,False,False,False,False,False,False,False
0.183770117402697,-0.6064550860712119,-1.273125306704872,False,False,False,False,False,False,False,True,True,False,True,False
-1.0335721302731604,-0.7791393517510438,0.21163328560214523,False,False,False,True,True,True,False,True,False,True,True,False
0.9953316158532686,0.39008384665332485,-0.3703656280861287,True,False,False,True,True,True,False,False,False,False,False,False
0.5895508666279828,-0.5548919176908756,-1.478147651299605,False,True,False,False,False,False,False,False,False,False,False,False
-1.1147282801182177,-0.8507912164419933,0.13226979737192632,True,False,True,True,False,False,False,True,False,False,False,False
-0.4654790813577603,-0.1184371802583336,1.053216942043428,False,False,True,True,True,False,False,False,False,False,False,False
1.6040027396911973,1.655562655067179,0.6200245687868151,False,True,False,True,False,True,False,True,False,True,True,True
0.10261396755763985,-0.7044556425571894,-1.499641929361956,False,True,False,False,True,False,False,True,False,False,True,False
0.26492626724775414,0.635706875050519,1.015188603933115,False,False,True,True,True,False,False,False,True,False,False,False
0.14319204248016842,0.435910503492194,0.8928365595781936,False,False,True,True,False,False,False,True,True,False,False,True
-0.5060571562802889,-0.11771738983678064,1.1110861522112963,False,False,True,True,True,False,False,False,True,True,False,False
0.183770117402697,0.3792433666681188,0.6861608089786645,True,False,True,True,True,False,False,True,True,False,False,False
0.95475354093074,1.445100298171297,1.1689553623791644,False,False,True,False,True,False,True,True,True,False,False,True
-0.18143255690006022,0.3711075537214752,1.362403864940324,True,False,True,True,False,False,False,False,True,False,False,True
-0.9524159804281033,-0.9323238405560784,-1.4897214933331788,True,False,False,True,True,False,True,False,False,False,False,False
1.4011123650785544,1.6301082483413531,0.8134730713479743,True,False,True,False,True,True,True,True,True,True,True,True
-1.277040579808332,-0.9847376703437045,-0.677899144978228,False,False,False,False,True,False,False,False,False,False,False,False
0.5895508666279828,0.7274474360520817,0.6696267489307022,False,False,True,True,False,False,False,False,True,False,False,True
-0.9929940553506318,-0.7077928526934802,0.5009793364414861,False,False,True,True,False,False,False,False,False,False,False,False
-0.38432293151270314,-0.15920349231537614,0.6431722528539625,False,False,True,False,False,True,False,True,False,True,True,True
-1.277040579808332,-0.9736136365560685,0.16533791746785098,False,False,True,True,False,False,False,False,False,False,False,False
-0.7495256058154603,-0.47894312230156466,0.6563995008923321,True,False,True,True,False,False,False,True,True,False,True,False
-0.5872133061253461,-0.6264565350580006,-0.4993312964602349,False,False,False,True,False,False,False,False,False,False,False,True
-1.2364625048858033,-0.9311460016844462,0.6911210269930529,True,False,True,True,True,False,False,False,False,False,False,False
-0.7089475308929317,-0.5702692585149607,-0.009923119040549664,False,False,False,True,False,True,False,False,True,False,False,False
0.2243481923252256,-0.6745516223163092,-1.5095623653907335,False,False,False,False,False,False,True,False,False,False,False,False
-0.26258870674511736,0.04462806796983651,0.9473989577364691,True,False,True,True,True,False,False,False,True,False,False,False
-1.277040579808332,-0.9722831148677433,0.26619568376042113,True,False,True,True,False,False,False,False,False,False,False,True
0.7518631663180971,0.35756240669770656,-0.14715581743863723,False,True,False,False,True,True,False,True,False,True,True,True
-0.9118379055055746,-0.6611155344473214,0.3339853299570666,True,False,True,False,True,False,False,False,True,False,False,False
-1.155306355040746,-0.87578757471774,0.18352538352060946,True,False,True,False,True,False,False,True,False,False,False,False
1.0764877656983258,1.4377715229700307,0.9854272958467827,True,False,True,True,False,True,False,True,True,False,False,True
-1.1147282801182177,-0.8502895443300018,-0.01984355506932744,True,False,False,True,False,True,False,False,False,True,False,False
-1.1958844299632747,-0.947352192084865,-0.6233367468199524,False,False,False,True,False,False,False,True,False,False,False,False
-0.8306817556605175,-0.7184588380310372,-0.27446807980794724,False,False,False,False,True,True,False,False,False,True,False,False
1.6040027396911973,-0.18755887255836987,-1.3260342988583516,False,True,False,False,False,False,False,True,True,False,False,False
-0.8306817556605175,-0.5673682849977928,0.4910589004127088,True,False,True,True,False,True,False,False,True,False,False,False
-0.2220106318225888,-0.006346180974683724,0.6712801549354983,True,False,True,True,False,False,False,False,True,False,False,False
1.6040027396911973,2.393980380256648,1.461608225228098,False,False,True,False,False,False,True,True,True,True,False,True
-0.5872133061253461,-0.6690768527463158,-0.6812059569878206,False,False,False,True,True,False,False,True,False,False,False,False
0.5083947167829257,0.537357329269243,0.5307406445278184,False,True,False,True,False,True,False,True,False,True,True,False
-0.059698332132474476,-0.032280447981544835,0.3670534500529913,True,False,True,True,False,False,False,False,True,False,False,False
-0.9118379055055746,-0.9174481718439847,-1.4864146813235863,False,False,False,False,True,False,False,False,False,False,False,False
-1.277040579808332,-0.9736354483870245,0.16368451146305485,False,False,True,True,True,False,False,True,False,False,True,False
-1.2364625048858033,-0.9332617492871929,0.38193410409615747,True,False,True,True,True,False,False,False,True,False,False,False
0.95475354093074,1.0871027166880232,0.6911210269930529,False,False,True,True,True,False,True,True,False,True,True,True
1.5634246647686687,2.0991498612223816,1.1772223924031455,False,False,True,False,True,False,True,True,True,False,True,True
-0.30316678166764593,-0.8247697021113074,-1.499641929361956,True,False,False,False,True,False,True,True,False,False,True,False
-0.8712598305830461,-0.9067821865064278,-1.5012953353667524,False,True,False,False,True,False,False,False,False,False,False,False
-1.1958844299632747,-0.8700292513453167,0.997001137880356,True,False,True,True,False,False,False,False,False,False,False,True
1.6040027396911973,1.5191950879293354,0.568768982638132,False,True,False,False,True,False,False,True,True,False,False,True
1.5634246647686687,2.4828417795719995,1.5938807056117967,False,True,True,True,False,True,False,False,True,True,False,True
-1.277040579808332,-0.9868316061154947,-0.8366261214386665,True,False,False,True,True,False,False,False,False,False,False,False
-0.7089475308929317,-0.5941968370738561,-0.20998524562089405,False,False,False,True,True,False,False,False,True,True,False,True
-0.4249010064352317,0.006675482106137205,1.2036768884798852,False,False,True,True,True,True,False,False,True,False,False,False
-0.26258870674511736,-0.2036560038040078,0.3306785179474743,False,False,True,True,False,False,False,False,True,False,False,False
0.5083947167829257,0.6160326035280725,0.6481324708683509,False,False,True,True,True,True,False,True,True,False,False,False
0.9953316158532686,-0.5160668585889303,-1.4616135912516428,False,True,False,False,True,False,False,False,False,False,False,False
0.3866604920153399,-0.11025774364977761,-0.6564048669158771,False,False,False,True,True,False,True,True,False,False,True,True
-1.277040579808332,-0.9843232455555375,-0.6464844308870997,False,False,False,True,False,False,False,False,False,False,False,False
-0.9524159804281033,-0.6762311332999326,0.5257804265134296,True,False,True,True,False,False,False,False,False,False,False,False
-0.34374485659017456,-0.803481355098106,-1.4764942452948089,False,False,False,True,False,False,False,False,False,False,False,False
-1.2364625048858033,-0.9321493459084291,0.4877520884031165,False,False,True,False,False,False,False,True,False,False,False,True
-0.019120257209945892,-0.7390273946226856,-1.4930283053427713,False,False,False,False,True,False,True,False,False,False,False,False
-0.34374485659017456,0.046024025151030164,1.1176997762304812,True,False,True,True,False,False,False,False,True,False,False,False
-0.8306817556605175,-0.7549718430516306,-0.5208255745225858,True,False,False,True,True,True,False,True,False,False,True,False
-0.9118379055055746,-0.5986682624198667,0.7903253872808269,True,False,True,True,False,False,False,True,False,False,True,False
-1.2364625048858033,-0.9839088207673709,-1.5079089593859372,False,False,False,False,True,False,False,False,False,False,False,False
-0.2220106318225888,-0.6529142860078093,-1.130932390292396,False,False,False,False,True,True,False,True,False,False,False,False
-1.1958844299632747,-0.9773216478186139,-1.478147651299605,True,False,False,True,True,False,False,False,False,False,False,False
0.183770117402697,0.23463092742885075,0.462950998331173,False,False,True,True,False,False,False,True,True,False,False,False
0.6301289415505114,1.2135022770789068,1.3276823388396028,False,False,True,True,False,False,False,True,True,True,False,True
-1.1958844299632747,-0.9076764715756299,0.314144457899512,False,False,True,False,True,False,False,False,False,False,False,True
0.30550434217028277,-0.02861606038091196,-0.3439111320093891,False,False,False,True,False,True,True,False,False,True,False,False
-1.1958844299632747,-0.8763764941535561,1.0003079498899488,True,False,True,True,False,False,False,True,True,False,False,False
-1.1958844299632747,-0.8673245843067543,1.4219264811129884,False,False,True,False,True,False,False,False,True,False,False,True
0.5895508666279828,0.30774418479386223,-0.03803102112208591,False,True,False,False,False,False,False,True,False,True,True,True
-0.8306817556605175,-0.5176591222487291,1.0102283859187262,False,False,True,False,False,False,True,False,False,False,False,False
1.4011123650785544,0.42744751308120815,-0.46460977035951406,False,True,False,False,True,True,False,True,False,False,True,False
-0.5466352312028174,-0.8367662091371894,-1.478147651299605,False,False,False,False,False,False,True,False,False,False,False,False
0.9141754660082114,-0.5316841295535331,-1.506255553381141,False,True,False,False,False,False,False,True,False,False,True,False
1.52284658984614,2.2567839635424707,1.362403864940324,True,False,True,True,True,False,True,True,False,True,True,True
1.0359096907757972,0.25160053191273474,-0.4844506424170689,False,False,False,False,True,False,True,True,False,False,False,False
0.6301289415505114,1.2299702094507994,1.4037390150602298,False,False,True,True,False,False,False,False,True,False,False,True
-1.2364625048858033,-0.9618134360087918,-0.5191721685177897,False,False,False,False,True,False,False,False,False,False,False,True
-0.790103680737989,-0.747861186159926,-0.49602448445064234,False,False,False,True,True,True,False,True,False,False,True,False
-0.9118379055055746,-0.8736718271149936,-1.1689607284027095,False,True,False,True,False,False,False,False,False,True,False,False
0.6301289415505114,1.104639428776767,1.1606883323551833,False,False,True,True,False,False,False,True,False,True,False,False
-0.9524159804281033,-0.7081636538197348,0.30091720986114195,True,False,True,True,True,False,False,False,True,False,False,False
0.10261396755763985,-0.5897908472207141,-1.307846832805593,False,True,False,True,False,False,False,True,True,False,True,False
1.4822685149236117,0.08308232594552728,-0.9655917898127727,False,False,False,True,True,False,True,False,False,False,False,True
-0.6683694559704032,-0.3570804227495601,0.9688932357988204,True,False,True,True,True,True,False,False,False,False,False,False
-1.277040579808332,-0.9955127148360421,-1.4946817113475674,True,False,False,False,False,False,False,False,False,False,False,False
-1.074150205195689,-0.8710325955692996,-0.5621607246424917,True,False,False,True,False,False,False,False,False,False,False,False
-0.34374485659017456,-0.7384384751868697,-1.3475285769207026,False,True,False,False,True,False,False,True,True,False,True,False
-0.9524159804281033,-0.924820570707163,-1.4731874332852164,False,False,False,False,True,False,False,False,False,False,False,False
-0.38432293151270314,-0.09437873071370127,1.0565237540530208,False,False,True,True,True,False,False,False,True,True,False,False
1.52284658984614,-0.36632863907496727,-1.5012953353667524,False,True,False,True,False,False,False,True,False,False,False,False
-1.277040579808332,-0.9953382201883928,-1.4814544633091975,False,False,False,False,True,False,False,False,False,False,False,False
0.5489727917054542,0.41337888211449203,0.2595820597412361,False,False,True,False,True,False,False,False,True,False,False,False
0.7924412412406258,-0.5440078140437572,-1.512869177400326,False,True,False,False,True,False,False,True,False,False,True,False
1.6040027396911973,-0.2872825636898832,-1.3442217649111103,False,True,False,False,True,False,False,True,True,False,True,False
-0.6683694559704032,-0.5177899932344662,0.10912211330477896,False,True,False,False,False,True,False,True,False,True,True,True
1.2793781403109687,0.9060645197519863,0.11077551930957509,False,True,False,True,False,False,False,True,False,True,False,True
-0.9524159804281033,-0.7886056863860125,-0.3439111320093891,True,False,False,False,True,True,False,False,True,False,False,False
1.6040027396911973,1.8601358176049008,0.8432343794343067,False,True,True,False,True,False,False,True,True,True,True,True
1.2388000653884401,0.12526640701471942,-0.805211407347538,False,False,False,True,True,True,True,False,False,True,True,True
-0.9929940553506318,-0.6811824189269785,0.9837738898419865,True,False,True,True,True,False,False,False,False,False,False,False
1.3199562152334972,1.0985975516019135,0.32571829993308543,False,True,False,True,True,True,False,True,False,True,True,False
1.0764877656983258,-0.1402490112144826,-0.9970065039039012,False,False,False,False,True,True,True,True,False,False,True,False
0.7518631663180971,0.7918141492036774,0.5224736145038373,True,False,True,True,False,False,False,True,True,True,True,False
-1.074150205195689,-0.8519690553136253,-0.051258269160455734,False,True,False,True,False,True,False,False,False,True,False,True
0.9953316158532686,0.6947515014488145,0.15872429344866595,False,True,False,False,False,False,False,False,False,True,False,True
0.5489727917054542,1.0696750637540602,1.1673019563743683,True,False,True,False,False,False,True,True,True,True,False,False
-0.7495256058154603,-0.6673755299317361,-0.32903047796622287,True,False,False,True,True,False,False,False,False,True,False,False
-1.1958844299632747,-0.8821784411878918,0.9804670778323937,True,False,True,True,True,False,False,True,True,False,False,False
-1.1958844299632747,-0.9772125886638331,-1.4864146813235863,False,False,False,True,False,False,False,False,False,False,False,False
0.30550434217028277,0.14535510332533275,-0.034724209112493395,False,False,False,False,False,False,True,True,True,False,False,True
0.021457817712582688,0.11996613209237536,0.4646044043359691,False,False,True,True,True,False,False,False,False,False,False,True
-0.9524159804281033,-0.6619225721926988,0.5357008625422074,True,False,True,True,True,True,False,False,True,False,False,False
-0.34374485659017456,-0.078237975806151,1.0267624459666884,True,False,True,True,True,False,False,False,False,True,False,False
-0.7089475308929317,-0.8594723251625406,-1.499641929361956,False,True,False,False,False,False,False,False,False,False,False,False
-1.3176186547308604,-1.0041283880637208,-1.2962729907720194,False,True,False,False,True,False,False,True,True,False,True,False
-1.1958844299632747,-0.9027033741176279,0.2860365558179757,False,False,True,True,True,False,False,False,False,False,False,False
-1.2364625048858033,-0.9223558338091183,0.6812005909642757,True,False,True,True,False,False,False,False,True,False,False,False
-0.4654790813577603,-0.821912352256052,-1.4864146813235863,False,False,False,False,True,False,False,False,False,False,False,False
-1.074150205195689,-0.8481301730653431,-0.18187734353935803,True,False,False,False,True,False,False,False,False,False,False,True
-0.9524159804281033,-0.6264347232270444,0.8862229355590087,False,False,True,False,False,True,False,True,True,False,False,True
-1.1958844299632747,-0.9396744275883006,-0.4778370183978839,False,False,False,True,True,False,False,False,False,True,False,False
1.2388000653884401,-0.46075205528413643,-1.5012953353667524,False,True,False,False,True,False,False,True,False,False,True,False
0.7112850913955685,-0.592713632568838,-1.491374899337975,False,False,False,True,False,False,True,True,False,False,False,False
1.3199562152334972,2.0962052640433013,1.5244376534103545,False,False,True,True,False,True,False,False,True,False,False,True
0.46781664186039706,0.3579768314858735,0.2943035858419569,True,False,True,False,True,False,False,False,False,False,False,False
-1.1147282801182177,-0.9067821865064278,-0.5886152207192316,True,False,False,False,True,False,False,False,True,False,False,False
-1.0335721302731604,-0.9322147814012977,-1.4847612753187902,False,False,False,False,False,False,False,False,False,False,False,False
-1.277040579808332,-0.9839306325983268,-0.6167231228007676,False,False,False,False,True,False,False,False,False,False,False,False
-0.4249010064352317,-0.13435981685632237,0.8283537253911405,True,False,True,True,False,False,False,False,True,True,False,False
-0.8306817556605175,-0.7398780560299755,-0.4629563643547177,False,False,False,True,True,True,False,False,False,True,False,True
1.6040027396911973,-0.2177900702635924,-1.321074080843963,False,True,False,True,True,False,False,True,True,False,False,False
-0.059698332132474476,-0.6598504482518647,-1.321074080843963,False,False,False,False,True,False,False,False,False,False,True,False
-0.4249010064352317,-0.483676289619049,-0.32407025995183425,False,False,False,True,True,False,True,False,False,True,False,True
-0.26258870674511736,-0.48478869299781263,-0.5654675366520843,False,False,False,False,False,True,True,True,False,False,False,True
1.0764877656983258,1.4277817043921148,0.9556659877604503,False,False,True,True,True,False,False,True,True,False,False,False
0.10261396755763985,0.4639823299327578,0.9788136718275976,True,False,True,True,True,True,False,True,True,False,False,True
-0.18143255690006022,0.168671950617456,1.1656485503695722,True,False,True,False,True,False,True,False,True,False,False,True
-0.4654790813577603,-0.027220103199718303,1.3094948727868443,False,False,True,True,False,False,True,False,False,True,False,True
-0.790103680737989,-0.6412885801081819,0.047946091127318506,False,False,False,False,True,False,False,False,False,False,True,False
1.6040027396911973,2.105998776142613,1.114392964220889,False,True,True,True,False,False,False,True,True,True,True,True
1.1576439155433829,1.9954564168568496,1.542625119463113,False,True,True,True,True,True,False,False,True,True,False,False
-1.277040579808332,-0.9696220714910933,0.46791121634556143,True,False,True,True,True,False,False,False,False,False,False,False
-1.277040579808332,-0.9730029052892963,0.21163328560214523,True,False,True,False,False,False,False,False,False,False,False,False
-0.790103680737989,-0.6367080956073906,0.09424145926161276,False,False,False,False,False,True,False,False,False,True,False,True
1.4011123650785544,2.415901270367578,1.691431659894774,False,True,True,True,True,True,False,False,True,True,False,True
0.6301289415505114,0.48801896764643393,0.1851787895254056,False,False,False,True,True,False,True,True,True,False,False,True
0.34608241709281135,0.7992519835597244,1.304534654772456,True,False,True,True,False,False,False,False,True,False,False,True
0.9953316158532686,0.8133860500193091,0.3091842398851231,False,True,False,True,False,True,False,False,False,True,False,True
-1.277040579808332,-0.984519552034143,-0.6613650849302657,False,False,False,True,True,False,False,False,False,False,False,False
-1.0335721302731604,-0.8496788130632297,-0.4613029583499216,False,False,False,True,True,True,False,False,False,False,False,False
-0.38432293151270314,-0.8135366091688907,-1.49798852335716,False,False,False,False,True,False,True,True,False,False,True,False
0.46781664186039706,0.18339493651285657,-0.11408769734271255,False,False,False,True,False,True,True,True,False,False,False,True
1.0764877656983258,1.808747143872214,1.4946763453240226,True,False,True,True,True,True,True,True,True,False,False,True
-0.6277913810478746,-0.5966179503099887,-0.31249641791826055,False,False,False,True,True,True,False,False,False,False,False,True
-0.26258870674511736,-0.3467198030453893,-0.18187734353935803,False,False,False,False,True,False,True,False,False,True,False,False
0.46781664186039706,0.41383693056457105,0.19840603756377564,True,False,False,True,True,False,True,True,False,True,False,True
0.14319204248016842,0.6685773043014356,1.3590970529307314,False,True,True,True,False,True,False,True,True,True,False,True
-1.277040579808332,-0.984541363865099,-0.663018490935062,False,False,False,True,False,False,False,False,False,False,False,False
-1.1147282801182177,-0.9327818890061573,-1.0151939699566597,True,False,False,False,False,False,False,True,False,True,True,True
0.9953316158532686,1.1824422297973507,0.8134730713479743,False,True,False,False,True,True,False,False,True,True,True,True
1.6040027396911973,1.033838225493107,0.07440058720405815,False,True,False,False,True,True,False,False,False,True,True,True
-0.8712598305830461,-0.7764564965434374,-0.6299503708391374,False,False,False,True,True,False,False,True,False,False,False,False
-1.1958844299632747,-0.9305788940795865,-0.20667843361130153,False,False,False,True,False,False,False,True,False,False,True,True
-0.4249010064352317,-0.20978512830268564,0.5538883285949658,True,False,True,False,False,True,False,False,False,False,False,True
1.0764877656983258,-0.443128095871568,-1.4665738092660314,False,True,False,False,False,False,False,True,False,False,True,False
1.1576439155433829,1.8092270041532486,1.2880005947244935,False,False,True,False,True,False,True,True,False,True,True,True
1.0764877656983258,1.1348051909891208,0.5952234787148717,False,False,True,True,True,True,True,True,False,False,False,True
1.1982219904659115,1.7368771608717026,1.163995144364776,True,False,True,True,False,False,False,True,False,False,True,True
-1.1147282801182177,-0.9562296072840176,-1.478147651299605,False,False,False,False,True,False,False,False,False,False,False,False
-1.277040579808332,-0.9822511216147034,-0.4894108604314576,True,False,False,True,True,False,False,False,True,False,False,False
-0.8306817556605175,-0.6429026555989369,0.2761161197891984,False,False,True,True,True,False,False,False,True,False,False,False
-1.277040579808332,-0.9951201018788314,-1.4649204032612353,True,False,False,False,True,False,False,False,False,False,False,False
0.30550434217028277,0.2704459538588474,0.19179241354459062,False,False,False,False,True,False,True,True,True,True,False,True
0.3866604920153399,0.6864630056854778,0.8994501835973787,True,False,True,True,False,False,False,True,False,False,True,False
1.4822685149236117,-0.3947494548108294,-1.4963351173523636,False,True,False,False,False,False,False,True,False,False,True,False
-1.277040579808332,-0.9778887554234736,-0.1587296594722109,True,False,False,True,False,False,False,False,True,False,False,False
1.0359096907757972,1.4915594981078943,1.1309270242688514,False,False,True,False,True,True,True,False,False,False,False,True
1.5634246647686687,2.732129195569826,1.696391877909163,True,True,True,True,True,True,False,True,True,True,False,True
1.52284658984614,1.3778107996715772,0.5175133964894484,False,True,False,True,False,True,False,True,True,True,True,False
0.7924412412406258,-0.4679499594996656,-1.327687704863148,False,True,False,False,True,False,False,True,True,False,True,False
-0.5872133061253461,-0.8000350858070345,-1.3028866147912044,False,False,False,False,True,False,False,True,False,False,True,False
1.6040027396911973,1.6048065244322203,0.5737292006525204,False,True,False,True,True,True,False,True,True,True,False,True
0.9953316158532686,0.7951949830018805,0.17856516550622056,False,True,False,True,False,True,False,True,False,True,False,True
-0.2220106318225888,-0.28305106848439027,-0.2728146738031509,False,False,False,True,False,True,False,False,False,False,False,True
-1.155306355040746,-0.8720577516242386,0.5257804265134296,True,False,True,False,False,False,False,True,False,False,True,False
1.6040027396911973,-0.1930772657902755,-1.3243808928535554,False,True,False,False,False,False,False,True,True,False,True,False
-1.0335721302731604,-0.9374059971688611,-1.3194206748391668,False,False,False,True,True,False,False,False,True,False,False,False
0.8735973910856829,0.6404836660299157,0.19013900753979449,True,False,False,True,True,False,True,True,True,True,True,True
0.46781664186039706,0.5970781224271791,0.667973342925906,True,False,True,True,False,True,False,True,False,True,False,True
-0.2220106318225888,0.24688917642620647,1.3012278427628632,False,False,True,True,False,True,False,True,True,True,False,False
-1.277040579808332,-0.9955999621598666,-1.5012953353667524,False,False,False,False,True,False,False,False,False,False,False,False
-1.155306355040746,-0.8850357910431472,0.1967526315589795,False,False,True,True,False,False,False,False,False,False,False,False
-1.277040579808332,-0.9847376703437045,-0.677899144978228,False,False,False,True,False,False,False,False,False,False,False,False
-1.074150205195689,-0.8130567488878555,0.3488659840002328,True,False,True,True,True,False,False,True,True,False,False,False
1.6040027396911973,2.181729453222362,1.2962676247484748,True,False,True,True,False,True,True,True,True,False,True,True
0.8735973910856829,1.3693914329225036,1.1623417383599794,True,False,True,True,False,False,False,False,True,True,False,False
-0.10027640705500306,0.24019294432266874,0.9936943258707638,False,False,True,True,True,True,False,False,True,True,False,True
-0.6683694559704032,-0.5574657137437011,-0.1835307495441544,True,False,False,False,False,False,False,False,False,True,False,False
1.3199562152334972,1.9679298861901893,1.299574436758067,True,False,True,True,True,True,False,True,True,False,False,False
0.67070701647304,0.700117211864027,0.6464790648635548,True,False,True,True,False,False,False,False,True,False,False,False
-1.1147282801182177,-0.8696584502190622,-0.35548497404296253,True,False,False,False,False,True,False,False,False,True,False,False
0.67070701647304,0.6004807680563384,0.3389455479714555,False,False,True,False,True,False,False,False,True,False,True,False
-1.277040579808332,-0.9848685413294413,-0.6878195810070056,False,False,False,False,False,False,False,False,False,False,False,False
1.5634246647686687,1.7386221073481947,0.8382741614199177,False,True,False,False,True,True,False,True,True,True,True,True
-1.277040579808332,-0.9829927238672126,-0.5456266645945294,False,False,False,True,False,True,False,False,False,False,False,False
1.52284658984614,1.407780255405326,0.47783165237433917,False,False,False,False,True,True,True,True,True,True,False,True
0.7924412412406258,0.44858317727771646,0.04298587311292962,False,True,False,False,False,True,False,True,False,True,False,True
0.95475354093074,1.2279198973409213,0.8465411914438989,True,False,True,False,False,False,False,True,True,True,False,True
-0.8712598305830461,-0.8529942113685643,-1.1689607284027095,True,False,False,True,False,True,False,True,False,False,True,False
-1.277040579808332,-0.9716723836009712,0.3124910518947158,True,False,True,True,True,False,False,False,True,False,False,False
-0.8306817556605175,-0.8111154959327582,-1.023460999980641,False,False,False,False,True,False,False,False,False,True,False,True
-1.2364625048858033,-0.9569493977055705,-0.36705881607653623,False,False,False,True,True,True,False,False,False,False,False,True
0.7112850913955685,1.2440170285865593,1.2598926926429572,False,False,True,False,False,False,True,True,False,True,True,False
-0.14085448197753164,0.1534909162719764,0.9755068598180053,True,False,True,True,True,False,False,True,True,False,False,False
1.441690440001083,1.5621425830819928,0.7126153050554042,False,True,False,True,True,True,False,False,True,True,True,True
-0.4249010064352317,-0.4567823020501172,-0.1967579975825242,True,False,False,False,True,True,False,False,True,False,False,True
0.7518631663180971,1.3946495331697244,1.3838981430026749,False,False,True,True,True,False,True,True,True,False,False,True
-0.10027640705500306,-0.11477279265770052,0.13226979737192632,False,False,False,True,False,False,True,False,True,False,False,True
0.30550434217028277,0.5175303749301037,0.8151264773527704,False,False,True,True,True,False,True,False,False,True,False,True
1.3199562152334972,1.7649053636503542,1.137540648288036,True,True,True,True,True,True,False,True,True,False,False,True
1.441690440001083,-0.48345817130948754,-1.5029487413715485,False,False,False,False,True,False,True,True,False,False,True,False
-0.9118379055055746,-0.7253950002750925,-0.17526371952017322,False,False,False,True,True,False,False,False,False,False,False,True
0.30550434217028277,0.756893407842883,1.3078414667820482,False,False,True,True,True,False,False,False,True,False,False,True
-0.14085448197753164,-0.1445241300818878,0.12896298536233355,False,False,False,True,False,True,False,False,False,False,False,True
-0.7089475308929317,-0.8995406586289864,-1.5029487413715485,False,False,False,True,True,False,True,True,False,False,True,False
1.5634246647686687,2.173091968163727,1.3822447369978788,False,True,True,True,False,True,False,False,True,False,False,True
0.34608241709281135,0.8919304532924015,1.3144550908012331,True,False,True,True,True,False,False,False,True,False,False,True
-1.2364625048858033,-0.9525215960214722,-0.09590023128995408,False,False,False,False,True,False,False,False,True,False,False,False
0.46781664186039706,0.5100925405740567,0.4166556301968783,False,False,False,True,False,False,True,False,True,False,True,True
-1.1147282801182177,-0.8328400795650825,0.33729214196665935,False,False,False,False,True,False,False,False,False,True,False,False
0.021457817712582688,-0.36608870893444967,-0.6745923329686357,False,False,False,True,True,False,False,True,False,False,False,False
-1.277040579808332,-0.9823601807694842,-0.49767789045543875,True,False,False,True,True,False,False,False,False,False,True,True
-0.7495256058154603,-0.4206837218176906,0.9242512736693222,True,False,True,True,True,False,False,False,False,False,False,False
-0.5060571562802889,-0.8110500604398898,-1.4748408392900125,False,False,False,False,False,False,False,True,False,False,True,False
-1.155306355040746,-0.8726466710600546,0.32075808191869704,True,False,True,True,True,False,False,True,True,False,False,False
-0.9929940553506318,-0.7594650802285974,0.15707088744386982,True,False,True,True,True,False,False,False,False,False,False,False
1.4011123650785544,-0.4439133217859893,-1.506255553381141,False,True,False,True,True,False,False,True,False,False,True,False
1.6040027396911973,1.8153343168209704,0.7473368311561249,False,True,False,True,True,True,False,True,True,True,True,True
-1.1147282801182177,-0.8651870248730517,0.13557660938151858,False,False,True,True,False,False,False,False,False,False,False,False
0.30550434217028277,0.23792451390322913,0.21163328560214523,False,False,False,True,False,True,False,True,False,True,True,True
1.1170658406208545,-0.346981545016863,-1.3557956069446837,False,False,False,False,True,False,True,True,True,False,True,False
0.95475354093074,0.11479672815576789,-0.6646718969398582,False,False,False,True,False,False,False,False,False,False,False,False
-0.34374485659017456,-0.11723752955574539,0.6018371027340567,False,False,True,False,False,False,True,True,True,False,True,True
1.6040027396911973,1.1139530805950426,0.11408233131916784,False,True,False,False,True,True,False,True,False,True,True,True
-0.8306817556605175,-0.9158995318460981,-1.4930283053427713,False,False,False,False,True,False,True,True,False,False,False,False
0.7924412412406258,-0.011210219277904996,-0.6845127689974131,False,False,False,False,True,True,True,True,False,False,True,False
-1.155306355040746,-0.9605265379823791,-1.3161138628295743,True,False,False,True,False,False,False,True,False,False,False,False
1.52284658984614,2.3437913572265496,1.4731820672616716,True,False,True,True,False,False,True,True,True,True,False,True
-1.277040579808332,-0.962860403894687,0.9804670778323937,True,False,True,True,False,False,False,False,True,False,False,False
1.5634246647686687,-0.40279802043364843,-1.5046021473763447,False,True,False,False,True,False,False,True,False,False,True,False
-0.30316678166764593,-0.7022090239687061,-1.329341110867944,False,True,False,False,False,False,False,False,True,False,False,False
-1.277040579808332,-0.9955563384979543,-1.49798852335716,False,False,False,False,False,False,False,False,False,False,False,False
-0.790103680737989,-0.6706036809132462,-0.29596235787029823,True,False,False,True,False,True,False,False,False,False,True,True
0.8330193161631543,1.4241391286224376,1.2929608127388819,False,True,True,True,False,True,False,True,True,True,True,True
-0.8712598305830461,-0.9004349436981886,-1.4847612753187902,False,False,False,False,False,False,True,False,False,False,False,False
-0.790103680737989,-0.4738173420268696,0.6944278390026457,True,False,True,True,False,False,False,False,True,False,False,False
-0.8712598305830461,-0.8971849808857222,-1.314460456824778,True,False,False,False,False,False,True,False,True,False,False,False
0.021457817712582688,-0.7334217540669554,-1.4831078693139936,False,False,False,False,True,False,True,True,False,False,True,False
1.2388000653884401,-0.45279073698514205,-1.5079089593859372,True,True,False,False,False,False,False,True,False,False,True,False
-0.790103680737989,-0.5868026263797216,0.2909967738323646,False,False,True,True,True,True,False,False,False,False,False,False
-0.5872133061253461,-0.5425464213696952,-0.32241685394703784,False,False,False,False,True,False,False,False,False,True,False,False
-0.14085448197753164,0.19342837875268512,1.0234556339570962,True,False,True,True,True,False,False,True,True,False,False,True
1.5634246647686687,2.2816712626634366,1.4252332931225806,True,True,True,True,True,True,False,False,True,True,False,False
-0.9118379055055746,-0.6170338240849442,0.4927123064175049,False,False,True,True,True,True,False,False,False,False,False,False
-0.6277913810478746,-0.47451532061746643,0.18021857151101717,False,False,True,True,True,False,False,True,False,False,False,False
1.4011123650785544,-0.274675325397229,-1.3177672688343705,False,True,False,False,True,False,False,False,True,False,False,False
-1.2364625048858033,-0.9254967374668037,0.997001137880356,False,False,True,True,True,False,False,False,False,True,False,True
-0.5060571562802889,-0.3863300880617559,0.12400276734794514,True,False,False,True,True,False,True,False,True,True,False,True
-1.277040579808332,-0.9951855373716998,-1.469880621275624,False,False,False,False,False,False,False,False,False,False,False,False
0.7518631663180971,0.8045304466511125,0.6365586288347775,True,False,True,True,True,False,False,True,True,False,True,True
0.5489727917054542,0.7228669515512904,0.6563995008923321,False,False,True,True,False,False,False,False,True,True,True,False
-0.7495256058154603,-0.5920374658091974,0.14053682739590748,False,False,False,False,True,True,False,True,True,False,True,True
-0.9929940553506318,-0.9357046743542815,-1.512869177400326,False,False,False,False,False,False,False,False,False,False,False,False
0.4272385669378685,1.0722924834687981,1.3111482787916404,True,True,True,True,False,False,False,False,True,False,False,True
0.14319204248016842,0.5281527366057481,0.9837738898419865,True,False,True,True,True,False,False,False,False,False,True,True
1.4011123650785544,2.3777087543633613,1.6947384719043668,False,True,True,False,True,True,False,False,True,True,False,True
-0.4249010064352317,-0.4662922603469982,-0.45799614634032904,True,False,False,True,True,False,False,True,False,True,True,False
-1.2364625048858033,-0.9593050754488347,-0.32737707196142674,False,False,False,True,False,False,False,False,False,True,False,True
-0.26258870674511736,-0.04717792852459466,0.6894676209882568,False,False,True,True,False,True,False,False,False,False,False,False
0.3866604920153399,0.4685628144335491,0.51255317847506,False,False,False,False,True,True,True,True,True,True,False,False
-0.6683694559704032,-0.3323021827833748,0.8796093115398236,True,False,True,True,True,False,False,True,False,True,False,False
-0.5872133061253461,-0.2715126099085874,0.9953477318755599,False,False,True,True,False,False,False,False,True,True,False,False
-1.277040579808332,-0.984955788653266,-0.6944332050261903,False,False,False,False,False,False,False,False,False,False,False,False
0.95475354093074,-0.3995698694521384,-1.3392615468967215,False,True,False,True,False,False,False,True,True,False,True,False
-0.26258870674511736,-0.7841778847019141,-1.5095623653907335,False,False,False,False,True,False,True,False,False,False,False,False
0.06203589263511127,-0.23375633052349346,-0.2876953278463171,True,False,False,True,False,False,False,False,False,False,False,True
-0.26258870674511736,-0.46437281922285717,-0.5224789805273823,False,False,False,False,True,False,False,False,False,True,False,False
-0.26258870674511736,-0.2120753705530813,0.13557660938151858,False,False,True,True,False,False,False,False,False,False,False,False
-1.277040579808332,-0.9950328545550068,-1.4583067792420503,False,False,False,True,False,False,False,True,False,False,False,False
-0.14085448197753164,-0.6931571141219043,-1.3177672688343705,False,False,False,True,False,False,False,False,False,False,False,False
-1.277040579808332,-0.9718468782486204,0.29926380385634577,True,False,True,False,True,False,False,False,False,True,False,False
-1.0335721302731604,-0.7381767332153958,0.6415188468491659,True,False,True,True,False,False,False,False,False,False,False,False
-0.790103680737989,-0.5086944597257519,0.8647286574966574,True,False,True,True,True,False,False,False,False,False,False,False
-1.1958844299632747,-0.968291549802768,-1.1425062323259698,True,False,False,False,True,False,False,False,False,True,False,False
-1.277040579808332,-0.9852393424556958,-0.7159274830885416,True,False,False,True,True,False,False,False,False,False,False,True
0.7112850913955685,1.0591617612331963,1.0168420099379112,True,False,True,True,False,False,False,False,True,False,False,False
-1.277040579808332,-0.9955563384979543,-1.49798852335716,False,False,False,False,True,False,False,False,False,False,False,False
-0.9524159804281033,-0.922922941413978,-1.478147651299605,False,False,False,False,False,False,False,False,False,False,False,False
-1.277040579808332,-0.9843668692174499,-0.6497912428966922,True,False,False,False,True,False,False,False,False,False,False,False
-1.277040579808332,-0.9684878562813735,0.5538883285949658,True,False,True,True,True,True,False,False,True,False,False,False
0.4272385669378685,0.9379316047789201,1.3012278427628632,False,False,True,True,True,False,True,True,True,True,True,False
1.52284658984614,0.4977470442528765,-0.5472800705993257,False,True,False,False,True,True,False,False,False,True,False,False
1.5634246647686687,-0.3984356542424186,-1.4930283053427713,False,True,False,False,True,False,False,True,False,False,True,False
0.46781664186039706,0.7944315689184153,0.9259046796741184,False,False,True,True,True,False,False,True,False,False,True,False
-1.155306355040746,-0.9708217221936815,-1.4748408392900125,False,False,False,False,False,False,False,True,False,False,True,False
-1.277040579808332,-0.9649107160045649,0.8250469133815482,True,False,True,True,True,False,False,False,False,False,False,False
-1.277040579808332,-0.9631875813590293,0.9556659877604503,True,False,True,True,False,False,False,False,True,False,False,False
-0.18143255690006022,-0.18941287818964253,-0.01653674305973469,False,False,False,False,False,False,False,False,True,True,False,True
-0.14085448197753164,-0.01675042434076677,0.34225235998104775,False,False,True,True,True,False,False,True,False,False,False,False
-1.277040579808332,-0.973570012894156,0.16864472947744327,True,False,True,True,True,False,False,False,False,False,False,False
-0.9118379055055746,-0.860257551076962,-1.0003133159134936,True,False,False,True,False,False,False,False,False,False,False,False
0.7924412412406258,-0.13946378530006126,-0.8548135874914251,False,True,False,False,False,True,False,False,False,True,False,True
-0.8712598305830461,-0.6483774251689303,0.3306785179474743,True,False,True,False,True,False,False,False,False,False,False,True
-0.14085448197753164,-0.762344241914809,-1.506255553381141,False,True,False,False,False,False,False,False,False,False,False,False
0.3866604920153399,0.25321460740348967,0.09093464725202048,False,False,False,True,False,True,True,False,False,True,False,True
0.95475354093074,1.398815592882349,1.101165716182519,True,False,True,True,False,False,True,True,True,False,False,True
-0.7495256058154603,-0.821039879017806,-1.1193585482588224,False,False,False,True,True,False,False,False,False,False,False,True
-0.5872133061253461,-0.43937646094711036,0.32241148792349317,True,False,True,True,False,False,False,False,False,False,False,True
0.26492626724775414,-0.6589997868445748,-1.4897214933331788,False,False,False,False,True,False,True,False,False,False,False,False
1.1982219904659115,0.13806995178597906,-0.7027002350501715,False,True,False,True,True,True,False,False,False,True,False,True
-1.277040579808332,-0.9949892308930945,-1.4549999672324578,False,False,False,False,True,False,False,False,False,False,False,False
1.1170658406208545,1.8058461703550455,1.3574436469259352,True,False,True,True,False,False,True,False,True,True,False,False
-0.6683694559704032,-0.4593124744410305,0.5158599904846523,False,False,True,True,True,False,False,False,True,False,False,True
-1.277040579808332,-0.9767327283827977,-0.07109914121801059,False,False,False,True,True,False,False,False,False,False,False,False
1.6040027396911973,1.9544937983212012,0.8944899655829898,False,True,False,True,True,True,False,True,True,True,False,True
-0.14085448197753164,-0.24747597219491121,-0.22982611767844888,False,False,False,False,False,True,True,False,False,True,False,False
-0.7089475308929317,-0.8590142767124614,-1.49798852335716,False,False,False,False,True,False,True,True,False,False,True,False
1.441690440001083,2.215210613740051,1.3954719850362487,False,False,True,True,True,False,True,True,True,True,True,False
-1.074150205195689,-0.7652234036010206,1.157381520345591,False,False,True,True,False,False,False,False,False,True,False,False
-0.4249010064352317,-0.14840663599208237,0.6745869669450906,False,False,True,False,False,False,False,True,True,False,True,False
0.5083947167829257,0.4568716730410531,0.2843831498131796,False,True,False,False,False,True,False,False,True,True,False,False
1.6040027396911973,1.8815332237728826,0.8928365595781936,False,True,False,True,True,True,False,True,True,True,True,True
1.4011123650785544,2.2969613561636972,1.5327046834343359,False,True,True,True,True,False,False,True,True,True,False,True
-0.9118379055055746,-0.5584908697986402,1.0019613558947449,True,False,True,True,True,False,False,False,True,False,False,True
0.7518631663180971,-0.33692629094607834,-1.1540800743595434,False,False,False,True,True,False,False,True,False,False,False,True
1.6040027396911973,2.029526496810354,1.0234556339570962,False,True,True,True,False,True,False,True,True,False,True,True
-0.9118379055055746,-0.9052989820014096,-1.3541422009398876,True,False,False,True,True,False,False,False,True,False,False,False
-0.4249010064352317,-0.7968723703183929,-1.4764942452948089,False,False,False,False,True,False,True,False,False,False,False,False
-1.1147282801182177,-0.9622060489660026,-1.4682272152708278,False,False,False,False,False,False,False,False,False,False,False,False
-0.10027640705500306,0.021660209973011546,0.42822947223045216,False,False,True,False,True,False,False,True,True,False,False,False
-0.5872133061253461,-0.2212363395546639,1.202023482475089,False,False,True,False,True,False,False,False,False,False,False,True
-1.2364625048858033,-0.9651724579760387,-0.682859362992617,True,False,False,True,False,False,False,False,False,False,False,False
0.8735973910856829,0.02962152827200594,-0.6894729870118017,False,False,False,False,False,True,True,False,False,True,False,False
1.52284658984614,-0.3680517737205031,-1.4748408392900125,False,True,False,False,True,False,False,True,False,False,True,False
-0.9929940553506318,-0.905342605663322,-1.1408528263211735,True,False,False,True,True,True,False,False,False,False,False,False
1.1170658406208545,1.1704457227714686,0.661359718906721,True,True,False,True,True,True,False,False,True,True,True,False
-0.2220106318225888,0.03568521727781541,0.8018992293144008,True,False,True,True,False,False,False,False,False,True,False,False
0.3866604920153399,-0.6257803682983599,-1.5079089593859372,False,True,False,False,True,False,False,True,False,False,True,False
1.2793781403109687,1.5960599802188045,0.8878763415638048,True,False,True,True,True,True,False,True,True,False,True,True
1.3199562152334972,-0.25593896260589705,-1.329341110867944,False,True,False,False,True,False,False,True,True,False,True,False
-1.2364625048858033,-0.9501222946162958,0.171951541487036,True,False,True,True,False,False,False,False,False,False,False,False
1.441690440001083,0.341814264747367,-0.6613650849302657,True,False,False,False,False,False,False,False,False,True,False,True
1.52284658984614,2.4803552308429984,1.588920487597408,False,True,True,True,False,True,False,True,True,True,False,True
0.7924412412406258,0.6665488040225137,0.264542277755625,False,False,True,True,True,False,False,False,True,False,False,False
1.441690440001083,1.115959769043008,0.19344581954938675,False,True,False,False,True,False,False,True,True,True,True,True
1.52284658984614,-0.4354939550369158,-1.5046021473763447,False,True,False,False,False,False,False,True,False,False,False,False
1.4011123650785544,0.6841073279422137,-0.14715581743863723,False,False,False,False,False,True,True,False,False,True,False,True
-0.18143255690006022,-0.005190153934007786,0.6778937789546833,True,False,True,False,True,False,False,True,False,False,True,False
-0.34374485659017456,-0.11036680280455835,0.6580529068971283,False,False,True,True,True,False,False,False,True,False,False,True
-1.2364625048858033,-0.919258553813345,0.5026327424462826,True,False,True,True,False,True,False,True,False,True,False,False
1.441690440001083,1.3224741845358274,0.44641693828321066,True,False,False,True,False,True,True,True,True,True,True,True
1.0359096907757972,1.1292867977572154,0.6993880570170341,True,True,False,True,True,True,False,True,True,False,False,True
-0.9118379055055746,-0.8340833539295831,-0.9655917898127727,True,False,False,False,True,False,False,False,False,True,False,True
-1.277040579808332,-0.9931788489237342,-1.3177672688343705,True,False,False,True,True,False,False,False,False,False,False,False
-0.9524159804281033,-0.7199638543670114,0.26288887175082887,False,False,False,True,False,False,False,False,False,True,True,False
1.2388000653884401,-0.47405727216738736,-1.5029487413715485,False,True,False,False,False,False,False,False,False,False,True,False
-1.0335721302731604,-0.9456508692702853,-1.4649204032612353,False,False,False,False,False,False,True,True,False,False,True,False
0.8735973910856829,0.87528802627286,0.4927123064175049,False,False,True,True,True,False,False,False,True,False,False,True
0.4272385669378685,-0.4857920372217954,-1.2979263967768155,False,True,False,True,False,False,False,False,True,False,False,False
-0.7495256058154603,-0.5487846050231538,0.4596441863215802,True,False,True,False,False,True,False,False,False,False,False,True
-1.277040579808332,-0.9955563384979543,-1.49798852335716,False,False,False,False,True,False,True,True,False,False,True,False
-1.277040579808332,-0.9673536410716536,0.6398654408443698,True,False,True,False,False,False,False,False,False,False,False,True
1.1982219904659115,-0.4381768102445222,-1.47153402728042,False,True,False,False,True,False,False,True,False,False,True,False
1.2388000653884401,1.537168036637202,0.8432343794343067,False,False,True,False,True,False,True,False,True,False,False,True
-0.14085448197753164,-0.03926023388751253,0.5009793364414861,False,False,False,False,True,False,False,True,True,False,True,True
-0.14085448197753164,0.13957496812195325,0.7556038611801061,False,False,True,True,False,False,False,True,False,False,True,False
-0.38432293151270314,-0.5692659142909778,-0.6613650849302657,True,False,False,True,False,False,False,False,False,False,False,False
-1.2364625048858033,-0.9220722800066883,0.5158599904846523,False,False,True,False,False,True,False,False,True,False,True,False
-0.9929940553506318,-0.7316549957595073,0.4976725244318938,False,False,True,True,False,False,False,False,False,False,False,False
-1.2364625048858033,-0.9711488996580236,-1.1606936983787282,False,False,False,False,True,False,False,False,False,True,False,False
1.3605342901560258,2.0021744607913434,1.321068714820418,True,False,True,True,False,False,True,True,True,False,True,True
0.4272385669378685,0.9102523912955667,1.1921030464463118,True,False,True,True,True,False,False,True,True,False,False,True
-1.3176186547308604,-1.0041283880637208,-0.10086044930434274,False,True,False,True,True,True,False,False,True,True,True,True
1.3199562152334972,1.4773818079863976,0.6878142149834606,True,False,True,True,True,True,False,True,True,False,True,True
0.67070701647304,1.249557233649421,1.258239286638161,False,False,True,False,False,True,True,False,True,True,False,True
-0.5060571562802889,-0.24747597219491121,0.6712801549354983,True,False,True,True,True,False,False,False,True,False,False,False
-0.14085448197753164,0.0603980217511323,0.6894676209882568,True,False,True,True,True,False,False,True,True,False,False,True
-0.9929940553506318,-0.749606132636418,0.51255317847506,False,False,True,True,True,False,False,True,False,False,True,False
1.6040027396911973,1.636084690023338,0.6315984108203886,False,True,True,True,False,True,False,True,True,False,False,True
1.3199562152334972,-0.4725086321695007,-1.5012953353667524,False,True,False,True,True,False,False,False,False,False,False,False
-0.9524159804281033,-0.6124969632460652,1.2450120385997911,False,False,True,True,True,False,False,True,True,False,True,True
-0.8306817556605175,-0.40004972973317365,1.5872670815926118,False,False,True,True,True,False,False,False,True,True,False,True
1.5634246647686687,0.7344272219580494,-0.28108170382713205,True,False,False,True,True,True,True,False,False,False,False,True
-0.34374485659017456,-0.7886056863860125,-1.4963351173523636,False,True,False,True,False,False,False,True,False,False,True,False
1.2793781403109687,-0.24472768149443644,-1.299579802781612,False,True,False,False,True,False,False,True,True,False,False,False
-0.5466352312028174,-0.22359201729792802,0.9986545438851527,True,False,True,True,False,True,False,False,True,False,False,True
1.0359096907757972,1.1020438208929852,0.5803428246717055,False,True,True,False,True,False,False,True,True,False,True,False
-0.6277913810478746,-0.5963343965075587,-0.3422577260045927,True,False,False,False,True,False,True,True,False,True,False,False
-1.1147282801182177,-0.8302662835122571,0.5009793364414861,False,False,True,True,True,False,False,False,False,False,False,False
1.1576439155433829,0.8098525334044129,0.10250848928559392,False,True,False,True,True,True,False,True,False,True,True,True
1.4822685149236117,1.637524270866444,0.7390698011321438,False,False,True,False,False,True,True,True,False,False,False,True
0.7112850913955685,1.5221614969393717,1.633562449726906,False,False,True,False,True,True,True,False,True,True,False,True
0.5083947167829257,-0.49316443608497385,-1.3326479228775365,False,True,False,True,False,False,False,True,True,False,True,False
-0.9118379055055746,-0.9182988332512745,-1.4930283053427713,False,False,False,True,False,False,False,True,False,False,True,False
1.1170658406208545,1.3748443906615408,0.859768439482269,True,False,True,False,True,False,True,True,False,False,True,True
-0.4249010064352317,-0.2492863541642716,0.4761782463695426,True,False,True,True,True,False,False,False,True,False,False,True
-0.9929940553506318,-0.7657468875439682,0.04298587311292962,True,False,False,True,True,False,False,False,False,False,False,False
-0.38432293151270314,0.0792652555282012,1.3706708949643052,True,False,True,True,True,False,False,False,True,False,False,True
0.3866604920153399,0.5539343207959163,0.6415188468491659,False,True,False,False,False,True,False,True,True,True,False,False
-0.8306817556605175,-0.5099813577521647,1.157381520345591,False,False,True,True,True,False,False,False,True,True,False,False
-0.7495256058154603,-0.5189023966132297,0.49932593043668994,False,False,True,True,False,False,False,False,False,True,False,True
1.441690440001083,1.6839180353101726,0.7622174851992911,False,True,False,False,False,True,False,True,True,True,True,True
-0.9524159804281033,-0.7146635794446672,0.3935079461297309,True,False,True,True,False,False,False,False,True,False,False,False
-1.1958844299632747,-0.8903142541345352,0.49436571242230154,True,False,True,True,True,False,False,False,False,False,False,False
0.7924412412406258,1.4483284491528072,1.3739777069738974,True,False,True,True,False,False,True,True,True,False,False,True
0.30550434217028277,0.3781963987822236,0.4976725244318938,True,False,True,True,True,False,False,True,False,False,False,True
1.4822685149236117,2.1883384380020754,1.4368071351561544,False,True,True,True,True,False,False,True,True,True,False,True
-0.9118379055055746,-0.6267400888604305,0.997001137880356,False,False,True,True,True,False,False,False,False,True,False,False
-1.1147282801182177,-0.9544628489765696,-1.4516931552228654,False,False,False,False,True,False,False,False,False,False,False,False
0.5489727917054542,-0.6084399626882214,-1.4880680873283825,True,True,False,False,True,False,False,False,False,False,False,False
-1.0335721302731604,-0.7250678228107502,1.0333760699858736,True,False,True,False,True,False,False,False,True,False,False,False
1.52284658984614,-0.2231994043407173,-1.3161138628295743,False,True,False,False,True,False,False,True,True,False,True,False
-1.1147282801182177,-0.8012565483405788,1.1309270242688514,False,False,True,True,False,False,False,True,False,True,True,True
-0.6683694559704032,-0.37498793596455837,0.8548082214678802,False,False,True,True,True,False,False,True,True,False,True,False
-0.4249010064352317,-0.7618425698028175,-1.3128070508199818,False,True,False,False,False,False,False,True,True,False,True,False
-1.1958844299632747,-0.967986184169382,-1.130932390292396,True,False,False,True,False,False,False,True,False,False,False,True
-0.8712598305830461,-0.7507621596770938,-0.30918960590866806,True,False,False,True,False,True,False,False,True,False,False,False
-1.2364625048858033,-0.986286310341591,-1.4864146813235863,False,False,False,True,False,False,False,False,False,False,False,False
-0.019120257209945892,0.1567408790844425,0.6729335609402944,True,False,True,False,True,False,False,True,True,False,False,False
-0.8712598305830461,-0.5334726996919372,0.9606262057748391,True,False,True,True,False,False,False,True,True,False,False,False
-1.277040579808332,-0.9953164083574368,-1.4798010573044011,False,False,False,False,True,False,False,False,False,False,False,False
-1.277040579808332,-0.9849339768223098,-0.6927797990213942,True,False,False,False,True,False,False,False,False,False,True,False
-0.30316678166764593,-0.19107057734230984,0.3091842398851231,False,False,False,False,False,True,True,False,False,True,False,True
1.6040027396911973,0.7200750371889033,-0.3687122220813326,False,True,False,True,False,True,False,True,False,False,True,False
1.6040027396911973,2.7450636113268225,1.7195395619763103,False,True,True,True,True,True,False,True,True,True,False,True
1.4011123650785544,1.0146220024207397,0.09589486526640889,False,True,False,False,True,True,False,True,False,True,True,False
-0.059698332132474476,0.1725762683586068,0.7142687110602003,False,False,True,True,False,False,False,False,True,False,True,False
-0.9524159804281033,-0.7107374498725604,0.20005944356857178,True,False,True,False,False,False,False,False,False,False,False,False
0.183770117402697,0.5424831095439381,1.2218643545326442,False,False,True,True,False,False,False,False,True,False,False,True
-0.5060571562802889,-0.18786423819175588,0.8085128533335859,False,False,True,True,False,True,False,False,False,False,False,False
1.52284658984614,2.025316813435817,1.137540648288036,False,True,True,True,True,True,False,True,True,False,False,True
1.441690440001083,0.29744900058255996,-0.6663253029446546,False,False,False,False,True,True,True,True,False,False,True,True
0.67070701647304,0.8103760173473603,0.7688311092184762,True,False,True,True,True,True,False,True,True,False,False,True
1.441690440001083,0.6511714631984287,-0.3587917860525551,False,True,False,True,True,True,False,True,False,False,False,False
-0.10027640705500306,-0.731458689280902,-1.4963351173523636,False,False,False,False,True,False,True,False,False,False,False,False
0.06203589263511127,-0.10851279717328569,-0.01984355506932744,True,False,False,False,False,True,True,False,False,False,False,True
-0.9118379055055746,-0.6052772471995799,0.8217401013719554,True,False,True,True,True,False,False,True,True,False,False,False
-0.8306817556605175,-0.901263793274522,-1.4516931552228654,False,False,False,False,True,False,False,False,False,False,True,False
0.34608241709281135,0.30510495324816816,0.26619568376042113,True,False,False,True,True,False,True,True,True,False,False,False
-0.34374485659017456,-0.01851718264821492,0.8134730713479743,True,False,True,True,False,False,False,False,True,True,False,False
-1.277040579808332,-0.9737445075418053,0.15541748143907366,True,False,True,True,False,False,False,False,False,False,True,False
-0.4249010064352317,-0.7570003433305524,-1.3128070508199818,False,True,False,False,True,False,False,False,True,False,False,False
0.95475354093074,0.28704475721647693,-0.3604451920573514,False,False,False,True,True,False,True,True,False,True,False,False
-1.277040579808332,-0.9668519689596623,0.6778937789546833,False,False,True,True,False,False,False,False,True,False,False,False
-1.277040579808332,-0.9957526449765598,-1.512869177400326,True,False,False,False,True,False,False,False,False,False,False,False
1.6040027396911973,2.4196747171229913,1.3607504589355275,False,False,True,True,True,True,True,True,True,False,True,False
1.52284658984614,1.2923302341544294,0.3687068560577874,False,True,False,False,True,False,False,True,True,True,False,True
1.52284658984614,1.4110956537106607,0.469564622350358,False,True,False,False,True,True,False,True,True,True,False,True
1.3605342901560258,1.1827257835997804,0.3356387359618627,True,False,False,True,True,True,True,True,False,True,True,True
-1.1147282801182177,-0.8525797865803975,0.1669913234726471,False,False,False,True,True,False,True,False,False,False,False,False
-1.074150205195689,-0.9435569334984951,-1.491374899337975,False,False,False,False,True,False,False,True,False,False,True,False
-1.1147282801182177,-0.870661794443045,-0.4613029583499216,False,False,False,True,True,False,False,False,False,False,False,True
-1.277040579808332,-0.9733737064155508,0.18352538352060946,True,False,True,False,False,False,False,False,False,False,False,False
1.6040027396911973,2.7844994016955398,1.747647464057846,False,False,True,True,True,True,True,True,True,True,False,True
-0.6277913810478746,-0.5910341215852145,-0.2926555458607057,False,False,False,False,True,True,True,False,False,False,False,True
-1.277040579808332,-0.9949892308930945,-1.4549999672324578,False,False,False,False,False,False,False,False,False,False,False,False
1.5634246647686687,1.7109210820338854,0.6878142149834606,False,True,False,False,False,True,False,True,True,True,False,True
1.441690440001083,1.5098814361110595,0.710961899050608,False,False,True,False,False,False,True,True,True,False,False,True
-1.277040579808332,-0.9716505717700151,0.314144457899512,False,False,True,True,False,False,False,False,True,False,False,False
-0.059698332132474476,0.16638170836706034,0.7837117632616424,False,False,True,False,True,False,False,True,True,False,False,False
1.2793781403109687,1.852632547755985,1.2747733466861235,False,False,True,True,True,True,False,False,True,False,False,True
0.7924412412406258,0.8428756454720224,0.5290872385230223,False,True,False,True,False,False,False,False,True,True,False,False
0.8735973910856829,0.5357650656094441,0.00991775301700495,False,False,False,False,True,False,True,False,False,True,False,False
-1.1958844299632747,-0.8885911194889996,0.654746094887536,False,False,True,True,False,False,False,True,True,False,True,False
-0.2220106318225888,-0.7730102272523659,-1.506255553381141,True,False,False,True,True,False,False,False,False,False,False,False
-1.1147282801182177,-0.8406269032164279,0.5208202084990412,True,False,True,False,False,True,False,False,False,False,False,True
1.5634246647686687,1.5944677165590058,0.6365586288347775,False,True,False,False,True,False,False,True,True,True,False,True
-1.277040579808332,-0.9696438833220492,0.46625781034076524,True,False,True,True,True,False,False,False,False,False,False,False
-1.155306355040746,-0.9561205481292369,-1.1838413824458756,False,False,False,True,False,True,False,False,False,False,False,False
-0.9524159804281033,-0.7675136458514162,-0.16699668949619206,False,False,False,False,True,False,False,False,True,False,False,False
1.6040027396911973,2.3663884140971194,1.4450741651801358,False,True,True,True,False,True,False,True,False,True,True,True
1.1982219904659115,1.2427301305601466,0.661359718906721,True,True,False,True,False,True,False,True,True,True,False,True
1.5634246647686687,-0.2946331507221054,-1.35744901294948,False,True,False,False,True,False,False,True,True,False,True,False
0.3866604920153399,0.8220889705708125,0.9672398297940241,True,False,True,True,False,False,False,True,True,False,True,False
-1.2364625048858033,-0.9516709346141825,0.17856516550622056,True,False,True,True,False,False,False,True,False,False,False,False
-1.277040579808332,-0.9730901526131208,0.20501966158296067,True,False,True,True,False,False,False,False,False,False,False,False
1.6040027396911973,2.5697837377632093,1.5806534575734266,False,True,True,True,False,True,False,False,True,True,False,True
-0.9524159804281033,-0.8112245550875389,-0.5357062285657521,True,False,False,True,False,False,False,True,False,False,False,False
0.5895508666279828,1.2289450533958601,1.4020856090554332,False,False,True,True,True,False,False,True,True,True,True,False
0.8735973910856829,0.871667262334139,0.5175133964894484,True,True,False,False,False,True,False,False,False,True,False,False
0.021457817712582688,0.5861722069491045,1.4086992330746182,True,False,True,False,False,False,False,False,True,False,False,True
-1.074150205195689,-0.7932952300415844,0.4530305623023957,False,False,False,False,True,True,False,False,False,True,False,False
0.9953316158532686,0.20965638098406011,-0.49767789045543875,False,False,False,True,False,True,False,True,False,True,False,False
-0.6277913810478746,-0.8445530327885347,-1.469880621275624,False,False,False,True,True,False,True,False,False,False,False,False
-1.277040579808332,-0.9952509728645683,-1.4748408392900125,False,True,False,False,False,False,False,True,False,False,True,False
0.9953316158532686,-0.4934916135493161,-1.499641929361956,False,True,False,True,True,False,False,False,False,False,True,False
-0.4654790813577603,-0.19584736832170652,0.5753826066573166,True,False,True,True,True,False,False,False,True,False,False,True
0.30550434217028277,-0.083952675516662,-0.30257598188948326,True,False,False,True,False,True,False,False,False,False,False,True
1.1170658406208545,1.531278842279042,1.006921573909134,False,False,True,True,True,True,True,True,True,False,True,False
-1.2364625048858033,-0.9686841627599787,-0.6812059569878206,True,False,False,False,True,False,False,False,False,False,False,False
-0.9524159804281033,-0.8224576480299557,-0.6547514609110809,True,False,False,False,False,False,False,False,False,False,False,False
0.8330193161631543,1.2422720821100672,1.1061259341969079,False,False,True,True,False,False,False,True,True,False,False,True
0.14319204248016842,0.4966346408741128,0.9936943258707638,False,False,True,True,True,False,False,True,True,False,False,False
1.6040027396911973,2.4874222640727908,1.440113947165747,False,False,True,True,False,False,True,True,True,True,False,True
-1.1958844299632747,-0.9339597278777896,-0.4894108604314576,False,False,False,True,True,True,False,False,False,False,False,False
-1.277040579808332,-0.9954036556812613,-1.4864146813235863,True,False,False,False,False,False,False,True,False,False,True,False
0.95475354093074,0.861110336151363,0.3935079461297309,False,False,True,True,False,False,False,True,True,True,False,False
1.3605342901560258,1.732558418342385,1.003614761899541,True,False,True,False,True,False,True,True,True,False,False,True
0.9953316158532686,1.5757531655986297,1.321068714820418,False,False,True,True,True,False,False,False,True,True,False,True
1.1982219904659115,1.1592344416600078,0.6448256588587586,True,False,True,False,False,False,True,False,True,False,False,False
0.2243481923252256,0.643602757856645,1.1342338362784437,False,False,True,True,True,False,False,False,True,False,True,False
0.67070701647304,0.2759207234288409,-0.1719569075105807,False,False,False,True,False,True,False,False,True,False,False,True
-0.9929940553506318,-0.7304335332259629,0.6696267489307022,False,False,True,True,False,False,False,True,True,False,False,False
1.2388000653884401,0.7470126484197475,-0.04629805114606708,False,True,False,False,False,True,False,True,False,True,True,True
0.9141754660082114,1.4722342158807462,1.2797335647005124,False,False,True,True,False,False,False,True,True,False,False,True
1.441690440001083,2.253468565237136,1.496329751328819,True,True,True,True,True,True,False,True,True,False,True,True
-0.38432293151270314,-0.7924663804652508,-1.4616135912516428,True,False,False,True,True,False,True,True,False,False,False,False
1.5634246647686687,1.599898862467087,0.6431722528539625,False,True,False,True,False,True,False,True,False,True,False,True
1.2793781403109687,-0.48149510652343414,-1.4847612753187902,False,True,False,True,True,False,False,False,False,False,False,False
-0.5872133061253461,-0.41145731732323965,0.42492266022085945,True,False,True,False,False,False,False,False,False,False,False,True
-1.074150205195689,-0.7630422205054057,0.8200866953671593,True,False,True,True,False,False,False,False,True,False,False,True
-1.1147282801182177,-0.9469595791276543,-1.2069890665130227,True,False,False,False,False,False,False,False,False,False,False,True
-1.277040579808332,-0.9844541165412746,-0.6564048669158771,False,False,False,False,False,False,False,False,False,False,False,False
1.5634246647686687,2.119194933871083,1.1739155803935533,True,True,True,False,False,True,False,True,True,True,True,False
-1.2364625048858033,-0.951889052923744,0.13226979737192632,True,False,True,False,False,False,False,False,False,False,False,False
-0.6277913810478746,-0.3112755777416471,1.0482567240290397,False,False,True,True,True,False,True,True,False,False,False,False
0.2243481923252256,-0.5871952393369323,-1.3260342988583516,True,False,False,True,True,False,False,True,False,False,False,False
-0.4249010064352317,-0.8209526316939814,-1.4814544633091975,False,False,False,False,True,False,True,True,False,False,True,False
-1.0335721302731604,-0.9408958901218449,-1.5095623653907335,False,False,False,False,False,False,False,False,False,False,False,False
1.5634246647686687,1.2751861350228961,0.20336625557816407,False,True,False,False,False,True,False,True,True,True,True,True
0.4272385669378685,0.7207948276104563,0.8829161235494164,True,False,True,True,False,False,False,False,False,False,False,True
-0.6277913810478746,-0.837137010263444,-1.3177672688343705,False,False,False,False,True,False,False,False,False,False,False,False
-0.9524159804281033,-0.6601121902233386,0.7754447332376612,False,False,True,True,False,False,False,False,False,False,False,False
-0.7495256058154603,-0.46513623330632237,0.6993880570170341,True,False,True,True,True,False,False,True,True,False,False,False
1.6040027396911973,1.5056499409055668,0.4761782463695426,False,True,False,True,True,True,False,True,False,True,False,True
-0.18143255690006022,0.05745342457205218,0.8250469133815482,False,False,True,False,False,False,False,True,False,False,False,True
-0.38432293151270314,-0.2725813896254387,0.469564622350358,True,False,True,True,False,False,False,False,True,False,False,True
1.6040027396911973,1.6120262404787058,0.6398654408443698,False,True,False,False,True,True,False,False,True,True,False,False
0.7112850913955685,1.3261603839674165,1.355790240921139,False,False,True,False,True,True,False,True,True,False,True,False
0.7518631663180971,-0.36750647794659935,-1.173920946417098,False,False,False,True,True,False,False,True,False,False,False,True
-1.277040579808332,-0.9865916759749772,-0.8184386553859079,True,False,False,False,True,False,False,True,False,False,False,True
-1.155306355040746,-0.8377913651921285,0.6944278390026457,True,False,True,True,False,False,False,True,True,False,True,False
-0.9118379055055746,-0.8171137494456991,-0.6514446489014885,False,False,False,False,False,False,False,False,False,False,False,False
-0.10027640705500306,0.11708697040616353,0.5654621706285393,False,False,True,False,True,False,False,True,False,False,True,True
0.4272385669378685,-0.05775666653832694,-0.4877574544266612,False,False,False,False,False,False,False,True,False,False,True,True
-0.5872133061253461,-0.23960190121974143,1.00857497991393,True,False,True,True,True,False,False,False,True,False,False,False
-0.2220106318225888,-0.7854211590664146,-1.5145225834051224,False,False,False,False,False,False,True,False,False,False,False,False
-0.9118379055055746,-0.6265437823818252,0.649785876873147,False,False,True,True,False,False,False,False,False,False,False,False
-0.2220106318225888,-0.15612802415055904,0.1851787895254056,True,False,True,True,True,False,False,True,False,False,False,False
0.183770117402697,0.6337656220954218,1.1325804302736475,True,False,True,True,False,True,True,True,True,True,False,False
-1.277040579808332,-0.9710180286722867,0.36209323203860283,True,False,True,True,True,False,False,False,False,True,False,False
0.67070701647304,1.1879606230292563,1.1391940542928325,True,False,True,False,False,False,False,True,False,False,False,True
-1.2364625048858033,-0.990517805547084,-1.49798852335716,True,False,False,True,True,False,False,False,False,False,False,False
0.2243481923252256,0.3663961982349469,0.5588485466093542,False,False,True,True,True,False,False,False,True,False,True,True
-1.277040579808332,-0.9819675678122735,-0.4679165823691066,True,False,False,False,True,False,False,False,False,False,False,True
-1.155306355040746,-0.8189677550769718,0.9705466418036165,True,False,True,True,False,False,False,False,True,False,False,False
-1.074150205195689,-0.8145835770547859,0.46625781034076524,True,False,True,True,False,True,False,False,True,False,False,False
0.7112850913955685,1.2786542161449237,1.304534654772456,False,False,True,True,False,True,True,True,True,False,False,False
-1.2364625048858033,-0.947199509268172,-0.1802239375345619,False,True,False,False,True,True,False,True,False,True,True,True
-1.2364625048858033,-0.9672663937478291,-0.6266435588295449,False,False,False,True,True,False,False,False,False,False,False,False
0.5895508666279828,0.7607322900911653,0.6729335609402944,True,False,True,True,False,False,False,True,False,False,False,False
1.441690440001083,2.1902142554643036,1.349176616901954,False,False,True,False,True,False,True,True,False,True,True,True
0.4272385669378685,-0.3496644002244694,-1.0416484660333993,False,False,False,True,False,True,False,False,False,False,False,True
-0.6277913810478746,-0.5342797374373148,0.05786652715609581,False,False,False,True,True,False,False,True,True,True,True,True
-1.277040579808332,-0.9737445075418053,0.15541748143907366,True,False,True,True,True,False,False,False,False,False,False,False
-0.790103680737989,-0.4641328890823395,1.092898686158538,True,False,True,True,True,False,False,True,False,False,False,True
1.6040027396911973,2.7791118794493714,1.7790621781489746,False,True,True,True,False,True,False,True,True,True,True,True
-0.7089475308929317,-0.8643363634657618,-1.4897214933331788,False,False,False,False,False,False,False,False,False,False,False,False
-0.10027640705500306,-0.6885984414520692,-1.3095002388103891,False,False,False,False,True,False,True,False,True,False,True,False
-0.4249010064352317,-0.6333708854710998,-0.8515067754818325,True,False,False,False,False,False,False,True,False,False,True,True
0.6301289415505114,1.1352850512701562,1.2417052265901989,False,True,True,True,False,True,False,False,False,True,False,False
-1.1147282801182177,-0.8551099589713108,0.1454970454102959,True,False,True,True,False,False,False,True,False,False,False,False
-0.5466352312028174,-0.8302662835122571,-1.469880621275624,False,True,False,False,False,False,False,False,False,False,True,False
-0.18143255690006022,-0.32957570391385616,-0.35217816203337027,False,False,False,False,False,True,True,False,False,True,False,False
0.8735973910856829,0.5283272312533974,0.01157115902180109,False,True,False,True,True,True,False,False,False,False,False,True
-0.34374485659017456,-0.2483048217712449,0.1669913234726471,False,False,True,False,True,False,False,False,False,False,False,False
0.26492626724775414,-0.6642128144430944,-1.5079089593859372,False,False,False,False,True,False,True,False,False,False,True,False
-0.18143255690006022,-0.7669029145846441,-1.5012953353667524,False,False,False,True,False,False,False,True,False,False,True,False
-0.5872133061253461,-0.41108651619698505,0.2843831498131796,True,False,True,True,False,False,False,False,False,False,False,True
0.021457817712582688,0.3447152382645349,0.9391319277124879,True,False,True,True,True,False,False,True,True,False,False,True
0.4272385669378685,0.5934791703194146,0.6663199369211094,False,False,False,False,False,False,True,False,True,True,False,True
1.5634246647686687,1.4276072097444656,0.4166556301968783,False,True,False,False,False,True,False,True,False,False,True,False
-1.277040579808332,-0.9843668692174499,-0.6497912428966922,True,False,False,False,True,False,False,False,False,False,False,False
-0.18143255690006022,0.29563861861319957,1.3475232108971578,True,False,True,True,True,False,False,False,True,False,False,True
-1.1958844299632747,-0.8917538349776412,0.3687068560577874,True,False,True,False,False,False,False,False,True,False,False,False
1.2388000653884401,0.8429628927958469,0.07605399320885428,False,True,False,False,True,False,False,True,True,True,False,True
-0.9524159804281033,-0.8281723477404668,-0.6861661750022092,False,False,False,True,False,False,False,False,False,False,False,False
1.2793781403109687,2.1659813112720223,1.5376649014487247,True,False,True,True,False,False,True,True,True,True,True,True
0.8330193161631543,0.324539294630097,-0.3323372899758154,False,False,False,False,True,False,True,False,False,True,False,False
0.5895508666279828,-0.5477376371372586,-1.4814544633091975,False,True,False,False,False,False,False,False,False,False,False,False
-0.34374485659017456,-0.2597124093613108,0.17691175950142443,False,False,False,True,True,True,False,True,False,True,True,True
-1.277040579808332,-0.9954472793431736,-1.4897214933331788,False,False,False,False,True,False,False,True,False,False,True,False
-1.277040579808332,-0.9955563384979543,-1.49798852335716,False,False,False,False,True,False,False,False,False,False,False,False
-1.277040579808332,-0.9843668692174499,-0.6497912428966922,False,False,False,True,False,False,False,False,False,False,False,False
-0.4249010064352317,-0.2657542865361641,0.3124910518947158,False,False,True,True,False,False,False,False,True,False,False,False
-0.059698332132474476,0.3335693926459426,1.2731199406813274,True,False,True,True,True,False,True,False,True,False,False,True
0.6301289415505114,-0.595505546931225,-1.4880680873283825,False,False,False,False,False,False,True,False,False,False,True,False
1.1982219904659115,0.8557446257361503,0.19179241354459062,False,False,False,True,False,True,True,True,False,True,True,False
-1.1147282801182177,-0.7986827522877532,0.6878142149834606,True,False,True,True,False,False,False,True,False,True,True,False
-0.38432293151270314,-0.7080327828339978,-1.144159638330766,False,False,False,True,True,False,False,True,False,True,True,False
1.3605342901560258,1.6381131903022597,0.8994501835973787,False,False,True,True,False,False,True,False,True,False,False,False
0.95475354093074,-0.3633404182339748,-1.322727486848759,False,True,False,True,False,False,False,True,True,False,True,False
-1.1958844299632747,-0.8898125820225439,0.7737913272328646,False,False,True,True,True,False,False,False,False,True,False,False
-1.3176186547308604,-1.0041283880637208,-1.491374899337975,False,True,False,False,True,False,False,True,False,False,True,False
-0.9118379055055746,-0.8138419748022768,-0.6332571828487299,False,False,False,True,True,False,False,False,False,False,False,False
0.3866604920153399,0.4720963310484452,0.42988287823524834,False,False,True,True,False,False,False,True,False,False,True,False
0.4272385669378685,0.9711510233251349,1.2053302944846818,True,False,True,True,True,False,False,False,True,False,False,True
-1.277040579808332,-0.980440739645343,-0.35217816203337027,True,False,False,False,True,False,False,False,True,False,False,True
-0.8712598305830461,-0.9104465741070609,-1.4880680873283825,False,False,False,False,True,False,False,True,False,False,False,False
1.6040027396911973,2.619274782202711,1.6401760737460909,False,True,True,False,True,True,False,True,True,True,True,True
0.8735973910856829,0.4240884911139611,-0.16368987748659955,False,True,False,False,False,True,False,True,True,True,True,False
0.9141754660082114,0.3534617824779507,-0.26950786179355857,False,True,False,False,False,True,False,True,False,True,False,True
0.8330193161631543,0.9664614796695629,0.6778937789546833,False,False,True,False,True,False,False,False,True,False,False,False
-0.14085448197753164,-0.03775521755153832,0.36540004404819515,False,False,True,True,False,False,False,False,True,False,False,False
0.30550434217028277,-0.665019852188472,-1.4814544633091975,False,True,False,False,False,False,False,True,False,False,True,False
-1.1147282801182177,-0.8095450441039155,0.6018371027340567,False,False,True,True,False,False,False,False,True,False,False,False
-1.1147282801182177,-0.7859664548403184,1.044949912019447,True,False,True,False,True,False,False,False,True,False,False,True
1.2388000653884401,1.8710199212520193,1.3078414667820482,False,False,True,False,True,True,True,False,True,True,False,True
-1.277040579808332,-0.9817712613336682,-0.4530359283259404,False,False,False,False,True,True,False,False,False,False,False,False
1.5634246647686687,2.3582526011504763,1.4649150372376902,True,True,True,False,False,False,False,True,True,True,False,True
-0.34374485659017456,-0.793513348351146,-1.4731874332852164,False,False,False,False,False,False,True,True,False,False,False,False
-1.074150205195689,-0.956447725593579,-1.4649204032612353,False,False,False,False,True,False,False,False,False,False,False,False
-0.38504547910681775,-0.04926256178992429,0.9826618054608746,False,False,True,True,True,False,False,False,True,False,False,False
-1.04244862865725,-0.7828345908771616,0.23271416865135822,True,False,False,True,False,True,False,False,False,False,False,True
-0.7642491609633401,-0.5132705153910734,0.31436090957394064,True,False,True,True,True,False,False,False,False,True,False,True
-1.277040579808332,-0.9953023244490032,-1.4787334523508464,False,False,False,True,False,False,False,False,False,False,False,False
-1.2364625048858033,-0.9278827946043138,0.9991559172142767,True,False,True,False,True,False,False,False,False,False,False,True
-1.0729859497059853,-0.8277889849426412,0.20402344065698416,False,False,True,True,True,False,False,True,False,False,False,True
-0.8758787318763617,-0.6174826373651339,0.48998526186228836,False,False,True,True,False,False,False,False,True,False,False,True
-1.277040579808332,-0.9667476487262029,0.6858015837038581,False,False,True,True,False,False,False,False,True,False,False,False
-1.277040579808332,-0.9845541801112428,-0.6639900030642166,True,False,False,True,False,False,False,False,False,False,False,False
-0.8234396891600653,-0.48059055588351146,1.0797885561624354,True,False,True,True,True,False,False,True,True,False,False,False
-0.74618461442548,-0.40355629686487726,1.1999365698985696,True,False,True,True,False,False,False,True,False,False,False,True
0.4967013020897749,0.9877016400596573,1.2205013033786452,True,False,True,True,True,False,False,True,True,False,False,True
-0.32289555582850343,-0.20755103492609137,0.301095254222816,False,False,False,False,False,True,True,False,False,True,False,True
-1.24902088973617,-0.9476774221536906,0.18501781824705654,True,False,True,True,True,False,False,False,False,True,False,False
-1.2518437662921675,-0.9646342888495253,-0.3321105079712609,False,False,False,True,True,False,False,False,False,False,True,False
1.265052993525172,1.7829015805181925,1.1479150965678704,True,False,True,True,True,False,False,True,True,False,False,True
-1.277040579808332,-0.9888921877108773,-0.9928247454802394,True,False,False,True,False,False,False,False,False,False,False,False
-1.277040579808332,-0.9831392143615546,-0.5567311089429985,False,False,False,True,False,False,False,False,False,False,False,False
1.5154778866828138,1.7899927070613006,0.8973059123285667,False,True,True,True,False,False,False,True,True,False,False,True
-1.277040579808332,-0.9738581442106717,0.14680346132097968,True,False,True,True,False,False,False,False,False,False,False,False
-0.13055378684540211,0.20388469408304716,0.990948884782133,True,False,True,True,True,True,False,True,True,False,True,True
-0.553078401236079,-0.3251131546828063,0.6790283260098747,True,False,True,True,True,False,False,False,True,False,False,False
0.38704113008898855,0.37472239142192354,0.29569332882865695,False,False,False,False,True,True,True,True,False,True,False,True
0.19109021299935006,0.058781754864575236,0.15584929842682244,False,False,False,True,True,False,True,False,False,True,False,True
0.025162728363923553,0.46600345772543855,1.2796060056906755,True,False,True,True,False,True,True,True,True,True,False,False
1.4506469902289123,2.457742635178604,1.728159022433724,False,False,True,True,True,True,True,False,True,True,False,True
-1.0597950111516254,-0.7954494578906082,0.5048148991836208,False,False,True,True,False,False,False,False,False,False,False,False
1.5951723615590843,2.245417197152339,1.2901764023407527,True,True,True,True,True,False,False,True,True,False,True,True
-1.277040579808332,-0.9735302151697085,0.17166152328587128,True,False,True,True,False,False,False,False,False,False,False,False
1.160757801487803,1.8403418887101703,1.4217218841890504,False,True,True,False,True,True,False,True,True,True,True,False
-0.106347249389485,0.19495760581085386,0.983742246935785,True,False,True,True,True,False,False,True,True,False,False,True
-1.244242107305991,-0.988625792710219,-1.485146721581186,False,False,False,True,True,False,False,False,False,False,False,False
-0.9774228396395621,-0.7229909744442963,0.37436404379281124,True,False,True,True,False,False,False,False,True,False,False,False
-0.6009273534436785,-0.4501810777884387,0.196835372658781,True,False,True,True,True,False,False,True,False,False,False,False
0.05901424916948872,0.5106029859536936,1.1704592295651701,True,False,True,True,False,True,False,True,True,False,False,False
-0.8246996702277309,-0.8991624892972001,-1.4946817113475674,True,False,False,False,False,False,False,False,False,False,False,False
-1.277040579808332,-0.9736570217763731,0.16204918008878696,True,False,True,True,True,False,False,False,False,False,False,False
-1.2240151826578842,-0.9796971149187376,-1.3300106019954832,False,False,False,True,False,False,False,False,False,False,False,False
-0.9671998540768455,-0.70446816176771,0.4812859003845045,True,False,True,True,False,False,False,False,False,False,False,False
-1.079028057250884,-0.8901461053526905,-0.5077337098452457,True,False,False,True,True,False,False,False,False,True,False,False
-1.1223803439274445,-0.8889287763211831,-0.4958379797072463,False,False,False,True,True,False,False,False,False,False,False,False
-0.8332521845891255,-0.7955688637645945,-0.6746208971801773,True,False,False,True,True,False,False,False,False,False,True,False
-1.0235956737959033,-0.8503618693887371,-0.5659334276350075,True,False,False,True,True,False,False,True,False,False,False,True
-0.765656949544183,-0.7702256612279244,-0.7486150664898094,True,False,False,True,False,False,False,True,False,False,False,False
-1.2288128043211914,-0.9558880215205778,-0.3382009582676253,True,False,False,True,True,False,False,False,False,False,False,False
-1.146455011950052,-0.8296722659671214,1.0874325233146804,False,False,True,True,True,False,False,False,True,False,False,False
-0.9456932361153212,-0.7025434526902284,0.31644030820216074,True,False,True,True,True,False,False,False,False,False,False,True
-1.2322986768353503,-0.9862090058714533,-1.488577068963024,False,False,False,True,True,False,False,False,False,False,False,False
0.2126873680227732,0.5800535379541731,1.1664840093222832,False,False,True,False,True,False,False,False,True,True,False,False
-1.277040579808332,-0.9732541989247974,0.19258443056837654,True,False,True,True,False,False,False,False,False,False,False,False
-0.5613901400564847,-0.29694353860770184,0.6776682273647181,True,False,True,True,True,False,False,True,True,False,False,False
-1.277040579808332,-0.9737833415923698,0.152473737169137,False,False,True,False,False,False,False,False,False,False,False,False
0.5580679676542082,0.9792997052378034,0.9951767045747371,True,False,True,True,False,False,False,True,True,False,True,False
-1.169334292459767,-0.8744308661297213,0.7836806173823594,True,False,True,True,False,True,False,False,False,False,False,True
-0.5488010655866855,-0.24673299451379208,0.8815081113170663,False,False,True,True,False,False,False,False,True,False,False,False
0.365921712054435,0.3565488838306255,0.34160673448022255,False,False,True,False,True,False,False,False,True,False,True,False
1.3143013626281546,1.9244862167084889,1.3034737696233434,True,False,True,True,False,False,True,True,True,False,True,True
-1.277040579808332,-0.964860039967905,0.8288883177772243,True,False,True,True,True,False,False,True,False,False,False,False
-1.010960186491157,-0.8523616116358909,-0.5812059705183499,False,False,False,True,False,False,False,False,False,True,False,False
-1.277040579808332,-0.9950914708646909,-1.4627500815308612,False,False,False,False,False,False,False,False,False,False,False,False
-0.3499878905949463,0.052662898923284726,1.1954520539830429,True,False,True,True,True,False,False,False,True,False,False,True
-1.222615324969239,-0.9564390198900397,-0.6742782720313074,True,False,False,True,True,False,False,False,False,False,False,False
-0.22538388315637128,0.22245244474338643,1.2876731478962862,True,False,True,True,False,True,True,True,True,False,True,False
0.11831973539202745,0.2920316926949821,0.6008491623652719,False,False,True,True,False,False,False,True,True,False,True,False
-0.8712598305830461,-0.6466833414460005,0.325125353741883,True,False,True,True,True,False,False,False,False,False,False,True
-1.277040579808332,-0.9737358885060894,0.1560708316982458,True,False,True,True,False,False,False,False,False,False,False,False
-0.5641495549623966,-0.15619657039860332,1.2940312783091188,True,False,True,True,False,True,False,True,True,False,True,False
-1.1863438453345907,-0.934679948701297,-0.6319339740301569,False,False,False,False,False,False,False,True,True,False,True,False
-1.2694519011023722,-0.9812694476745752,-0.718023153033695,True,False,False,True,True,False,False,False,False,False,False,False
-0.1866065737047844,0.2365053709638939,1.18261493806817,False,False,True,True,False,False,False,True,True,True,False,False
-1.2238291653010787,-0.962180547831396,-0.6800293587769526,True,False,False,False,True,False,False,False,False,False,False,False
-0.6683694559704032,-0.34474444228102963,0.9765318191151267,True,False,True,True,False,False,False,False,True,True,False,False
-0.7310672000741072,-0.5796836295846642,0.16796242496405542,True,False,True,True,False,False,False,False,False,False,False,False
-1.277040579808332,-0.9643065831438153,0.8708421013997472,True,False,True,True,False,False,False,False,False,False,False,False
-1.0910782128137677,-0.8872250509652521,-0.5294266303690156,True,False,False,True,True,False,False,True,False,False,False,False
-1.0501230263712267,-0.7944895177792132,0.29565236106333187,True,False,True,True,False,False,False,False,True,False,False,False
-1.1475421190307618,-0.855434256798146,0.44440329547100527,True,False,True,True,True,False,False,False,False,True,False,False
-1.0563854189476178,-0.7994721879475151,0.4644481875141181,True,False,True,True,False,True,False,False,True,False,True,False
-1.2389080395643584,-0.965019034720495,-0.6903107426319596,True,False,False,True,True,False,False,False,False,False,False,False
-0.24928640766259488,-0.08301124107062746,0.5097620259337556,True,False,True,True,True,False,False,False,True,True,False,True
0.29882502121243204,0.14365629511463435,0.07293864927196975,True,False,True,False,False,False,False,True,True,False,True,False
-0.899491519579023,-0.583546381711328,0.9538546280483515,True,False,True,True,False,False,False,False,True,False,False,True
-1.277040579808332,-0.9738360691448346,0.1484768213651089,True,False,True,True,False,False,False,True,False,False,True,False
-1.246882003689116,-0.9408353287477585,0.6482408791780874,True,False,True,True,True,False,False,False,False,False,False,False
-0.9583152734730047,-0.6142648647388385,1.0691011222371591,False,False,True,False,True,True,False,False,False,True,False,False
-0.9678433430774379,-0.7875083640111527,-0.4493756260059104,False,False,False,False,True,False,True,True,False,False,True,False
-1.277040579808332,-0.9953250010890753,-1.4804524136310269,False,False,False,True,True,False,False,False,False,False,False,False
-1.2551624531280774,-0.9727557985909252,-0.5024091912452588,True,False,False,True,True,False,False,True,False,False,False,False
-0.7893295803703428,-0.4529293290184275,0.9936481573593388,True,False,True,True,True,False,False,False,True,False,False,False
-1.2296048650015685,-0.981091669482968,-1.3267017096130371,False,False,False,True,False,False,False,False,False,False,False,False
0.3861307566268461,0.7462149649404417,1.0184041312582521,True,False,True,False,True,True,False,True,True,False,False,False
-0.6978388773997942,-0.33951967501856384,1.1856277795265062,False,False,True,True,False,True,False,False,True,True,False,False
-0.14085448197753164,0.24315980698186773,1.054047816219552,True,False,True,True,True,False,False,True,True,False,False,False
0.9280023243875335,1.705377044091242,1.4770154989159145,False,True,True,False,True,True,False,True,True,True,True,True
-1.155306355040746,-0.86499586243772,0.31014360197423574,False,False,True,True,True,False,False,False,True,False,False,False
-0.6854526827832759,-0.3586264928129831,0.9694204774538969,True,False,True,True,False,False,False,False,True,False,False,False
1.2906760820793604,1.3268088382282452,0.6347478026574421,True,True,True,True,True,True,False,True,True,False,True,False
-1.257772624014814,-0.9588553093312782,0.18492915778746918,True,False,True,False,True,False,False,False,False,False,False,False
-1.0726619569050277,-0.8061000639012456,0.32364446986661327,True,False,True,True,True,False,False,True,True,False,False,False
-1.272703720015504,-0.9673528860460557,0.33615655728646315,True,False,True,True,True,False,False,False,True,False,False,False
0.4799114784477513,0.9455038346199116,1.225330492221855,True,False,True,True,True,True,False,True,True,False,True,True
0.5561879540200092,0.1994051925107252,-0.19401543476389246,False,False,False,True,False,True,False,False,True,False,False,True
-1.2349581488515815,-0.9673244685905554,-0.6159795045412332,False,False,False,False,True,False,False,False,False,False,False,False
-0.40661502691456936,-0.19402273456999675,0.541803721070365,True,False,True,True,True,False,False,False,True,False,False,True
0.5344437246727163,1.0137938339338732,1.1500507985319373,True,False,True,True,True,False,False,True,True,False,True,True
-1.277040579808332,-0.9847594821746606,-0.6795525509830244,False,False,False,False,True,False,False,False,False,False,False,False
-0.6842238290672394,-0.4454714892378281,0.5288744024226736,True,False,True,True,False,False,False,False,False,False,True,False
-1.1999643879398632,-0.8872304669248425,0.8049994262908851,True,False,True,True,True,False,False,True,False,False,False,False
-0.8901463584754243,-0.5257256309044179,1.1216459470893985,True,False,True,True,True,False,False,True,True,True,False,False
-1.26087475439798,-0.9876953751312599,-1.3144471318592352,True,False,False,True,True,False,False,False,False,False,True,False
-0.9446295106731217,-0.9234373522823307,-1.4828089150884358,False,False,False,True,False,False,False,True,False,False,True,False
-1.277040579808332,-0.9716632001152514,0.3131871892554303,True,False,True,True,False,False,False,True,True,False,False,False
-0.83851806393533,-0.7707896063416381,-0.5527926298351604,True,False,False,True,False,False,False,False,True,False,False,False
-0.03632900001140909,0.2932104861455942,0.9261825695781185,True,False,True,True,False,False,False,True,True,False,True,False
1.063025102053992,1.0472791719135746,0.4933593853951911,True,False,True,True,False,False,False,False,True,False,False,True
-1.1814432562906527,-0.8868827648896801,0.49574950143575347,True,False,True,True,False,False,False,True,False,False,True,True
-1.1488082349904758,-0.968185877066739,-1.4774885821244166,False,False,False,False,False,False,False,False,False,False,False,False
-0.6845969327275068,-0.3284768421903085,1.1200140093840842,True,False,True,True,True,False,False,True,True,False,False,False
0.14563744518334712,0.32209079385615574,0.6606622312942824,False,False,True,True,False,False,False,False,True,True,False,True
-0.8274632136710024,-0.7100064958575646,-0.30905488680285054,True,False,False,False,True,True,False,False,True,False,False,True
0.8478833158985248,1.1618574279934577,1.019778272399439,True,False,True,True,True,False,False,False,True,True,False,True
-1.277040579808332,-0.9826269103195151,-0.5178968367953555,True,False,False,False,True,False,False,False,False,False,False,True
-1.1697022939878177,-0.8779470898631017,0.47308410896157027,True,False,True,True,False,False,False,False,False,False,False,False
-1.2598460972042311,-0.9693117087806263,-0.3093611046768287,True,False,False,True,False,False,False,False,True,False,False,False
0.41385590148218554,-0.3592391076274089,-1.012237640057183,True,False,False,True,True,True,True,True,False,False,False,True
0.8813506693307438,1.3454512694589464,1.1983697934925925,True,False,True,True,False,False,True,True,True,False,False,True
1.1676958614565425,1.6007019101956412,1.0495631061388488,True,False,True,True,True,False,True,True,False,False,True,True
1.1772156630022648,1.729249645019808,1.206313987174431,True,False,True,True,True,False,True,True,True,True,False,True
-1.162335164456065,-0.9092003484073693,-0.4690621739937505,True,False,False,True,True,False,False,False,False,False,False,True
-0.7975775413218963,-0.5829825233487796,0.30059930957597847,False,False,True,True,True,False,False,False,True,False,False,False
-0.9332166129586488,-0.788375402133888,-0.4855072970786978,True,False,False,False,True,True,False,False,True,False,False,True
0.37948699989505585,0.27342716411036216,0.176619466311822,False,False,True,False,False,False,False,True,False,False,True,False
-0.17263767305328287,0.2359546668953172,1.18589733256241,False,False,True,True,False,False,False,True,True,True,False,False
0.9159144168800036,1.4351190856849665,1.1816369895586425,True,False,True,True,True,False,False,True,True,False,False,False
-1.276081371492681,-0.9664615866462634,0.6531589868029556,False,False,True,True,True,False,False,True,True,False,False,False
-1.1377720008456202,-0.87915029808159,0.08617994496194836,True,False,False,True,False,False,False,False,True,True,False,False
-0.49880512827952417,-0.522488100646227,-0.3270815787260697,False,False,False,True,True,False,True,False,False,True,False,True
-1.1114932626631513,-0.8207329465280139,0.502037668791654,False,False,True,True,False,False,False,False,True,False,False,True
-1.0182997469379023,-0.7666718639239948,0.18433583198653047,True,False,True,False,False,False,False,False,False,False,False,False
-1.277040579808332,-0.9815352834790583,-0.43514805808728146,False,False,False,True,True,False,False,False,False,False,False,False
-1.0906055748493628,-0.8392797234466891,0.13950825235074293,False,False,True,True,False,False,False,False,False,False,False,False
-1.277040579808332,-0.973743238168701,0.1555137039486523,True,False,True,True,False,False,False,False,False,False,False,False
0.8726061109339629,1.3002412806071626,1.3015307751761958,True,False,True,True,True,False,False,True,True,False,False,True
0.2224574046454071,0.5329334531799246,1.0523090433760351,False,False,True,True,True,False,False,True,True,False,False,False
-0.5238645834464125,-0.28443233542013757,0.666823986746042,True,False,True,True,True,False,False,True,True,False,False,False
-1.277040579808332,-0.9885468638308065,-0.9666480995097031,True,False,False,True,True,False,False,False,False,False,False,False
0.27085892243162313,0.09829955701146367,0.022636461998355117,True,False,True,False,True,False,False,True,False,False,True,False
-1.277040579808332,-0.9737293611139789,0.15656562873444904,True,False,True,True,True,False,False,False,False,False,False,False
-1.1521693268032807,-0.8429688229805441,0.764518285915663,False,False,True,True,False,True,False,True,False,False,False,False
-1.2745568752096024,-0.9759681769558926,-0.15554903311807974,True,False,False,True,False,True,False,False,True,True,False,False
-1.277040579808332,-0.9697651681934897,0.4570640321965306,True,False,True,True,False,False,False,False,False,False,True,False
0.15253051672645457,0.671654697731789,1.3281625082578887,True,False,True,True,True,False,False,True,True,True,False,False
-0.03447118294633128,0.1830372336118848,0.6686136676196528,True,False,True,True,False,False,False,False,True,False,False,True
-0.5315034778101457,-0.20187948512193613,0.9954735886187199,True,False,True,True,False,False,False,True,True,False,False,False
-1.214212680748855,-0.9426188052569737,-0.18927980311795176,False,False,False,False,True,False,False,False,True,False,False,False
-0.33407680127476946,-0.18304700084056597,0.5090910535338794,True,False,True,True,True,False,False,False,True,False,False,True
-0.37268371906477815,-0.04466551683517053,0.9841987734347157,False,False,True,True,True,False,False,False,True,False,False,False
1.5505440729225688,2.3472750506648525,1.4483192315847315,False,True,True,True,True,False,False,True,True,True,False,True
-1.2147557263873539,-0.9135590861765771,0.4616441984502902,True,False,True,True,False,False,False,False,False,False,False,False
-1.249584300361142,-0.9704072789462109,-0.5906461798904947,True,False,False,True,True,True,False,False,False,False,False,False
-1.277040579808332,-0.9714481552921073,0.3294882692794553,False,False,True,True,False,False,False,False,True,False,False,False
-0.09763928189172397,0.17745432340394757,0.8954998747811209,True,False,True,True,True,False,False,True,True,False,False,True
-0.9090208196132138,-0.5508423602978831,1.1117284621759485,True,False,True,True,True,False,False,True,True,False,False,False
-1.198978068457209,-0.9709501436439405,-1.2644895770471356,True,False,False,True,True,False,False,False,False,False,False,True
-1.1607935303830443,-0.8635930588406208,0.6218725921984445,False,False,True,False,False,False,False,True,True,False,True,True
-1.2202602077190443,-0.9599842749604398,-0.6333249698487686,False,False,False,False,True,False,False,False,True,False,False,False
-1.0593791599410636,-0.9259085565823124,-1.0963580556989458,True,False,False,True,True,False,False,False,False,False,False,False
-1.2397097178230347,-0.9405023373243515,0.32138631710148335,False,False,True,True,True,False,False,True,True,False,False,False
-1.1683362681098755,-0.8794127987420175,0.5074585957587032,True,False,True,True,False,False,False,False,False,False,True,False
-1.1713951772220306,-0.8548915046993822,0.8095106995254676,True,False,True,True,True,False,False,False,False,False,False,False
-1.1200777342460606,-0.8427021530311618,0.32867021442084554,True,False,True,True,False,False,False,False,True,False,False,False
-0.09918085013393627,0.2629655899215297,1.1698504672412675,True,False,True,True,False,False,False,True,True,True,True,False
-1.1011753583505308,-0.8329003069701869,0.33950599883502885,True,False,True,True,True,False,False,True,True,False,False,False
-0.8313684069365294,-0.5244413746836474,0.7437791043786206,False,False,True,True,False,False,False,False,False,False,False,True
-1.114252653239295,-0.9003679177763756,-0.48311700691878506,True,False,False,False,True,False,False,True,False,False,True,False
-0.5466352312028174,-0.1444145686002844,1.231257993137012,True,False,True,False,True,False,True,True,True,True,True,True
0.28837366564096023,0.6765405469968979,1.0527353281236478,True,False,True,True,False,False,False,True,True,False,False,False
-1.2473921886616601,-0.9800687864422559,-0.9896250583832721,True,False,False,True,True,False,False,False,False,False,False,False
-0.19837522815967773,-0.2610930901078116,-0.20869419702961306,True,False,False,False,False,True,False,True,True,True,True,True
0.7170757656703899,1.0210111026251611,0.8291121740023487,False,False,True,True,True,False,False,True,True,False,False,True
-1.0893175143684617,-0.7966093904784355,0.5081160328082734,True,False,True,True,True,False,False,False,False,False,False,False
-1.277040579808332,-0.9735402532842116,0.17090060235128096,False,False,True,True,False,False,False,True,False,False,False,False
-0.09235747715347846,0.3765017847836793,1.2842854400808346,True,False,True,True,False,True,True,True,True,False,True,False
-1.277040579808332,-0.9953299314792742,-1.4808261528543503,False,False,False,True,True,False,False,False,False,False,False,False
-1.1067642142871579,-0.9025581599940686,-0.6706365086886087,True,False,False,False,True,False,False,False,False,False,False,False
-1.2016997038226724,-0.9012959748465265,0.5059961672458785,True,False,True,True,True,False,False,False,False,False,False,False
-1.0531868513582037,-0.7496129230882489,0.7553892213262073,False,False,True,True,True,False,False,False,True,False,False,False
0.10261396755763985,0.08142537710833661,0.24988706852013304,True,False,True,True,True,False,False,True,True,False,False,False
-1.0127829007685292,-0.8327268193366292,-0.4253808659686249,True,False,False,True,True,False,False,True,False,False,True,True
-0.8042074640894958,-0.4338597540767735,1.3015781050666035,True,False,True,True,True,False,False,False,True,False,False,True
-0.4641972622033975,-0.278167972237207,0.4128065624813728,False,False,True,True,True,False,False,False,True,False,False,True
0.9944084566933946,1.5023527258910356,1.1508814093261763,True,False,True,True,True,False,False,True,True,False,False,True
-1.1147282801182177,-0.8569057281690057,0.326851461753738,True,False,True,True,False,False,False,True,True,False,False,True
-1.277040579808332,-0.9730592029969672,0.20736574070385058,False,False,True,True,True,False,False,False,False,False,False,False
0.3621470941445635,0.6501767414744041,0.9022833906438927,True,False,True,True,False,True,True,False,True,True,False,False
-1.2240930080691736,-0.9765368314574158,-1.1584808884431297,True,False,False,True,False,False,False,False,False,True,False,False
-1.1534763249653113,-0.8692517260620582,0.2418539175369661,False,False,True,True,True,False,False,False,True,False,False,True
-1.277040579808332,-0.9694400951954162,0.48170559704692306,True,False,True,True,True,False,False,False,False,False,False,False
0.7859557075357706,0.9016516043468286,0.6338018542070011,True,False,True,True,False,False,False,True,True,False,False,True
-1.242872489701862,-0.9731081259696951,-0.6386376335045553,False,False,False,False,True,False,False,False,False,False,False,False
0.6386332852702072,1.1649928458469279,1.2728823224519186,True,False,True,True,True,False,False,True,True,False,False,True
-1.277040579808332,-0.97154457843018,0.3221790894214558,True,False,True,True,True,False,False,False,True,False,True,False
-0.7190004263440447,-0.8727229532057166,-1.4778529335571358,False,False,False,False,True,False,False,False,False,False,False,False
-1.2157457403889536,-0.9527673028813559,-0.6558259466616307,True,False,False,True,True,False,False,False,False,False,True,False
0.2441967980174834,0.7123872218725656,1.259605557274227,True,False,True,True,False,False,False,False,True,False,False,True
1.1258746136913866,1.764163625268834,1.3068389760985069,True,False,True,True,True,False,False,True,True,True,False,True
-1.259350818629296,-0.9864170535766638,-1.2178552221292878,False,False,False,True,True,False,False,True,False,False,False,False
-1.155306355040746,-0.9189612176747636,-0.6464203000369287,False,False,False,True,False,False,False,False,False,False,False,False
-0.5916152620158289,-0.35343662112303187,0.6710779708610124,True,False,True,True,False,False,False,False,True,True,False,True
0.7555401458245484,0.8805082780424175,0.637261370776737,True,False,True,False,True,True,False,True,True,False,True,False
-1.2663639782334308,-0.9631017052475978,0.30527749595657155,True,False,True,False,False,False,False,False,False,False,False,True
-0.4249010064352317,-0.026717119502228888,1.1238863608595588,False,False,True,True,True,True,False,False,True,False,False,False
-1.1289537758966146,-0.8403993120542825,0.5909239469850648,True,False,True,True,False,False,False,True,False,False,True,True
-0.942183459706804,-0.5911440975893795,1.1889109785847005,True,False,True,True,True,False,False,False,True,False,False,True
-1.277040579808332,-0.9737176574222686,0.15745280570694098,True,False,True,True,True,False,False,False,False,False,False,False
0.6436245379376555,0.6238322311801109,0.41909750867417384,False,False,False,False,True,True,True,True,True,True,True,True
-0.6110702141736147,-0.5661021631868686,-0.2817717210293137,False,False,False,True,True,False,False,False,True,True,False,True
-0.9032682284371188,-0.5548580514630798,1.1578538297117376,True,False,True,True,True,False,False,False,True,False,False,False
-1.2040482787550526,-0.9454352649864063,-0.5284174847037865,True,False,False,True,True,False,False,True,False,False,False,True
0.7455007563999886,1.0132452793570172,0.9627174478834561,True,False,True,True,True,True,False,False,True,True,False,True
-0.9785833288302037,-0.8355141054942319,-0.6547514609110809,True,False,False,False,False,False,False,False,False,False,False,False
-0.8734777189097598,-0.5882708727879169,0.6779339437194607,True,False,True,True,True,False,False,False,True,False,False,False
-1.27640415448425,-0.9816988641335713,-0.4733632677040322,False,False,False,True,True,True,False,False,False,True,True,False
-0.236849000509035,-0.04634746508719878,0.6568908106263864,True,False,True,True,True,False,False,False,True,False,False,False
-1.163767310314473,-0.8739067391493945,0.32454332896815774,True,False,True,True,False,False,False,False,True,False,False,False
-0.6683694559704032,-0.33758033446132363,1.0278210181595195,True,False,True,True,False,False,False,False,True,True,False,False
0.16960434416711215,0.6088480702669689,1.1353820329646718,True,False,True,True,False,False,False,True,True,False,False,False
-0.17081142322208237,0.11006546122398242,0.8162938506849672,True,False,True,True,False,False,False,False,True,False,False,False
0.06596723988040717,0.5019050939035271,1.1409962216928433,True,False,True,True,False,False,False,False,True,False,False,True
-0.9326097117582935,-0.5909582415288137,1.0080241908741145,True,False,True,True,False,True,False,False,True,False,False,False
0.2832422529830348,0.3892590834577188,0.5212689120062578,False,False,True,True,False,True,False,False,True,False,False,True
-1.277040579808332,-0.9716854387756619,0.3115014282234788,True,False,True,True,False,False,False,False,False,False,False,True
-0.9524159804281033,-0.6574366455556634,0.6147821143094352,True,False,True,True,False,False,False,False,True,False,False,False
1.268913551946249,2.0451788699630837,1.4660538551087443,False,True,True,True,True,True,False,False,True,True,False,False
-0.9008117691560252,-0.9168552808392981,-1.4869977479003764,False,False,False,False,True,False,False,True,False,False,False,False
-1.1880106748131996,-0.8934993772983141,0.2463553540576248,True,False,True,True,False,False,False,True,False,False,True,False
0.16264624509264305,0.20256914636820755,0.4115947392957825,False,False,True,True,False,False,False,True,True,False,False,False
-1.1037444138346086,-0.9003287939987037,-0.6390360168752796,True,False,False,True,False,False,False,False,True,False,False,False
-0.25320696705046697,0.11048555132520962,1.064035548002689,True,False,True,True,False,False,False,False,True,True,False,False
-1.277040579808332,-0.9952983204297119,-1.4784299349820829,False,False,False,True,False,False,False,False,False,False,False,False
-1.2479032559188101,-0.9406736542972732,0.46056051924075897,False,False,True,True,False,True,False,True,False,True,True,False
-1.1860387259624536,-0.9331825911498033,-0.48805992809996074,True,False,False,True,True,True,False,False,True,False,False,False
0.34901731931812374,0.536847407715342,0.6987685742520697,True,False,True,True,True,False,False,False,True,False,False,False
-0.492027132623734,-0.2374616215229185,0.6753304010203363,True,False,True,True,False,False,False,False,True,False,False,False
-0.683872614808339,-0.5000570132126003,0.48787292970752283,True,False,True,True,False,False,False,False,True,False,False,True
-1.2562265399195487,-0.9548812106794871,0.49466519903791567,True,False,True,True,True,False,False,False,False,False,False,False
-1.277040579808332,-0.9731648583904566,0.199356726587353,False,False,True,False,False,False,False,False,False,False,False,False
-0.49170596507525033,-0.3230761116764329,0.310935592344891,False,False,True,True,True,False,False,False,True,False,False,False
0.3988601072725682,0.6708755149008065,0.8487407381622634,False,False,True,True,True,False,False,False,True,False,False,False
-1.175074760287058,-0.8970358018436017,0.1676865007218091,False,False,True,True,False,False,False,False,False,False,False,False
-0.432582607345942,-0.16913351110943045,0.869924502721897,True,False,True,True,True,False,True,True,True,False,True,False
1.4743310424586284,1.8113465107340097,0.9843459433706631,False,True,True,True,False,False,False,True,True,False,False,False
0.9464266548296731,1.4923794996518747,1.1828915685121597,True,False,True,True,True,True,False,True,True,False,False,False
-1.277040579808332,-0.9794740951327731,-0.27890344040181053,True,False,False,True,False,False,False,False,True,False,False,False
-0.7880088857498098,-0.56665212206993,0.3331854751911809,False,False,True,True,True,False,False,False,True,False,False,False
0.3592365529737171,-0.4014520982441683,-1.0604666446831332,False,False,False,False,False,False,True,True,False,True,False,True
-0.34224813882473093,-0.4588637637583659,-0.3517106531051207,False,False,False,True,False,True,False,True,False,False,True,True
-1.277040579808332,-0.9843963459742913,-0.6520256746076958,True,False,False,False,True,False,False,False,False,False,False,False
1.5256203316569696,2.3588538057488906,1.4825627013623888,True,False,True,True,True,True,True,True,True,True,False,True
0.009386098702967034,0.04760828402327615,0.3078649575239032,False,False,True,True,False,False,False,False,True,True,False,False
-1.1378586972940772,-0.828049234784892,0.8554124187843922,True,False,True,True,False,False,False,True,True,False,False,True
0.3626330799966458,0.7346434780855607,1.0478463757355698,True,False,True,True,False,False,False,True,True,False,True,False
-1.0950922862734895,-0.8901090206091621,-0.6599117023999382,False,False,False,False,True,False,False,False,False,False,False,False
-1.277040579808332,-0.9719211998974542,0.29362998702018334,True,False,True,True,True,False,False,False,True,False,False,False
-0.5383519649212678,-0.4088828070227457,0.1692984515013391,True,False,True,True,True,False,False,True,False,False,False,False
-1.2244420984723234,-0.9273986840206223,0.4970095837502091,True,False,True,True,False,False,False,False,False,False,False,False
-0.004604751864110801,-0.7291038837703512,-1.5007379462700448,False,True,False,True,True,False,False,False,False,False,False,False
-1.277040579808332,-0.9640254890184433,0.8921499281354994,True,False,True,False,False,False,False,False,False,False,False,False
-1.2117870013644405,-0.9470162003354201,-0.3487425703899264,False,False,False,True,False,False,False,False,False,True,False,True
-1.124686079179681,-0.8693505347447809,0.15841998592309559,True,False,True,True,True,False,False,False,False,False,False,False
-1.2186699593129808,-0.9184071893905047,0.564637110799386,False,False,True,True,False,False,False,False,True,True,True,False
0.9263083963887636,1.588286653457832,1.3660721164072038,True,False,True,True,False,True,True,True,False,False,False,True
-0.8854208796938451,-0.7486613910003904,-0.3830598527611939,True,False,False,False,True,False,False,False,True,False,False,False
-1.2341710402541528,-0.9699812241278201,-1.158028446905005,False,False,False,True,True,True,False,False,False,True,False,False
-1.2388071288189797,-0.95906143270431,-0.5122057212466514,True,False,False,True,True,False,False,False,True,False,False,False
0.6122860247386932,0.7911812130729683,0.7295832115018401,True,False,True,True,False,False,False,True,True,False,False,True
-1.1506704104864043,-0.8309782697857491,1.093431094554652,True,False,True,True,False,False,False,True,True,False,True,True
1.484024717090732,2.1306061806081336,1.3075213413761602,False,True,True,True,True,True,False,True,True,True,False,False
-1.2712683742680606,-0.9915269031647419,-1.3009698756971022,False,False,False,True,True,False,False,False,False,False,False,False
-0.7066004557094732,-0.5617742794769559,0.1653857347707841,True,False,True,True,False,False,False,False,False,False,False,False
0.12223850910200298,0.24982555084956967,0.5842987402538546,False,False,True,True,False,False,False,True,True,False,True,False
-1.277040579808332,-0.9801208584950359,-0.32793015571962664,False,False,False,True,False,False,False,True,False,False,False,False
1.2637830656700124,1.7874215563870135,1.153891626575572,True,False,True,True,True,False,False,True,True,False,False,True
-0.7926313619895697,-0.4198469152266095,1.157940551515391,True,False,True,True,False,True,False,False,True,False,False,False
-0.6836881797457737,-0.3396782306887789,1.0599884261543706,False,False,True,True,True,False,False,False,True,False,False,True
0.18269783490802527,-0.5798058840438467,-1.2024111494158287,False,False,False,True,False,False,False,False,False,True,False,False
-1.2109818866468798,-0.9797916511680368,-1.4846080805216488,False,False,False,False,False,False,False,False,False,False,False,False
-1.2271117388916641,-0.9303500642156338,0.3637324365887224,True,False,True,True,True,False,False,False,True,False,True,False
1.0706536389563595,1.6682460382319004,1.3114575141555973,True,True,True,True,False,False,False,False,True,True,False,False
-0.1304411342207917,0.07086535341328426,0.6476497453927359,True,False,True,True,False,False,False,False,True,False,False,False
-0.34813401878466194,-0.23638437364156312,0.321092969214185,False,False,True,True,False,False,False,False,True,False,False,False
-1.277040579808332,-0.966750878358503,0.6855567673265007,True,False,True,True,True,False,False,False,True,False,False,False
-1.277040579808332,-0.9845670231588741,-0.6649635468311849,False,False,False,True,False,False,False,False,False,False,False,False
1.5320493551458827,2.39376579177895,1.5043052863207105,True,False,True,True,True,True,True,True,True,True,False,True
-1.277040579808332,-0.9954484216039601,-1.4898080803256701,False,False,False,False,True,False,False,False,False,False,False,False
-1.2691431729420581,-0.9627403881568949,0.4441305512550819,True,False,True,True,False,False,False,False,False,False,False,False
-1.155306355040746,-0.8663268524356318,0.29409941294194075,False,False,True,True,True,False,False,False,True,False,False,False
-1.1188303880054342,-0.8994245422136651,-0.6161067835373626,True,False,False,True,False,False,False,True,False,False,False,False
-1.256046039223379,-0.9742266822235968,-0.6510375630760719,True,False,False,True,True,True,False,False,False,False,True,False
-1.1661157706646097,-0.9724873136531181,-1.4801261622832662,True,False,False,False,False,False,False,False,False,False,False,False
-1.0960059534980529,-0.8280115768747454,0.45254694633106296,False,False,True,True,False,False,False,False,False,True,False,False
0.7184471309871825,1.3340502945171095,1.3558267192388327,False,True,True,True,True,True,False,True,True,False,True,False
0.3768280197887886,1.044748569621915,1.6397436092928197,True,False,True,True,False,True,False,True,True,True,False,True
-1.2184445226625946,-0.980332959287211,-1.3332587060379597,True,False,False,True,False,False,False,True,False,False,False,False
-0.790103680737989,-0.5878102723215366,0.5377952158413744,True,False,True,True,False,False,False,False,True,False,False,True
-0.815967533874863,-0.5638863240120544,0.5238674170163878,True,False,True,True,False,False,False,False,False,False,True,False
-1.277040579808332,-0.995289368008624,-1.4777513130537445,False,False,False,True,False,False,False,False,False,False,False,False
-1.2420261527974805,-0.9244445444537005,0.9563460817927548,True,False,True,True,True,False,False,False,True,False,False,False
-1.1958844299632747,-0.9257127967262342,-0.36196312362507166,False,False,False,True,True,False,False,False,False,False,True,False
0.8330193161631543,1.1647264654464755,0.9844643150471347,False,False,True,True,True,False,True,True,False,False,False,True
-0.1853672585130121,0.12721468332698643,0.9047210899907706,False,False,True,True,True,True,False,True,False,False,False,False
-0.40532602479943713,-0.0673172895948971,0.9494185608916141,False,False,True,True,True,False,False,False,True,False,False,True
-0.3823649383509849,0.01126291252986461,1.1465354078985717,True,False,True,True,True,True,True,True,False,True,True,False
-1.2445157468291568,-0.9422966282196921,0.3406497833765993,False,False,True,True,False,False,False,False,True,False,False,False
-0.5970551178575129,-0.24031764586440246,1.1542083807740255,False,False,True,True,True,False,False,False,True,True,False,False
-0.38333721248157954,-0.0462784172616897,0.912684097510641,False,False,True,True,True,False,False,False,True,False,False,True
-0.7089475308929317,-0.6651124085649488,-0.3159669066979663,False,False,False,True,True,False,False,False,True,True,False,True
0.926970192072899,1.377098154136357,1.1794646118891718,True,False,True,True,True,True,False,True,True,False,True,True
-0.7901787225770296,-0.42615479581021715,1.1736199645906378,True,False,True,True,True,False,False,False,True,False,False,True
-0.874891585364787,-0.5700536809039115,0.8687688721758192,True,False,True,True,False,False,False,False,True,False,False,True
-1.2404425071974614,-0.9901844511981338,-1.4740299876498397,False,False,False,False,True,False,False,False,False,False,False,False
-0.19456431401731406,0.041540831891045016,0.6915876391848396,True,False,True,True,True,False,False,False,True,False,False,False
-1.2181964470118698,-0.9027131418820774,0.8801071035162024,True,False,True,True,True,False,False,False,True,False,False,False
-0.722122254979818,-0.48159854921009965,0.570615592113558,True,False,True,True,False,False,False,True,True,True,False,False
-1.277040579808332,-0.9694720216311539,0.4792854719016926,True,False,True,True,True,False,False,True,False,False,False,False
-1.1031974859462625,-0.9107197798822168,-0.6874410157519314,True,False,False,True,True,False,False,False,False,False,False,False
1.0203685085690706,1.628403327435486,1.3363480334048432,True,False,True,True,True,False,False,True,True,False,False,True
-0.6255499612275117,-0.22679256519708604,1.230604403323605,True,False,True,True,False,True,False,True,True,False,False,False
-1.0368632744131054,-0.8444798468666848,-0.3836804658276136,True,False,False,True,True,False,False,True,False,False,True,True
-1.2683169650170478,-0.9589087080779646,0.6018101407033014,True,False,True,True,False,True,False,False,False,True,False,True
-0.7144936411956913,-0.4725898611845327,0.6677949151025904,True,False,True,True,True,False,False,True,True,False,False,False
-1.0777750700706528,-0.8157183514428833,0.3476105357420441,True,False,True,True,True,False,False,True,True,False,False,False
-0.700300480534662,-0.4143985730315287,0.6810923208652356,False,False,True,True,True,False,False,True,True,False,False,False
-0.1792502959177667,0.14339303418882815,1.002074312086356,True,False,True,True,True,False,False,True,True,False,False,True
-1.277040579808332,-0.9887782566519236,-0.9841884096593113,False,False,False,True,True,False,False,False,False,False,False,False
-1.013249616206728,-0.7378523029030942,0.6520582870941475,True,False,True,True,True,False,False,True,True,False,True,True
-1.2150363183166222,-0.9093256512820888,0.8025674211553232,True,False,True,True,True,False,False,False,True,False,False,False
-1.277040579808332,-0.9729437562895615,0.2161169674872585,True,False,True,False,True,False,False,False,False,False,False,False
-0.6355877173838368,-0.3584461865075831,0.8116184730544946,True,False,True,True,False,False,False,True,True,False,False,True
1.3605342901560258,2.1011467983010483,1.3277865003841633,False,True,True,True,True,True,False,True,True,False,False,True
-1.2551883720204045,-0.9543499473393766,0.18403493065108498,True,False,True,True,False,False,False,False,False,False,False,False
1.3716690337668418,1.230147146543445,0.42896646923902976,True,True,False,True,True,True,False,True,True,True,True,False
-1.1941040074075364,-0.9085664220655545,-0.19707729185527312,False,False,True,False,True,False,False,False,False,False,False,False
-0.8477054363631344,-0.5283334048207822,1.1275155570496176,False,False,True,True,True,True,False,False,False,True,False,False
-0.3770196122058892,-0.09341724136893204,0.8607613805375529,True,False,True,True,False,False,False,False,True,False,False,False
-1.1673797563495842,-0.8930911444757798,-0.018298263046479413,True,False,False,True,False,True,False,False,True,True,False,False
-0.2220106318225888,-0.5605295553315502,-0.9534640314117505,False,False,False,False,True,True,False,True,False,False,False,False
-1.2184143537055432,-0.9782504864727278,-1.3295895311239505,False,False,False,True,False,False,False,False,False,False,False,False
-0.4492752823000124,-0.24386391824370393,0.5715273207399536,True,False,True,True,True,True,False,True,True,True,False,False
-0.9438012021204112,-0.663429342320318,0.7263871375201103,False,False,True,True,True,False,False,False,True,False,False,False
-0.20320942041662626,0.11217080117106275,0.9887322911710386,True,False,True,True,True,False,False,True,True,False,False,True
-1.2494382460192301,-0.9486794498271438,0.23455092558180513,True,False,True,True,False,False,False,False,False,False,False,False
-1.1975754360461572,-0.9573112005834182,-0.9388631690803118,False,False,False,True,True,False,False,False,False,True,False,True
0.4980726264431091,1.0463757902165478,1.1896663497447233,True,False,True,True,True,False,False,False,True,False,False,True
-0.5357029745441823,-0.2610780777526617,0.8925090292510597,True,False,True,True,True,False,True,True,True,False,True,False
-0.7988788114986737,-0.42347376907037326,1.166675674142226,True,False,True,True,False,True,False,False,True,False,False,False
-0.17854109606206733,0.227028308511443,1.1967217489044746,False,False,True,True,False,False,False,True,True,True,False,False
-1.277040579808332,-0.964497875864488,0.8563415061187025,True,False,True,True,True,False,False,False,False,False,True,False
-1.0423975778673051,-0.7814594661921092,0.5066579894203967,False,False,True,True,False,False,False,False,False,False,False,False
-1.277040579808332,-0.9730887866386596,0.20512320678195584,False,False,True,True,True,False,False,False,False,False,False,False
-1.1815501678425893,-0.8837500009019895,0.3417670899762916,True,False,True,False,False,False,False,False,True,False,False,False
0.575850066616277,0.662089041693447,0.5763777463797217,True,False,True,False,True,True,False,True,False,False,True,False
0.14319204248016842,0.3290597704508623,0.6564806991474114,True,False,True,True,True,False,False,False,True,False,False,False
-1.1004415996692025,-0.9462175594777997,-1.3005122696074367,True,False,False,True,False,False,False,False,False,True,False,False
1.3049258640738708,1.8328460659426165,1.1473626582337775,True,False,True,False,True,False,True,True,True,False,True,True
-1.122243159746464,-0.9464102133265134,-1.175143906259756,True,False,False,True,False,True,False,False,False,False,False,True
-1.210014473271071,-0.908983175683408,0.9283337541282073,False,False,True,True,False,False,False,True,True,False,False,True
-1.2650624616699686,-0.960704911857155,0.4477184419478663,True,False,True,True,False,False,False,False,False,False,False,False
-1.0442575513629535,-0.741269628505774,0.7238299702237632,False,False,True,True,False,False,False,True,True,False,True,True
-1.2483566685098448,-0.9467833018443822,0.4701724191301718,True,False,True,False,False,False,False,True,False,False,True,False
-1.0981025732322842,-0.8070233832581987,0.48731385904697416,True,False,True,True,False,False,False,False,False,False,False,False
-0.8213327874829375,-0.390132931295778,1.581102848260317,False,False,True,True,True,False,False,False,True,True,False,True
-1.1147282801182177,-0.8378340928846855,0.4658041240281955,True,False,True,True,False,False,False,False,False,False,False,False
-1.1318311525875615,-0.9105443838959608,-0.616918863546791,True,False,False,False,False,False,False,True,False,True,True,True
-1.277040579808332,-0.9717397781251267,0.30738233309191515,True,False,True,True,True,False,False,False,False,True,False,False
-1.2676760994109224,-0.9656402993009864,0.15198386238987954,True,False,True,True,False,False,False,False,False,False,False,False
-1.028568129549034,-0.769634324452937,0.24628806082967925,True,False,False,True,False,True,False,False,False,False,False,True
-1.2305454538671756,-0.9830128475799971,-1.3321082139188505,True,False,False,True,False,False,False,True,False,False,False,False
-1.277040579808332,-0.9736970177121081,0.15901736123576515,True,False,True,True,True,False,False,False,False,False,False,False
-1.2364625048858033,-0.9637703272738666,-0.5017016686147184,False,False,False,True,False,False,False,False,False,True,False,True
-1.127304326035885,-0.8504486621901366,0.47287942265134103,True,False,True,True,False,False,False,False,False,False,False,False
0.4689648380239216,0.9155702695229121,1.1651096979265883,True,False,True,True,True,True,True,False,True,False,False,True
0.6178553700857677,0.4372609218278194,0.1358113218768757,False,False,False,False,True,True,True,True,False,True,False,True
0.28583070643753405,0.5050917729750685,0.7232870222932132,False,False,True,True,False,False,True,True,True,False,True,False
-1.194182130075774,-0.9372903624669882,-0.48029857768964973,False,False,False,True,False,False,False,False,True,False,False,False
-1.1984417594506258,-0.9436525115458014,-0.6428235507688165,True,False,False,True,True,False,False,False,True,False,False,False
-1.277040579808332,-0.988898778727618,-0.9933243654653232,True,False,False,True,False,False,False,False,False,False,False,False
-1.0355910622376374,-0.9143237662889344,-1.2951577118412207,False,False,False,False,True,False,True,True,False,True,False,False
-0.7827887914544378,-0.4049160181263441,1.170873705805658,True,False,True,True,True,True,False,False,True,False,False,False
-1.115491792970579,-0.8248048395092404,0.22364760679380616,True,False,True,True,True,False,False,False,False,True,False,False
-1.277040579808332,-0.9954017387112221,-1.4862693689112438,True,False,False,True,False,False,False,True,False,False,True,False
-1.1649035670850834,-0.8911364962915878,0.14934782740584412,True,False,True,False,False,False,False,False,False,False,False,False
-1.277040579808332,-0.9694627158225549,0.47999088172482507,True,False,True,True,True,False,False,False,False,False,False,False
0.07845580045440964,0.1576949244737435,0.34672578380871916,False,False,True,True,True,False,False,True,False,False,True,True
-1.277040579808332,-0.9793721460223098,-0.2711753743003201,True,False,False,True,False,False,False,False,True,False,False,False
-0.5048558409127362,-0.22640154666507886,0.8345059541731668,False,False,True,True,True,False,False,False,True,False,False,True
-1.2072802305757526,-0.8915918286348623,0.9963953120075209,True,False,True,True,False,False,False,False,True,False,False,False
-0.8986032379615544,-0.5415921005282294,1.1756656387916715,True,False,True,True,False,False,False,False,True,False,False,False
-0.24000053490435064,-0.19400735999947416,0.17929818731264885,False,False,True,True,False,False,False,False,False,False,False,False
-1.1958844299632747,-0.9265797035999591,-0.3575252753276332,False,False,False,True,True,False,False,False,False,False,True,False
0.30858157755477766,0.7524070389039506,1.0930978566045448,True,False,True,True,False,False,False,True,True,False,False,False
-1.277040579808332,-0.9834290588190713,-0.5787022386238848,False,False,False,False,True,False,False,False,False,True,False,False
-1.1602366984961883,-0.9233874223172013,-0.6518029393590279,False,False,False,False,True,False,False,False,False,False,False,False
-0.9877592704956201,-0.6836988475355593,0.6696267489307022,True,False,True,True,False,False,False,False,True,False,False,False
-0.8651937993156205,-0.7137147879849841,-0.21289241580117682,True,False,False,True,True,False,True,False,False,True,False,False
-0.10181604683471443,-0.0504839432308796,0.33208907120366155,False,False,True,True,False,True,False,True,False,False,False,False
-1.277040579808332,-0.9931443196742664,-1.3151498421485535,False,False,False,True,False,False,False,False,False,False,False,False
-1.25083482026663,-0.9403818353093369,1.001580849211528,True,False,True,True,False,False,False,False,True,False,False,False
1.435917006422373,2.440669281012297,1.7393626099907626,False,False,True,True,True,True,True,False,True,True,False,True
-1.277040579808332,-0.9735217079680717,0.1723063961669463,True,False,True,False,True,False,False,False,False,False,False,False
-1.277040579808332,-0.9690313835428221,0.5126872373314041,True,False,True,True,False,False,False,False,False,False,False,False
-1.0494277597500306,-0.7152327220640611,0.9702928676895569,True,False,True,True,False,False,False,False,True,False,False,False
-0.5685634549321509,-0.4120468836531196,0.17664413062752307,True,False,True,True,True,False,False,True,False,False,True,False
-1.1655418100558759,-0.8672113207203033,0.3430716523510228,True,False,True,False,False,False,False,False,True,False,False,False
0.46372480661198645,0.8297319975346571,1.0006080586794834,False,False,True,True,True,False,False,True,True,False,False,False
-0.8867451743360386,-0.6217710687048829,0.5643323748513052,True,False,True,True,True,False,False,True,True,False,False,False
-0.9780615586628834,-0.6792556996818891,0.6560724112299535,True,False,True,True,True,False,False,False,True,False,False,True
-0.8532600496293937,-0.7842611634310799,-0.6227957666451468,True,False,False,True,False,False,False,True,False,False,False,False
-1.2455338371508602,-0.9660273799123218,-0.5806123281756639,False,False,False,True,True,False,False,False,False,False,False,False
0.9801005279285891,1.5642028726850425,1.2744653738137295,False,False,True,True,True,True,True,False,True,False,False,True
-0.9497957479449088,-0.6004797146504274,1.185382657674734,True,False,True,True,True,False,False,False,True,False,False,True
-1.2585786480355983,-0.9753312604337729,-0.7020735430515194,True,False,False,True,True,False,False,False,False,False,False,False
-1.277040579808332,-0.995359363257249,-1.4830571750245432,False,False,False,True,True,False,False,False,False,False,False,False
-1.1629283702269189,-0.9234982508287484,-0.6110115938588845,False,False,False,True,False,False,False,False,False,False,False,False
-0.8499527336049401,-0.8026639600912264,-0.6729505075462616,True,False,False,True,False,False,False,True,False,False,True,False
-0.898462169623551,-0.8201377577999688,-0.6423417302907304,True,False,False,True,True,False,False,False,False,False,False,False
-1.11254395473121,-0.774944645999192,1.170657976705359,True,False,True,True,True,False,False,True,True,False,False,True
-0.9412967726852085,-0.8243411677361115,-0.6802763109927628,False,False,False,True,True,False,False,False,False,False,False,False
-1.1847050611264622,-0.87103184933452,1.0192305752222761,True,False,True,True,False,False,False,False,True,False,False,False
-0.7349391715498294,-0.4102104552693026,1.0550399727032822,False,False,True,True,False,True,False,False,False,True,False,False
-0.9925190733244361,-0.7522756485224497,0.34732870052748605,False,False,True,True,False,False,False,True,False,False,False,False
-0.9653439093566902,-0.7073809074810387,0.32485504163838574,True,False,True,True,False,False,False,False,True,False,False,False
-1.1364130779895356,-0.8035590817537341,1.0496084644924097,True,False,True,True,False,False,False,False,False,True,False,True
1.0339179698804974,1.13883363927314,0.7103332098626863,False,True,True,True,True,True,False,True,True,True,True,False
0.940088999520686,1.5581796190827246,1.3389574180453288,False,False,True,True,True,True,True,True,False,True,False,True
1.4602832029665367,2.2272563025239034,1.3829028597524924,False,True,True,True,True,False,False,True,True,True,False,True
-0.9688461686492369,-0.7428764446398222,0.18806489639995627,True,False,True,True,True,False,False,False,False,False,False,True
-0.8712598305830461,-0.5208635905660344,1.0756974456086315,True,False,True,True,False,False,False,True,True,False,False,True
-1.2391672732395982,-0.9850875314940166,-1.3438175752768236,True,False,False,True,True,False,False,False,False,False,False,False
-1.1095879679070502,-0.7846788892518526,1.034918559951218,False,False,True,False,True,False,False,False,False,False,True,False
-1.1995821451053506,-0.9034385897468671,0.47497684488430103,True,False,True,True,False,False,False,False,False,False,True,False
-0.3613261506710932,-0.05833160886908992,0.7877077530143796,True,False,True,True,True,False,False,False,True,False,False,True
-0.4557723182704445,-0.5644911135282386,-0.520879155946389,False,False,False,True,True,False,True,True,True,False,True,False
-0.8619103180634157,-0.7172634399202305,-0.2153313256008243,False,False,False,True,False,False,False,False,True,False,False,False
1.2812714361534305,2.008548076890824,1.3455766547234864,False,False,True,True,True,False,True,False,True,True,False,True
-1.277040579808332,-0.9732802092934851,0.19061276207976288,True,False,True,True,False,False,False,False,False,False,False,False
0.6779861203405951,1.1527940998222863,1.245642902870053,True,False,True,True,True,False,False,True,True,False,True,True
0.38134310949110495,0.8155703985511827,0.9663190094519637,True,False,True,True,False,False,False,True,True,False,True,False
-0.29914232531192186,-0.0458171198681652,0.8428928267527248,True,False,True,True,True,False,True,True,False,False,True,False
0.7912285120210802,0.15574108727639108,-0.4015332710954456,True,False,False,True,False,True,False,False,False,False,False,True
-1.1066155449069035,-0.7839695096806183,0.9526979534168779,True,False,True,True,True,False,False,True,False,False,False,True
-1.2687612065394949,-0.9557219770971109,0.989912982650053,True,False,True,True,False,False,False,False,True,False,False,False
-1.277040579808332,-0.9694403678218295,0.48168493109963323,True,False,True,True,False,False,False,False,False,False,True,False
0.24326336135039153,-0.08781302000228881,-0.3459943622147394,True,False,False,True,False,False,False,False,False,False,False,False
-1.277040579808332,-0.9715415126152344,0.32241148792349317,True,False,True,True,False,False,False,True,False,False,True,True
-1.081779886964202,-0.8148366539453762,0.38492820613078105,True,False,True,True,True,False,False,True,True,False,False,True
-1.277040579808332,-0.9736877296496588,0.15972142584445492,True,False,True,True,False,False,False,False,False,False,False,False
-1.277040579808332,-0.9955309913584292,-1.4960671297437749,False,False,False,True,True,False,False,False,False,False,False,False
-0.9524159804281033,-0.6648129176266204,0.6338293215009606,True,False,True,True,True,False,False,False,True,False,False,False
0.8285629555097904,0.4026499953717685,-0.15946840917472258,True,False,True,True,True,True,True,True,True,True,False,False
-0.10283919975975131,0.11758307762977444,0.7989599435939481,True,False,True,False,False,True,False,True,True,False,True,False
-1.159604955459889,-0.8848169600196025,0.17817513129066828,True,False,True,False,False,False,False,False,False,False,False,False
-1.277040579808332,-0.9733134447183918,0.18809341140154878,False,False,True,False,True,False,False,False,False,False,False,False
-1.0253558589324199,-0.8522056059666414,-0.49393376154500296,True,False,False,True,True,True,True,True,False,False,True,False
0.5929534615578962,1.0682530091349982,1.132341531308224,True,False,True,True,True,False,False,True,True,False,True,True
-1.277040579808332,-0.9952219692757036,-1.472642275213209,False,False,False,False,False,False,False,False,False,False,False,False
-1.277040579808332,-0.9737516385189551,0.15487693074146242,True,False,True,True,True,False,False,False,False,False,False,False
-1.2364625048858033,-0.9675359379896041,-0.6263973864330828,False,False,False,True,True,False,False,False,False,False,False,False
-0.7360232751589761,-0.7030113091446043,-0.5612037200867794,True,False,False,False,True,True,False,False,False,False,False,False
-0.9824476281971358,-0.8732870264052677,-0.8206894965134865,False,False,False,True,True,False,False,True,False,True,False,False
-1.2768918342859297,-0.9695826062758436,0.46310857986381826,True,False,True,True,True,False,False,False,False,False,False,False
-0.44193220742817596,-0.19944996124718634,0.676016924679409,True,False,True,True,False,False,False,False,True,False,False,True
-0.3410957957106104,0.043821548179173525,1.1307111454636736,True,False,True,False,False,False,False,True,True,True,False,False
-1.2544849272228171,-0.9522895173905651,0.35033918010140563,True,False,True,True,True,False,False,False,True,False,False,False
0.2289661484720137,0.33633769111568385,0.50646397298097,False,False,False,False,True,True,True,True,False,True,True,True
-0.79433739366556,-0.5572358483633484,0.6493228580929243,True,False,True,True,True,False,False,True,True,False,True,False
0.6460163006652666,0.8825880926819787,0.7408942754767389,True,False,True,True,False,False,True,True,True,False,True,False
-1.014859155359416,-0.8271072948524808,-0.3481490741798198,False,False,False,False,True,True,False,False,False,True,False,False
-1.2523381204953106,-0.977978101666031,-1.223369168860471,False,False,False,False,False,True,False,False,False,True,False,False
-1.1951008843133455,-0.9069968443712807,0.7235506155247777,True,False,True,True,False,False,False,False,False,False,False,False
0.25522085705699227,0.7024814848076065,1.2040498696627415,False,False,True,True,True,False,False,False,True,True,True,False
-1.2364625048858033,-0.9447476511505387,0.147188641545298,True,False,True,False,False,False,False,False,False,False,False,False
-0.1779006400072239,0.11296604561951301,0.7696690110018956,True,False,True,True,False,False,False,True,True,True,True,False
-1.1685416441887386,-0.89210334172845,0.1919840229270754,False,False,True,False,True,False,False,False,False,False,False,False
0.4296322134162895,0.9295183000530673,1.1687621546013385,True,False,True,True,True,False,False,True,True,False,False,False
-1.277040579808332,-0.9733963482787257,0.18180905843958092,True,False,True,False,True,False,False,False,False,False,False,False
-0.9088747556050222,-0.661439815232276,0.3737409082796624,True,False,True,True,False,True,False,False,True,False,False,False
-1.277040579808332,-0.9739408140204108,0.14053682739590748,True,False,True,True,False,False,False,False,False,False,False,False
-0.7048864340258991,-0.4926073319610405,0.43530964193011307,False,False,False,True,True,False,True,True,True,True,False,False
-0.17361815052280768,-0.026661801920842575,0.48447977984585605,True,False,True,True,True,False,False,False,True,True,False,True
-1.0483409494093225,-0.927099116291854,-1.2637151941406746,True,False,False,True,False,False,False,False,False,True,False,False
0.8330193161631543,1.1423253676648506,0.9767603862751225,False,False,True,True,True,False,True,True,False,False,False,True
-1.2495908131688722,-0.944342899063596,0.4883356346972446,True,False,True,True,False,False,False,False,False,False,False,False
-0.1804203368858865,0.2542986614894827,1.125876796511886,True,False,True,True,True,False,False,True,True,False,False,False
-0.7134620429588959,-0.38757310085642793,0.9957156311104468,True,False,True,True,True,False,False,True,True,False,False,False
-1.2222641886028953,-0.9287116905130739,0.19129606496279822,True,False,True,True,False,False,False,False,False,False,False,False
-1.277040579808332,-0.9951746695029853,-1.4690568023386457,False,False,False,True,False,False,False,True,False,False,True,False
-0.4560984514854183,0.009186570650562382,1.5035339212724301,True,False,True,True,True,False,False,True,True,True,False,True
-0.7972313327189265,-0.5156572251236172,0.8616307868407088,True,False,True,True,True,False,False,False,False,False,False,False
-1.1689792702703325,-0.8997067649993777,0.1570663985191707,True,False,True,True,True,False,False,False,False,False,False,False
-0.8625313640042128,-0.5163854997541115,1.10429848911006,False,False,True,True,False,False,False,False,True,False,False,False
-0.7457734764664417,-0.37875500044122856,1.1340821731951054,True,False,True,True,True,False,False,True,True,False,False,False
-1.2364625048858033,-0.9546960488504116,-0.47789037711176596,False,False,False,True,True,True,False,False,False,False,False,True
-1.277040579808332,-0.9716257465811399,0.3160262859972499,True,False,True,True,False,False,False,False,False,False,False,True
-0.371313722675652,-0.036589047170394316,0.9828483115037152,False,False,True,True,True,False,False,False,True,False,False,False
-0.3271001403724609,-0.37084787300097727,-0.22290658695405702,True,False,False,True,False,True,True,True,False,False,True,True
0.5344037925853451,0.05585277129077987,-0.38708534645751835,False,False,False,True,True,False,True,True,False,False,True,True
-1.1851749615519451,-0.8864668683408528,0.5024435817386239,True,False,True,True,True,False,False,False,False,False,False,False
-0.5373837788319149,-0.4150714825128353,0.1407458349653501,True,False,True,True,True,False,False,True,False,False,False,False
-1.0610162300426924,-0.7899478941351857,0.26115561781608915,True,False,True,False,False,False,False,True,True,True,False,False
-1.277040579808332,-0.9954034621333319,-1.4864000097763275,False,False,False,True,False,False,False,False,False,False,False,False
-0.053626155973747536,0.36471601745082616,1.2123157977949772,True,False,True,True,False,False,False,True,True,False,False,True
-1.276906470195321,-0.9714574330861152,0.3193806316070616,False,False,True,True,True,False,False,True,True,True,False,False
1.2577989911528564,1.8908874474835633,1.2704712173001549,True,False,True,True,True,False,False,True,True,False,False,True
-1.0394400771071837,-0.7323338096128957,0.951729736115392,False,False,True,True,False,True,False,False,False,False,False,False
0.07258745601223271,0.044751203494079184,0.18500927034818032,False,False,True,False,True,False,False,False,False,False,False,False
-1.1811212078098936,-0.8954780715480857,0.49225183004422557,True,False,True,True,False,False,False,True,False,False,False,False
-1.2045822746643378,-0.8849994644181289,1.0958452908239684,True,False,True,True,True,False,False,False,False,True,False,False
0.5175230443079449,0.604720081329615,0.528616485562554,True,False,True,False,True,True,False,True,True,False,False,False
-0.011808484937830908,0.5066840440130189,1.3622715480887722,True,False,True,True,False,False,False,False,True,True,False,True
-0.353595914727658,-0.09321743644312258,0.8116353134136468,True,False,True,True,False,False,False,False,True,False,False,True
-1.277040579808332,-0.9738421119914527,0.14801875441491574,False,False,True,True,False,False,False,True,False,False,True,False
1.2211754035624864,0.24743461373551096,-0.6590089452792763,True,False,False,True,True,False,True,True,False,False,False,False
-1.277040579808332,-0.9955012283732685,-1.4938110010178474,False,False,False,True,False,False,False,False,False,False,False,False
-1.0997568976760492,-0.8158247215786918,0.34014890908613094,True,False,True,True,False,False,False,False,True,False,False,False
1.54520747212735,2.2888340529384887,1.3100428365991665,True,True,True,True,True,False,False,True,True,False,False,True
-1.2634667556713302,-0.9856139449763329,-1.0905534843249818,True,False,False,True,True,False,False,False,False,False,False,False
-1.1489282830315195,-0.852940251670314,0.6281333072049636,False,False,True,True,False,False,False,False,True,False,True,True
-0.8761681066215038,-0.5520444041884788,0.8181132989008865,True,False,True,False,False,False,False,False,False,False,False,False
-1.277040579808332,-0.9841813615829025,-0.6357291755024879,False,False,False,True,True,False,False,True,False,False,True,False
-1.2659598920220996,-0.9748810738072244,-0.45673175653256537,False,False,False,True,True,True,False,False,False,False,False,False
-0.611170351241338,-0.455807535259877,0.2596623630946367,False,False,True,True,True,False,False,False,True,False,False,False
-0.7737690232281814,-0.5055550979119453,0.7723697070989779,True,False,True,True,True,False,False,False,True,True,False,False
-1.200698674035616,-0.9447570879375752,-0.638133545073691,True,False,False,True,True,False,False,False,True,False,False,False
-1.277040579808332,-0.9841576511142854,-0.6339318467378038,True,False,False,False,False,False,False,True,False,False,False,False
-1.1724327017785598,-0.8896185357399179,0.3178788071072586,True,False,True,True,False,False,False,False,True,False,False,False
-1.2667118569459175,-0.9799284775323108,-0.6929602050496466,False,False,False,False,False,False,False,True,False,False,True,False
-1.277040579808332,-0.9952544917381194,-1.4751075810720868,False,False,False,False,False,False,False,False,False,False,False,False
-1.254385667978667,-0.9559826265775605,0.20578696276855088,True,False,True,False,False,False,False,False,False,False,False,False
-0.39447649453295086,-0.4226969738892902,-0.23015832475506665,False,False,False,True,True,False,True,False,False,True,False,True
-0.3860909374064604,-0.0500329624332605,0.9492707873881846,True,False,True,True,False,False,False,True,True,False,True,False
-1.218246738578146,-0.9802891577612414,-1.333277510295797,True,False,False,True,False,False,False,True,False,False,False,False
0.2568463542533329,0.44310937992690397,0.6306107313884262,False,False,True,True,False,True,False,False,True,False,False,True
-0.7691495314000952,-0.4075697956513169,1.1780219945641957,True,False,True,True,True,False,False,False,True,False,False,True
-1.04490936318981,-0.7718493986647976,0.3236271905404549,True,False,True,True,False,False,False,False,True,False,False,False
-0.3443192550896388,-0.0871484104093166,0.7299250983162917,True,False,True,True,False,False,False,True,False,False,True,True
-1.277040579808332,-0.9955711500209943,-1.499111283806923,False,False,False,False,True,False,False,True,False,False,True,False
0.5017425837186187,1.1627384745603364,1.4628144049548957,False,False,True,True,True,True,True,True,True,True,False,False
-1.2580105095021215,-0.9637306176293234,0.14258667490149257,False,False,True,True,False,True,False,False,False,True,True,False
-0.9524159804281033,-0.6382298561904993,1.006287290139191,True,False,True,True,True,False,False,False,True,False,False,False
-0.8870761436704597,-0.5463127474914986,1.1296117447349803,True,False,True,True,True,False,False,True,True,False,False,False
-1.2419549129775374,-0.9644420613225019,-0.6648222472696034,True,False,False,True,True,False,False,False,False,False,False,False
-0.6277913810478746,-0.3103570108355208,0.9327456612430569,True,False,True,True,True,True,False,True,True,False,True,False
-1.277040579808332,-0.9844267287065849,-0.6543287821330306,False,False,False,True,False,False,False,False,False,False,False,False
1.2317580847635692,1.986396150546537,1.4108477103089334,True,False,True,True,True,True,True,True,True,False,False,True
-0.2430014218655787,0.06571674455963068,0.979723279006507,True,False,True,True,False,False,False,True,True,False,False,True
-1.277040579808332,-0.9951518694532515,-1.467328486214459,False,False,False,False,True,False,False,False,False,False,False,False
-0.9534178724596715,-0.6190547052536677,1.1594198493878065,True,False,True,True,True,False,False,False,True,False,False,True
-0.855720734238332,-0.5547443041299915,0.9191265440834062,True,False,True,True,False,False,False,True,True,False,True,True
-0.32321063009368545,0.1356843443976663,1.359465446986126,True,False,True,True,True,False,False,False,True,False,False,True
-1.1109242714629564,-0.818435625782418,0.5306883318459845,True,False,True,True,True,False,False,False,False,False,False,True
-1.1451802506466207,-0.85980114668727,0.3347955260098011,False,False,True,True,True,False,False,False,True,False,False,False
-0.9897784096106154,-0.6591744512804063,1.1995132146570273,True,False,True,True,True,False,False,False,True,False,True,True
-0.43924052252777873,-0.6380741601798294,-0.8314545607887934,True,False,False,True,True,False,False,False,False,False,False,False
-0.9788233992053478,-0.7002206303977754,0.5052905840317548,False,False,True,True,True,False,False,False,True,False,False,False
-1.2140057414618395,-0.9051698762968841,0.3297317262668562,False,False,True,True,False,False,False,False,True,False,False,True
1.3958074994004634,1.2915517550461806,0.4771605622552302,True,True,False,True,True,True,False,True,True,True,True,False
1.155626567406107,1.8417044524637824,1.385845671507015,True,False,True,True,True,True,True,True,True,False,False,True
-1.277040579808332,-0.9867383108079822,-0.8295540410630797,True,False,False,False,True,False,False,True,False,False,True,True
-0.5161270745954438,-0.09247655140597522,1.270024363957569,True,False,True,True,True,False,False,True,True,True,True,False
-1.0259789542168942,-0.7677379151113621,0.47529832474706835,True,False,True,True,False,False,False,False,False,False,False,False
-1.1676328844541493,-0.8582130801335749,0.6554367822857737,True,False,True,True,False,False,False,True,True,False,True,False
-1.277040579808332,-0.9734989201657575,0.17403378389785962,True,False,True,False,True,False,False,True,False,False,False,False
-0.6521495535003402,-0.39805699210374573,0.655700985864924,True,False,True,True,False,False,False,False,True,False,False,False
-1.277040579808332,-0.9821467844024163,-0.4815017686332464,False,False,False,True,False,False,False,False,False,False,False,False
-0.4492208013439968,-0.4842793449838462,-0.2888381080458807,True,False,False,True,False,True,True,True,False,False,True,True
0.2631551643889144,0.7341214691682095,1.2720013696878445,True,False,True,True,False,False,False,False,True,False,False,True
-1.0884934264792885,-0.8705738172704178,-0.6558632452145844,False,False,False,True,True,False,False,False,False,False,False,False
-0.06611258906052875,-0.7116910165169176,-1.4978674756325994,False,True,False,False,True,False,False,True,False,False,True,False
1.0537572191805944,0.11433579374620392,-0.7116049910546854,True,False,False,True,True,False,False,True,False,False,False,True
-0.5359408487445042,-0.35275295420238906,0.5390521900314167,False,False,False,True,True,False,True,False,True,True,False,True
-1.2706790073854497,-0.9581177464134786,0.8523142598850237,True,False,True,True,True,False,False,False,False,False,True,False
-1.277040579808332,-0.9727119125147161,0.23369146136053714,True,False,True,True,True,False,False,True,True,False,False,False
-0.420939241745182,-0.3168058879062927,0.34401305801438087,True,False,True,True,False,False,False,False,True,False,False,False
0.5910800726966567,1.068900726859867,1.200425714006936,True,False,True,True,True,False,True,False,True,True,False,False
0.3813479955738359,0.5365587696112109,0.6525525289815882,True,False,True,True,False,False,False,False,True,False,False,False
-1.2562215876208447,-0.9789014694224195,-1.1270564169384145,False,False,False,False,True,True,False,False,False,True,False,False
-0.9945147672225982,-0.6865570353227989,0.839941686914001,True,False,True,True,False,False,False,False,False,False,False,False
-0.45705468877163286,-0.12063593130627923,1.1749925494027271,True,False,True,True,True,True,False,True,True,False,False,False
-1.1958844299632747,-0.9570602624563874,-0.949340053588703,False,False,False,True,True,True,False,False,False,True,False,True
0.5895508666279828,1.2656247834556287,1.4641292162394315,False,False,True,True,True,True,True,True,True,True,True,False
-0.4654790813577603,-0.12813557858525731,1.0191963233176398,False,False,True,True,True,False,False,False,False,False,False,False
-0.3508224106435941,0.018621266709972762,1.0698599164609899,False,False,True,True,True,True,False,False,True,False,False,False
1.368810148904091,2.0613562116845854,1.3751334588425432,True,True,True,True,True,False,False,False,True,True,False,False
1.017390541545688,1.6516916030811029,1.362891968176319,True,False,True,True,False,True,True,False,True,False,False,True
-0.060710210328909185,-0.009127388055906488,0.28285612537618265,False,False,True,True,False,False,False,False,False,False,False,True
-1.172462014031676,-0.8501173912015103,0.9956742209654437,True,False,True,True,False,False,False,False,True,False,False,False
-0.6177645380861164,-0.26994474731604245,1.1533023469781987,True,False,True,True,True,True,False,True,True,False,False,False
-1.277040579808332,-0.97388216394912,0.14498268892164817,True,False,True,True,False,False,False,False,False,False,False,False
-1.1958844299632747,-0.9801011034734345,-1.48214615219345,False,False,False,True,True,False,False,True,False,False,False,False
-1.2383608211943138,-0.942395298785649,0.16060974749340654,True,False,True,False,True,False,False,False,False,False,True,False
-1.1599634549222293,-0.9048873796597456,-0.49112167635481546,False,False,False,False,False,False,False,True,True,False,True,False
-1.277040579808332,-0.9711078690400843,0.3552830470574244,True,False,True,True,True,False,False,False,True,False,False,False
-1.277040579808332,-0.9738209651794854,0.1496217498699644,True,False,True,True,True,False,False,False,False,False,False,False
-1.155306355040746,-0.8353415648091534,1.0962800275692501,True,False,True,True,True,False,False,True,True,False,True,True
-0.0665422144673208,0.39919735150242985,1.3056105642722258,True,False,True,True,True,False,False,True,True,True,False,False
-1.277040579808332,-0.9820732881589802,-0.475930520145599,False,False,False,True,True,False,False,False,False,False,True,False
-1.277040579808332,-0.9933493575346898,-1.3306923626419618,True,False,False,True,True,False,False,False,False,False,True,False
1.314895895002677,1.5957176078600743,0.9146001351801761,True,False,True,True,True,False,False,True,True,False,False,True
-1.2573725375544975,-0.9587203086292587,0.16031878867944038,True,False,True,True,False,False,False,True,False,False,False,False
-0.26974992776925016,0.12704067615850487,1.12592255483493,True,False,True,True,False,False,False,False,True,False,False,False
-0.36357603852526665,0.01823293006175275,1.1938462354609292,True,False,True,True,True,False,False,True,True,False,False,False
1.569512375384951,2.363023576566791,1.3482657369244708,False,True,True,True,True,False,False,True,True,False,True,True
-1.1141547486344174,-0.8320756205749557,0.670080512265169,True,False,True,True,True,False,False,True,True,False,False,False
-1.1086083859157005,-0.7852100531984813,0.981887394160154,True,False,True,True,True,False,False,False,False,False,False,True
-0.3437454330803142,-0.22302160380129896,0.3722079418502571,False,False,True,True,False,False,False,False,True,True,False,False
0.9302486902852788,1.4665542780968397,1.25480371171394,False,False,True,True,False,True,True,True,True,True,False,True
-1.277040579808332,-0.9681150351659368,0.5821493522668011,False,False,True,True,True,True,False,False,False,False,False,False
0.8685435455734155,1.4651469724893766,1.3496494139510637,False,False,True,True,True,True,True,False,True,True,False,True
-0.9929940553506318,-0.7492478205070422,0.23841888331115055,True,False,True,True,True,False,False,False,False,False,False,True
0.9678666133815592,1.455064225962503,1.3057091506676999,True,False,True,True,True,False,False,True,True,False,False,True
-0.01581232260850175,0.08163409175714487,0.3802403986566909,False,False,False,True,True,False,True,True,True,True,True,True
0.3476703001045882,-0.06314474017724528,-0.3111665136211721,True,False,False,True,False,True,False,False,False,False,False,True
-1.0769342264630226,-0.8165407167754393,0.14381753281456297,True,False,True,True,False,False,False,True,False,False,True,False
-1.155306355040746,-0.8679770236731011,0.41257020173557907,True,False,True,False,False,False,False,False,True,False,False,True
-0.2471971056595953,-0.10744823004217548,0.4189646595033404,False,False,True,True,True,False,False,True,False,False,False,True
0.8525924419887553,1.4968144880325507,1.3287521975727372,True,False,True,True,True,False,False,True,True,False,False,True
-0.6438480726475093,-0.3904942856615722,0.7707072758498453,False,False,True,True,True,False,False,True,False,True,False,True
-1.2572994685544143,-0.9753471749389822,-0.6916178853781261,False,False,False,False,False,False,False,True,False,False,True,False
-1.277040579808332,-0.9952932400503359,-1.4780448261031567,False,False,False,False,False,False,False,False,False,False,False,False
-1.277040579808332,-0.9815812452103351,-0.43863210317441237,False,False,False,True,False,False,False,False,False,False,False,False
-1.1472289405293363,-0.880883458780204,0.2912595523737107,False,False,True,True,False,False,False,False,True,False,False,False
-0.2982804451558372,-0.005334838729811442,0.7944285996268579,True,False,True,True,True,False,False,False,True,False,False,True
-1.224523796157584,-0.9230086024671058,0.35331978926225893,True,False,True,True,True,False,False,False,False,True,False,False
-1.1746861361540581,-0.8983435769610475,0.16876858590621313,True,False,True,False,False,False,False,False,False,False,False,False
0.008580332421391001,0.3607212824954781,1.001013048949001,False,False,True,True,True,False,False,False,True,False,False,False
-1.277040579808332,-0.9801271889348858,-0.32841002314945456,True,False,False,True,True,False,False,False,False,False,False,False
0.3261124353198703,0.04568099945926454,-0.23833231084422526,False,False,False,True,False,True,False,False,True,False,False,True
-1.237564906539746,-0.9583874977240759,-0.518973340906653,True,False,False,True,False,False,False,False,True,False,False,False
0.30639426525089486,0.15454362173918101,0.037345456644691556,True,False,False,True,False,False,True,True,True,True,True,True
-1.0929756473628918,-0.8182984907407906,0.3987253340755009,True,False,True,True,True,False,False,True,True,False,False,True
-1.1737824142352666,-0.8543411288148101,0.9356119324726072,True,False,True,True,False,True,False,False,False,False,False,True
-0.21271470556005712,0.1264375983112497,0.9826995367742775,True,False,True,True,False,False,False,False,True,False,False,False
1.4620682416752244,2.2521086599519946,1.4631458932376447,False,True,True,True,True,False,False,True,True,True,False,True
-1.022953493245007,-0.7397107151260457,0.637293781764542,True,False,True,False,False,True,False,False,False,False,False,False
1.4961957175490117,2.278567006877473,1.3526444845046866,True,False,True,True,False,False,True,True,True,True,True,True
-1.1670095848526945,-0.8419672414820091,0.9920008309378925,True,False,True,True,True,False,False,False,False,False,False,True
-1.1301649916848884,-0.8769058208973287,0.16438519197148468,True,False,True,True,True,False,False,False,False,False,False,False
-0.7726842047670888,-0.6124484770448793,0.03830749366052322,True,False,False,True,False,True,False,False,True,True,False,False
0.06636029963364662,0.40371446082602036,1.083498021133746,True,False,True,True,False,False,False,True,True,False,False,False
-0.9772213323636485,-0.8234114277238728,-0.5410967675593167,True,False,False,True,False,False,False,True,False,False,False,False
-0.5386529235345103,-0.3943969349928981,0.33154379430217945,False,False,True,True,False,False,False,False,True,False,False,False
-0.7210034256579368,-0.5826055223618315,0.06959020931696899,False,False,False,True,False,False,False,False,False,True,True,False
-0.9692271182367345,-0.6881229839748597,0.709521533183609,True,False,True,True,True,False,False,False,True,False,False,False
-0.971307516913404,-0.7237664811532614,0.4648609910101296,True,False,True,True,False,True,False,False,True,False,False,False
1.4892849545754034,2.262029658784308,1.3999195381695468,False,True,True,True,True,False,False,True,True,True,False,True
-1.1876841755913863,-0.9011213313068455,0.3148816926037852,True,False,True,True,False,False,False,False,True,False,False,False
-1.1721916268585788,-0.8922242193955094,0.29345857508560813,False,False,True,True,True,True,False,False,False,False,False,False
-0.28249389227257127,0.06708751153399894,1.1664596128297926,True,False,True,True,False,False,False,False,True,False,False,True
-0.8875281244951501,-0.537933534271516,1.1570614106718249,True,False,True,True,True,False,False,False,True,False,False,False
-1.2578120719021695,-0.9521652911195789,0.5475302052754476,True,False,True,True,False,False,False,False,False,False,False,False
-0.8712598305830461,-0.6471503207187285,0.326656100154806,True,False,True,True,True,False,False,False,False,False,False,True
0.1935263809479618,0.6324582299405765,1.1487018163485119,True,False,True,True,True,False,False,False,True,False,False,True
-1.148504789162013,-0.9039138860177607,-0.35680958393600715,True,False,False,False,True,False,False,False,True,False,False,False
-0.900247123885583,-0.5704420467116788,1.011639753242884,True,False,True,True,False,True,False,False,True,False,False,True
-1.029763604233061,-0.7750633293093027,0.30989525048743316,True,False,False,True,False,True,False,False,True,True,False,False
-1.1890151081463494,-0.9771510569483024,-1.4693468127837868,False,False,False,False,False,False,False,False,False,False,False,False
-1.2643359084276136,-0.9928982241120387,-1.4899939502928072,True,False,False,True,True,False,False,True,False,False,True,False
-1.2028131417491938,-0.8994001522071654,0.697477164719961,True,False,True,True,False,False,False,False,False,False,False,True
-1.2118702841019207,-0.9579719701216965,-0.7927862379723458,False,False,False,True,True,True,False,False,False,True,False,True
-1.277040579808332,-0.9694406832773875,0.48166101856726057,True,False,True,True,False,False,False,False,False,False,True,False
-0.3074684751575055,-0.3607522700373579,-0.2255849920747368,False,False,False,True,False,True,False,True,False,False,True,True
0.3445760638762384,0.45430072176327674,0.5253392048066591,False,False,True,True,True,False,False,True,False,False,True,True
-1.2426346038864342,-0.9408074648830511,0.5436683705538814,False,False,True,False,False,False,False,False,True,False,False,False
-0.6471638674524308,-0.3100448943397308,0.9836991977318379,True,False,True,True,False,False,False,False,True,False,False,False
-0.10338022909224878,0.45551317039051153,1.4171057607052882,True,False,True,True,False,False,False,False,True,True,False,True
-0.790103680737989,-0.5403967477721612,0.6304736568509066,True,False,True,True,False,False,False,False,True,False,False,True
-1.2293274056840318,-0.9617254773411399,-0.642979639782177,True,False,False,True,False,False,False,True,False,False,True,False
-0.9190761733032848,-0.6277792941886438,0.6891368897486873,True,False,True,False,False,False,False,True,True,True,False,False
-1.0749953285888787,-0.7892133661291855,0.6992330966244842,True,False,True,True,True,False,False,False,True,False,False,False
-0.6817088426601081,-0.32611941751771656,1.1144385931267733,True,False,True,True,True,False,False,True,True,False,False,False
-0.88821176689978,-0.6273162261557778,0.48735502098925854,True,False,True,True,True,False,False,True,False,False,True,False
-1.2364625048858033,-0.9638076703677497,-0.5663590519332194,True,False,False,True,True,True,False,False,False,False,False,False
-1.277040579808332,-0.9694624734511745,0.48000925424461105,True,False,True,True,True,False,False,False,False,False,False,False
-1.277040579808332,-0.9731916493283892,0.1973258884728991,False,False,True,False,True,False,False,False,False,False,False,False
-1.0744967929398732,-0.7401332419967707,1.1645509870879427,True,False,True,True,True,False,False,True,True,False,False,True
0.5253103730978178,0.6927195275321807,0.6136460244936031,True,False,True,True,False,False,False,False,True,False,False,True
-0.6166365948874781,-0.20025490301053492,1.3801368148423034,True,False,True,True,True,False,False,False,True,False,False,True
-1.216713147001468,-0.9172633383594646,0.44519897268712244,True,False,True,True,False,False,False,True,True,False,False,False
-1.1167746356788721,-0.8595096319898161,0.31077510984221873,True,False,True,True,False,False,False,True,True,False,False,False
0.4257046689296059,0.9548092976499727,1.3306242457850546,True,False,True,True,False,False,False,False,True,False,False,True
0.6470825072537468,1.208112020421122,1.3473875878698398,False,False,True,True,True,False,False,True,True,True,True,True
0.036380669803883325,0.4643003322311284,1.1063977108532834,True,False,True,True,False,False,False,True,True,False,True,False
-1.277040579808332,-0.9732407358421089,0.19360497496031687,True,False,True,True,False,False,False,False,False,False,False,False
1.5846697416452755,2.4914094004864817,1.451260739555299,True,False,True,True,True,False,True,True,True,True,False,True
0.24802421730543542,0.7476085210774792,1.1977037244795732,True,False,True,True,True,False,False,True,True,True,False,False
0.5388139804187994,1.0878574754164825,1.2048053063551873,False,False,True,True,True,False,False,False,True,False,False,True
-1.2364625048858033,-0.9374476688195958,0.4527721321478649,True,False,True,True,False,False,False,True,True,False,False,False
-1.0633339000830322,-0.7012046688354133,1.3475657994058907,False,False,True,True,True,False,False,False,True,True,False,True
0.033470194942973513,0.10683230486420557,0.26613458239107574,False,False,False,True,True,False,True,False,True,True,True,True
1.411721778362779,2.0888108433642882,1.2570761325544262,True,False,True,True,False,True,False,True,True,False,True,True
-1.2387734124743055,-0.961418876181638,-0.42168879161359746,False,False,False,False,False,False,False,True,False,False,False,False
-1.277040579808332,-0.9714634995040742,0.3283251293185891,True,False,True,True,True,False,False,False,True,False,True,True
-0.9307030864437459,-0.5814944418550968,1.169375947286798,True,False,True,True,True,False,False,False,True,False,False,False
1.2772714415413617,1.9145185367652093,1.28081118338208,False,False,True,True,True,False,True,False,True,True,False,True
-0.5872133061253461,-0.6724558917235844,-0.6589684354775476,True,False,False,True,False,False,False,True,False,False,False,False
-1.1347824698303866,-0.8812071640870865,0.16607849790002419,True,False,True,True,True,False,False,False,False,False,False,False
-1.270071265105729,-0.9682023761284402,0.173705820090422,True,False,True,True,False,False,False,True,False,False,False,False
0.8330193161631543,1.2896732708352985,1.1134369824916548,False,False,True,True,False,True,True,True,False,False,False,True
-1.277040579808332,-0.9953306400714005,-1.4808798663862104,False,False,False,True,False,False,False,False,False,False,False,False
-1.0562986968199408,-0.7910224223938918,0.3454277108557254,False,False,True,True,True,False,False,False,True,False,False,False
-1.2029458990861586,-0.8938416752606605,0.6353746313903768,True,False,True,False,False,False,False,False,False,True,False,False
-0.9970777304941741,-0.72201358982475,0.7151006841166921,True,False,True,True,True,False,False,False,True,False,False,False
0.26328271120276875,0.3408297537698925,0.4568269702621627,False,False,False,False,False,True,True,True,False,True,True,True
-0.8652474558850499,-0.5054284456434331,1.1418376327697153,False,False,True,True,False,True,False,False,True,True,False,True
-1.1976627330442406,-0.9416307909519565,-0.45055248172122686,True,False,False,False,True,False,False,False,False,False,False,False
0.7013542033897373,1.3181437730902414,1.3890756154544055,False,False,True,True,False,True,True,True,False,True,False,True
0.9236056099392924,-0.053932098827203734,-0.8792032504446405,True,False,False,True,True,False,False,True,False,False,False,True
-0.7599029584726351,-0.531939299476449,0.5246658667118904,True,False,True,True,True,False,False,True,False,False,False,False
0.09704607551061706,0.4401629110000076,1.0182261467035358,True,False,True,True,True,False,False,True,True,False,False,True
-1.224481823931972,-0.9311244208440366,0.164156764229036,True,False,True,False,True,False,False,False,False,False,True,False
-1.2235949987456496,-0.9375533876517828,0.05228860642227773,True,False,True,False,False,False,False,True,False,False,True,False
-1.1982146529083852,-0.9354985187606095,-0.2564214119972178,False,False,False,False,True,False,False,False,True,False,False,False
-1.275344817026868,-0.9723750146924269,0.16425687580278708,False,False,True,False,False,False,False,False,False,True,False,False
-0.6347184922767732,-0.541573071233797,-0.04682272575261777,False,False,False,True,False,True,False,False,True,False,False,False
0.2089774518953913,0.40085284258408516,0.6425961393594063,False,False,True,True,False,False,False,False,True,True,False,True
-0.6003533972730449,-0.3172759657376801,0.7681421821875131,True,False,True,True,False,True,False,False,True,False,False,True
0.47800336805083504,0.9256206664231876,1.0996755870213302,True,False,True,True,True,False,False,False,True,False,False,False
-1.277040579808332,-0.972252122701945,0.2685449882794054,True,False,True,False,True,False,False,False,False,False,False,False
-1.271388772352682,-0.9793541498966302,-0.49123522384304785,True,False,False,True,True,False,False,False,True,False,False,False
-0.5253461750219608,-0.24770887724479174,0.8834708996878986,True,False,True,True,True,True,False,False,True,False,False,False
-1.1599624934753252,-0.8850751366504208,0.1711871623239795,True,False,True,True,True,False,False,True,False,False,False,False
-0.7789915649996076,-0.46734357975614543,0.9253213107238636,True,False,True,True,True,True,False,False,False,False,False,False
-0.8363915827422694,-0.6299019014901044,0.3097231142492395,True,False,True,True,False,False,False,False,False,False,False,False
-1.2657080937669583,-0.9610338292412411,0.3833487117675886,False,False,True,True,False,False,False,False,False,False,False,False
-1.2190759213690197,-0.9299181127223678,0.359371721493127,True,False,True,True,True,False,False,True,True,False,False,False
-1.202575894149549,-0.9102358496753049,0.47952466978013,True,False,True,True,False,False,False,False,False,False,False,False
-0.9606320687680403,-0.7450883509674615,0.17207708215607123,True,False,True,True,False,False,False,False,False,False,False,False
-1.2206622689905704,-0.9303948037485197,0.3161124764853661,True,False,True,True,False,False,False,False,True,False,False,False
0.694960125183303,0.8698299877444754,0.7717676384584414,False,False,True,False,True,False,False,False,True,True,False,False
-0.6074147078663135,-0.36605499325958357,0.6712538461010953,True,False,True,True,False,False,False,False,True,True,False,True
-1.2400399002823947,-0.9642592089383938,-0.6497912428966922,False,False,False,True,False,False,False,False,False,False,False,False
-0.7462378380300635,-0.8795708367853796,-1.4890140662690148,False,False,False,False,False,False,True,True,False,False,True,False
-0.9318656791004265,-0.653031718571518,0.5180784093095434,False,False,True,True,False,False,False,False,False,False,False,False
-1.1645267849527803,-0.9326860782864255,-0.9879362058072696,False,False,False,False,True,True,False,True,False,True,False,False
-1.2079845818114965,-0.9514728552491974,-0.664429549093222,True,False,False,False,False,False,False,True,False,False,False,False
-1.1911965842530559,-0.8925417648329601,0.3477521522857835,True,False,True,True,True,False,False,False,False,True,False,False
-1.1820854341380864,-0.8686168806435886,0.9809292327718669,True,False,True,True,False,False,False,False,True,False,False,False
-1.1869921738637346,-0.9096316897479833,0.167217583101075,True,False,True,True,False,False,False,False,False,False,False,False
-1.0929794401816981,-0.8480948912747256,-0.3051879773059909,True,False,False,False,False,True,False,False,False,False,False,True
1.0601571477530525,1.6209676009690615,1.276547751611452,True,False,True,True,True,False,False,True,True,False,False,True
-1.2088157740676715,-0.9763022200967024,-1.1902736763554378,True,False,False,True,False,False,False,False,False,False,False,False
-1.277040579808332,-0.995464249407049,-1.4910078780282414,True,False,False,True,True,False,False,False,False,False,False,False
-1.277040579808332,-0.9737073001973433,0.15823791622419733,False,False,True,True,False,False,False,True,False,False,False,False
1.3727804024111563,2.0709683917412534,1.331407781423067,False,False,True,True,True,False,True,False,True,True,False,True
-1.277040579808332,-0.9734673069191557,0.1764301683126989,True,False,True,True,False,False,False,False,False,False,False,False
-0.4800894338976765,-0.5126592849392884,-0.3263189836169139,False,False,False,True,True,False,True,False,False,True,False,True
-1.201614120970823,-0.9740016336715607,-1.3351829095336836,False,False,False,True,False,False,False,False,False,False,False,False
-0.9977010453899944,-0.6857027609118965,0.9868425679339686,True,False,True,True,True,False,False,False,False,True,False,False
-0.663734009299571,-0.39819243535047166,0.8406423983199958,False,False,True,False,True,True,False,True,True,False,False,True
-0.8929808914326217,-0.6408963999309125,0.39730582606027126,False,False,True,True,False,True,False,False,True,False,False,False
-1.1873580278747737,-0.9283891416955258,-0.3250998594632306,True,False,False,True,False,True,False,False,False,False,False,True
-1.0108250647483263,-0.7709778102769672,0.35789798582149174,False,False,True,True,True,False,True,True,False,False,True,True
-1.277040579808332,-0.9644695459411758,0.8584890042087878,True,False,True,False,False,False,False,False,False,False,False,False
-1.277040579808332,-0.9957168833445018,-1.5101583322032952,False,False,False,True,True,False,False,False,False,False,True,False
-1.201973172572333,-0.8843536015271076,1.0164151973414766,True,False,True,True,True,False,False,False,False,False,False,False
-1.0978655116945122,-0.7805439895658883,1.0741090150729478,True,False,True,True,False,False,False,False,True,False,False,True
-0.4466256568320617,-0.11402523735204564,1.1646567068514875,True,False,True,True,True,True,False,False,True,False,False,False
0.8629705730920924,1.2921755502866323,1.1215843671049728,False,False,True,True,True,False,True,True,True,False,False,True
-1.277040579808332,-0.9736562156511867,0.16211028693610885,False,False,True,False,False,False,False,False,False,False,False,False
-0.3916296451352223,0.07047380641369563,1.37096861643586,True,False,True,True,True,False,False,False,True,False,False,True
-1.277040579808332,-0.9933226088241742,-1.3286647254997137,True,False,False,True,True,False,False,False,False,False,True,False
-0.5796401362722365,-0.2153599602357228,0.9893064161036023,False,False,True,True,False,False,False,True,False,False,False,True
0.1343052662774923,0.370522267326461,0.774843212208685,True,False,True,True,True,False,False,True,True,False,False,False
-0.8524092053818562,-0.5079110263436653,0.9976043709601412,True,False,True,True,False,False,False,False,True,False,False,False
-1.1895771198854292,-0.9372975902850861,-0.431773333662542,True,False,False,False,True,False,False,False,False,False,False,False
-1.277040579808332,-0.9843751956326735,-0.6504224115939381,True,False,False,False,True,False,False,False,False,False,False,False
0.1974750039535263,-0.35896403074617583,-0.8104345883641436,True,False,False,True,True,True,True,True,False,False,True,True
-1.277040579808332,-0.9655990259664298,0.7728708339686644,True,False,True,True,False,False,False,False,False,False,False,True
-1.217824933259069,-0.9774225946528525,-1.3239771462195309,True,False,False,True,True,False,False,False,False,False,False,False
1.164072036191221,0.35485826078800303,-0.45706305662612096,True,True,False,True,False,False,False,True,False,False,False,True
-0.8810754164694306,-0.6426254418947687,0.3679358993103365,True,False,True,True,False,False,False,False,True,False,False,False
-0.3452548523303825,-0.01803771137302896,0.9460326764445777,True,False,True,True,False,False,False,True,True,False,False,False
-1.258018878184432,-0.9771243779731847,-0.6456572526173913,False,False,False,False,True,False,False,False,False,False,False,False
-0.1452716823911953,0.2878978104405117,1.1703324789161953,True,False,True,True,True,False,False,False,True,False,False,True
1.0774875175767304,1.706706935898194,1.30560545498976,True,False,True,True,True,False,False,True,True,False,False,True
-1.2649792417773236,-0.9611814163140038,0.47572882251023824,True,False,True,True,True,False,False,False,False,False,False,False
-0.4167328746614469,-0.2169998457594457,0.4251031136131071,True,False,True,True,True,False,False,False,True,True,True,False
-0.9348890118853566,-0.6453917196443579,0.9825256424564526,True,False,True,True,False,False,False,False,True,False,False,False
1.294560148364433,2.0146888804953487,1.3401931899911221,True,False,True,True,False,False,False,True,True,False,True,True
-1.277040579808332,-0.9735075505742725,0.17337957154442707,True,False,True,True,False,False,False,False,False,False,False,False
0.5521959230921678,1.1192938320922639,1.342430374145006,False,False,True,True,True,False,True,False,True,False,False,True
0.48101941718600383,0.9086326635642347,0.9826189342765461,True,False,True,True,False,False,False,True,True,False,True,False
-1.0995972726933647,-0.8151419923746024,0.5246314779569264,True,False,True,True,False,False,False,True,False,False,False,False
-1.2683002652094153,-0.9665593502020212,0.16426951129018627,True,False,True,False,True,False,False,False,False,False,True,False
-1.277040579808332,-0.9713388066237435,0.3377772453517891,True,False,True,True,True,False,False,False,True,False,True,True
-1.277040579808332,-0.9735751802802054,0.16825302521656316,True,False,True,True,True,False,False,False,False,False,False,False
1.5731435263879654,2.3508245669977814,1.4081760869460398,False,True,True,True,True,False,False,True,True,True,False,True
-1.228126886888185,-0.9254022878412377,0.7340388668068454,False,False,True,True,True,True,False,True,True,True,True,False
-1.2756337271275207,-0.9682332029231515,0.47809130015886436,False,False,True,True,False,False,False,False,True,False,False,False
-0.7798950691510705,-0.46888617601799987,1.0991903627901434,True,False,True,True,False,False,False,False,False,False,False,True
-1.2364625048858033,-0.9412410978043715,0.5190989097511104,True,False,True,True,False,False,False,False,False,False,False,False
-1.2075955793950224,-0.8906213962998227,0.8523385689684558,True,False,True,True,True,False,False,False,True,False,False,False
0.38492004246178785,0.9782434803661664,1.3128726016585202,True,True,True,True,True,False,False,False,True,False,False,True
0.2243481923252256,0.407344204631097,0.6273747626369568,False,False,True,True,False,True,False,False,False,True,False,True
-0.8653716005769618,-0.652085360013194,0.3328829236151231,True,False,True,True,False,False,False,False,True,False,False,False
-1.1631318188232265,-0.9581767295207686,-1.2636568044295207,True,False,False,True,True,True,False,False,False,False,False,False
1.472940995392104,2.1749232387492343,1.3663335285453249,False,False,True,True,True,True,True,False,True,True,False,True
-1.1996929778988619,-0.8895154373721839,0.767637579476765,False,False,True,True,True,True,False,True,True,True,True,False
-1.277040579808332,-0.97090408455225,0.3707305579310765,True,False,True,True,True,True,False,True,True,False,False,False
-0.9396096146692006,-0.6033130286457271,1.16062549640585,True,False,True,True,True,False,False,False,True,False,False,True
-1.2701133667607427,-0.9599474653633095,0.6559541600175065,True,False,True,True,False,False,False,False,False,False,False,True
0.5267462808790326,0.6930157854185466,0.612578255049637,True,False,True,True,False,False,False,False,True,False,False,True
0.20114677098517839,0.6863859619878353,1.2203846244021628,True,False,True,True,False,False,False,True,True,True,False,False
-1.1118965226436541,-0.788405627925839,0.9824568064927774,True,False,True,True,True,False,False,False,False,False,False,True
0.9773385149831337,1.6413553925509157,1.3420384234138314,True,False,True,True,False,False,False,True,True,False,False,True
-1.277040579808332,-0.9842178827618386,-0.638497596763265,True,False,False,True,False,False,False,False,False,False,False,False
-1.277040579808332,-0.9713424466089523,0.33750132292171675,True,False,True,True,True,False,False,False,True,False,False,False
0.4127634722326591,0.030076052326323516,-0.3013159253182111,False,False,False,True,True,False,True,False,False,True,False,True
-1.2447342181259897,-0.9468999960625987,0.3263446799987115,False,False,True,True,True,False,False,True,True,False,False,False
-1.1378615630701896,-0.9676030479534055,-1.4769732709431853,False,False,False,True,False,False,True,True,False,False,True,False
-1.277040579808332,-0.9726886670609547,0.23545354052347384,False,False,True,True,False,True,False,False,False,False,True,False
-1.2031370005785242,-0.9726833775386314,-1.2055528337389256,False,False,False,True,False,False,False,False,False,False,False,False
-0.975776398232702,-0.8166487443883064,-0.5303270265383109,False,False,False,True,False,False,False,False,False,True,False,True
-1.1312964232572325,-0.8544502194568276,0.34724124403900536,False,False,True,True,True,False,False,False,True,False,False,False
0.9953316158532686,0.0584199008161015,-0.719246945617503,True,False,False,True,True,False,False,True,False,False,False,True
-1.277040579808332,-0.9737699116841185,0.15349176683347396,True,False,True,True,False,False,False,False,False,False,False,False
1.485278704673083,1.8346837255426847,0.9157125940016382,False,True,True,True,True,False,False,True,True,False,False,True
1.3605342901560258,2.0055287505570836,1.1777485979215738,False,False,True,True,True,False,False,True,True,True,False,True
-0.31876951112937807,0.020361517091125693,0.9500275204482854,True,False,True,True,True,False,False,False,True,False,False,True
-1.277040579808332,-0.9824356369694492,-0.5033977098677578,False,False,False,True,False,False,False,False,False,False,False,False
-1.031813995038484,-0.8502328100056209,-0.5529604926810522,True,False,False,True,False,False,False,True,False,False,False,False
-1.1167356347727133,-0.8299908544925874,0.6122191827684518,True,False,True,True,False,False,False,True,False,False,True,True
-0.8549229245053197,-0.4866164457520386,1.3026883566662937,True,False,True,True,True,False,False,False,True,False,False,True
-0.962820445708083,-0.8152826876705564,-0.6596693114956259,False,False,False,True,True,False,False,False,False,False,False,False
0.8304766698465007,1.414527603221016,1.3142189272013944,False,False,True,True,True,False,True,False,True,False,False,True
1.21105215524423,1.9773380569894805,1.552980407755879,False,True,True,True,False,True,False,True,True,True,True,True
1.2333254558198128,1.9509306555564419,1.3469253226611633,False,False,True,True,True,False,True,False,True,True,False,True
-0.7908164883237041,-0.5386734122438881,0.668814568060573,True,False,True,True,True,False,False,True,True,False,False,False
1.061804463771299,0.09716310130401531,-0.7394760967458174,True,False,False,True,True,False,False,True,False,False,False,True
-0.5332412307858604,-0.11190030392847497,1.3706334845786268,True,False,True,True,True,False,False,False,True,False,False,True
-0.7237662366138531,-0.5213305909507473,0.37928761147440554,False,False,True,True,True,False,False,False,True,False,False,False
-1.277040579808332,-0.9953321118245015,-1.480991429941776,False,False,False,True,False,False,False,False,False,False,False,False
-1.277040579808332,-0.968741599220165,0.5346538085990936,True,False,True,True,True,False,False,False,False,False,False,False
-1.1854880925501352,-0.8802789128715227,0.7695081374306466,False,False,True,True,True,False,False,False,False,True,False,True
-0.2616214912100015,-0.54480632481288,-0.726927811250629,True,False,False,True,False,False,False,True,False,False,False,False
-0.3125247297870514,-0.218318899736817,0.16908541798919705,False,False,True,True,True,False,False,True,False,False,True,False
1.5960454720115624,0.6774143875414154,-0.3869352002125037,True,True,False,True,True,False,False,True,False,False,False,True
-0.24460773864897511,0.22143103118032745,1.3340089009760945,True,False,True,True,True,False,False,True,True,False,False,True
-0.9182472267819929,-0.5985779311478527,0.8861716954668774,False,False,True,True,True,False,False,True,False,True,False,True
-1.0265914967757592,-0.7886222213146307,0.1604933151652533,True,False,True,True,True,False,False,False,False,False,False,False
-1.277040579808332,-0.9733504486671141,0.1852883946589572,False,False,True,True,True,False,False,True,False,False,True,False
-1.2741361883074127,-0.9639821537343184,0.6961358649358,True,False,True,True,False,False,False,False,False,False,False,True
-1.275174629662038,-0.9678777290809146,0.48765071434229107,True,False,True,True,False,False,False,False,False,False,False,False
0.08483518645979127,0.4761634277994064,1.0016929959097112,True,False,True,True,True,False,False,True,True,False,False,False
-0.6426922030360311,-0.3822867068902362,0.8404317283240096,False,False,True,True,True,True,False,True,True,False,False,True
-1.0807872435812227,-0.7569886386639554,1.0042883295806742,True,False,True,True,False,False,False,False,True,False,False,False
1.467845338577482,2.3167692353154457,1.4883094715366292,True,False,True,True,True,False,True,True,True,True,False,True
-1.1958844299632747,-0.9767402884375931,-1.492027711383606,True,False,False,False,False,False,False,False,False,False,False,False
0.34555402925377754,0.17360637205529558,0.11887464112695204,True,False,True,True,True,True,True,True,True,True,False,False
1.383393487282078,2.0782078145679903,1.3297644948576919,False,False,True,True,True,False,True,False,True,True,False,True
-1.2007348705146117,-0.9446122531031419,-0.10782114349783872,True,False,False,False,True,True,False,False,False,False,False,False
-0.9053378347654388,-0.6072824077206307,0.8502946690640886,False,False,True,True,False,False,False,False,False,False,False,False
0.17662349346073447,0.4610977933726641,0.9610901413918458,True,False,True,True,False,False,False,True,True,False,True,False
-1.1659085254894934,-0.9290053830766307,-0.5286119208628457,True,False,False,True,True,True,False,False,False,False,True,False
-1.1803457263639578,-0.8949049129746215,0.49127229229792424,True,False,True,True,False,False,False,True,False,False,False,False
1.0045703015723761,-0.06608994121678079,-0.8416122255549703,True,False,False,True,True,False,False,True,False,False,False,True
-0.5311793439109547,-0.1907714030305844,1.154605492760012,True,False,True,True,True,True,False,True,True,False,False,False
1.2799796647201935,2.0192223243546774,1.373487509214569,True,False,True,True,False,False,True,True,True,False,True,True
0.08219873629007415,0.29907599366694715,0.7113778215165153,True,False,True,True,False,False,False,False,True,False,True,False
1.012740112503416,1.7185291900935322,1.3660145439342757,True,False,True,True,False,False,True,True,True,False,False,True
-1.1630553445161906,-0.8968856126987993,0.1887436209463368,False,False,True,True,False,False,False,False,True,False,False,False
-1.115894195499323,-0.8077447327884663,0.9131499516252437,True,False,True,True,True,False,False,False,True,False,False,False
0.8490260422393072,1.1622691775409006,0.9951992287477884,False,False,True,True,True,False,True,True,True,False,False,True
-1.032677514353518,-0.7230689796932448,0.5573278963011487,True,False,True,True,True,False,False,False,False,True,False,False
-1.277040579808332,-0.9647390457487186,0.838060063558252,True,False,True,True,True,False,False,False,False,False,False,False
0.26492626724775414,-0.08306065167050476,-0.3711068539488919,True,False,False,True,False,True,False,True,False,False,False,False
-1.155306355040746,-0.8826529000901173,0.12928830170841404,False,False,True,False,True,False,False,False,True,True,True,False
-0.9043399701850198,-0.6501450232434183,0.33689644187289736,True,False,True,True,False,True,False,False,True,False,False,False
-1.2190924395197174,-0.9835079445629156,-1.490191384485886,False,False,False,True,True,False,False,False,False,False,False,False
-0.8959274539062144,-0.6671319817463149,0.23720290373429484,True,False,True,True,True,False,False,True,True,False,False,False
-1.277040579808332,-0.9737393274310636,0.15581015027201492,True,False,True,True,True,False,False,False,False,False,False,False
-1.277040579808332,-0.9735776998028605,0.16806203740378062,True,False,True,True,True,False,False,False,False,False,False,False
-1.277040579808332,-0.9953588046514544,-1.4830148309326245,False,False,False,True,False,False,False,False,False,False,False,False
-1.2625297208344246,-0.9697067931693392,-0.3384906966318016,False,False,False,True,True,False,False,False,False,False,False,False
-1.2353828526385424,-0.9642753972910958,-0.5196690173475598,True,False,False,True,True,False,False,False,False,False,False,False
0.28336472209493135,0.13293202621833894,-0.05353412608267605,False,False,True,True,False,True,False,True,False,False,False,True
-1.2645907277722341,-0.9503106643860405,0.9754598572011536,True,False,True,True,False,False,False,False,False,False,False,False
1.4822685149236117,2.198248520839721,1.3901630213230858,False,True,True,True,True,False,False,True,True,True,False,True
-0.3466439411757989,-0.14965409869268081,0.6603362407718802,True,False,True,True,True,False,False,False,True,False,False,False
-1.1721536337063383,-0.862233387905842,1.0133136417559032,True,False,True,True,False,False,False,False,True,False,False,True
-1.2491800828575765,-0.9368546222573726,0.9606262057748391,True,False,True,True,True,False,False,False,True,False,False,False
-1.0255138710366232,-0.717594012042881,0.8947680648205325,True,False,True,True,False,False,False,False,False,False,False,False
0.6457043845048902,1.2053889268013867,1.3302876662586869,False,False,True,True,True,False,True,False,True,False,False,True
-1.1367931557979554,-0.8640937090414197,0.24686310792896607,True,False,False,True,True,False,False,False,False,True,False,False
-0.783824836729932,-0.5621754842049655,0.3428228482042905,False,False,True,True,True,False,False,False,True,False,False,False
-1.2007953915004619,-0.9275309344736089,-0.4113546791120072,False,False,False,False,True,False,False,False,False,False,False,False
-0.5285243731703433,-0.21997945493739068,0.8875457266112035,False,False,True,True,False,False,False,False,True,False,False,False
-1.1657854941570045,-0.8835618794312612,0.16652538160579805,True,False,True,False,False,False,False,False,False,False,False,False
-1.039334838936169,-0.7322090705473034,0.9580140777389671,True,False,True,True,True,False,False,False,True,False,False,False
0.6999889720413839,1.2272152254930389,1.2801938396545796,False,False,True,True,True,False,True,False,True,False,False,True
0.19033685368642023,0.5165229610625,1.037471770252691,False,False,True,True,True,True,False,True,True,False,True,False
-0.9524159804281033,-0.6704607737378059,0.6426095845170652,True,False,True,True,False,False,False,False,True,False,False,False
-1.2097971599450672,-0.9082475439317812,0.5342172774490703,True,False,True,True,True,True,False,False,False,False,False,False
-0.9234156488750462,-0.6801881296052436,0.36493285535506903,True,False,True,True,False,False,False,False,True,False,False,False
-1.0188861137689806,-0.7502696526339176,0.5051993577162426,False,False,True,True,False,False,False,False,False,False,False,False
-1.0817513544016157,-0.7716075453619068,0.9752972341003759,True,False,True,True,True,False,False,False,True,False,False,False
-1.2364625048858033,-0.9638042790769832,-0.5666351648021728,True,False,False,True,True,True,False,False,False,False,False,False
-1.0962402674671543,-0.9404595958938808,-1.2639192543337916,True,False,False,True,True,False,False,False,False,False,False,False
-1.1041723339041798,-0.9551697402622057,-1.490514668048545,False,False,False,False,False,False,False,True,False,False,False,False
-1.1081432865553082,-0.8331784775359459,0.3089328277403342,True,False,True,True,False,False,False,True,False,False,True,False
-1.0643225378960208,-0.8012802196499321,0.331560951684952,True,False,True,False,True,False,False,False,True,False,False,False
1.3787110810066874,1.559903284489685,0.7638266896978986,True,False,True,False,True,True,True,True,True,False,True,True
-0.5031734616891572,-0.5271918778095914,-0.3479901011051046,True,False,False,True,False,False,False,True,False,True,True,True
-0.9563742374335032,-0.6092780597234975,1.1783108192855367,True,False,True,True,True,False,False,False,True,False,False,False
0.6030316831000302,1.2252146532622619,1.3776969884802455,False,True,True,True,True,False,False,True,True,True,True,False
-1.090304238719037,-0.822218274890176,0.31571699454570223,True,False,True,True,False,False,False,True,False,False,True,False
-0.9872264044920681,-0.8415060161500373,-0.5214222716147844,True,False,False,True,False,True,False,False,False,False,False,False
1.4393152813644454,2.176688560071857,1.333560443200613,True,False,True,True,True,False,False,True,True,False,False,True
-1.1742885528443323,-0.8871508774994963,0.5251722776829338,True,False,True,True,False,False,False,False,False,False,False,False
0.35805460103319753,0.882541236731261,1.2856735882172452,True,False,True,True,True,False,False,False,True,False,False,True
-1.0984157537378683,-0.8022774345082391,0.7145133482001805,True,False,True,True,False,False,False,False,True,False,False,False
-0.9603205480581669,-0.6572801963083722,0.895916487016447,True,False,True,True,False,False,False,False,False,False,False,True
-0.5996372375977066,-0.30143383739316626,0.7763947912456585,True,False,True,True,False,False,False,False,True,True,False,False
-0.8556379402867638,-0.535589896733518,1.1372474560556258,False,False,True,True,True,False,False,False,True,True,False,False
-0.2399200737270511,0.09775241335304335,0.8948931909508933,False,False,True,True,False,False,False,False,True,False,False,False
1.1751603964558568,1.4706732776726164,0.897663316575971,False,False,True,True,False,True,False,True,True,False,True,True
-1.277040579808332,-0.9669951104392954,0.667043200549011,True,False,True,True,False,False,False,False,True,False,False,False
-1.1976343616446217,-0.9078118792375073,0.5384059077521967,True,False,True,True,False,False,False,False,True,False,False,False
-1.0520775028551468,-0.7169437891919812,1.0605573433253526,True,False,True,True,False,False,False,False,False,False,False,True
-1.0241403475732551,-0.720195833264816,0.9869645364558285,True,False,True,True,True,False,False,False,True,False,False,False
-0.8595005790959921,-0.48451136735947425,1.168723657624379,True,False,True,True,False,True,False,True,True,False,True,False
-0.5318310058509919,-0.20652761336821868,0.9894405559102902,True,False,True,True,False,False,False,False,True,False,False,False
-0.9453612192691455,-0.6374063774062613,0.773931828224172,True,False,True,True,True,False,False,True,True,False,False,False
-1.1271578922214218,-0.8550399711906288,0.3246151492495798,False,False,True,True,True,False,False,False,True,False,False,False
0.06836366359564211,0.28674217370207705,0.7116596854579842,True,False,True,True,False,False,False,False,True,False,True,False
-1.2096508887910133,-0.9816884675561226,-1.4718883884537062,False,False,False,False,False,False,False,True,False,False,True,False
0.6952510294179429,0.8602430646244666,0.6438121916181793,True,False,True,False,True,True,False,True,True,False,True,False
-0.9027393379190514,-0.6207209804315694,0.689686769291326,False,False,True,True,True,False,False,False,False,True,False,True
-1.2308018107349699,-0.9288393087242318,0.5267467306645917,True,False,True,True,False,False,False,False,False,False,False,False
-1.1891188666714059,-0.9526982136204241,-0.9115738750962387,False,False,False,True,True,True,False,False,False,True,False,True
-1.2420634786713498,-0.9601588990823373,-0.23352404554096057,True,False,False,True,False,True,False,False,False,True,True,True
-0.8071763340757853,-0.7378931906667298,-0.5574436880990812,True,False,False,False,True,True,False,False,False,False,False,False
0.8396902499588221,1.5074954976117776,1.4184258017079245,False,False,True,True,True,True,True,False,True,True,False,True
1.196100729182469,1.3882028329751248,0.8033797682647356,True,False,True,True,True,False,False,True,True,False,False,True
1.4173000074266666,1.7292802121773236,0.9266853752503146,False,False,True,True,True,True,True,True,True,False,False,True
0.9382735109494882,1.1291431123718736,0.7823687631029482,True,False,True,True,True,False,False,True,True,False,False,True
1.2361537639812414,1.8323469932417584,1.2191207968081494,True,False,True,True,False,False,False,True,True,False,True,True
-1.2110830650752267,-0.9203590648942278,0.15541748143907366,True,False,True,False,True,False,False,False,False,False,True,False
0.8330193161631543,1.1290762096222478,0.9722038877122231,False,False,True,True,True,False,True,True,False,False,False,True
-0.9416961750925876,-0.7262280043215262,0.25843030663182953,False,False,True,True,False,False,False,False,True,False,False,False
-1.0334974263851184,-0.8373505073329321,-0.6552229929392286,False,False,False,True,True,False,False,False,False,False,False,False
0.7023657899145296,0.787354224988716,0.6346316844212785,False,False,True,True,False,False,True,True,True,False,True,False
-0.8367899541604198,-0.7368906236760431,-0.4557617976119483,False,False,False,True,False,False,False,False,False,True,False,True
-0.5373955522570032,-0.8465828614722876,-1.5031909372984409,True,False,False,True,True,False,False,True,False,False,True,False
0.059970650418979116,0.11211086499040365,0.43426181335353214,True,False,True,True,True,False,False,True,False,False,True,False
-1.0386470548989999,-0.8969757110366361,-0.8527483503781215,False,False,False,True,True,False,False,True,False,True,False,False
-1.277040579808332,-0.9735304137677948,0.1716464689206829,True,False,True,True,True,False,False,False,False,False,False,False
-1.1561914642896007,-0.8303024620565699,1.1248848587127782,True,False,True,True,False,False,False,False,True,False,False,False
-1.277040579808332,-0.9844900923960077,-0.6591319508715048,False,False,False,False,False,False,False,False,False,False,False,False
-1.277040579808332,-0.968984019639652,0.5162775714977414,True,False,True,True,False,False,False,False,False,False,True,False
-1.277040579808332,-0.9736223195207327,0.1646797211915118,True,False,True,True,False,False,False,False,False,False,False,False
-1.2220880757068164,-0.9207971370204591,0.35131251060579344,True,False,True,True,False,False,False,False,True,False,False,False
-0.7592827965209769,-0.46113346312469955,0.809848892983402,True,False,True,True,False,False,False,False,True,True,False,False
-0.8826762103872146,-0.6888134847588386,0.3206237354711435,False,False,True,True,False,False,False,False,False,False,False,False
0.15566392990736053,0.5868099005353808,1.1837144030283464,True,False,True,True,True,False,False,False,True,False,False,False
1.2431693625438667,1.880358926552958,1.2714665346765313,True,True,True,True,True,False,False,True,True,False,True,True
-1.0594607447186815,-0.8583100630378743,-0.42079143762350324,True,False,False,True,False,True,False,False,False,True,False,False
-1.277040579808332,-0.9735864393173731,0.16739955446949362,False,False,True,True,False,False,False,False,False,False,False,False
-0.44135662000248765,0.010642233459132136,1.3729948061701651,True,False,True,True,True,False,False,False,True,False,False,True
-1.0891765624350596,-0.7755784122487065,0.9697986267291548,True,False,True,True,True,False,False,False,True,False,True,False
-1.11249350595425,-0.8577119550822032,0.1751217653626746,False,False,True,True,True,False,False,True,False,False,False,False
-0.8154839564147269,-0.6040796846520112,0.483880139607716,True,False,True,True,True,True,False,True,True,False,False,False
-0.4654790813577603,-0.021563758376632144,1.36681883011978,True,False,True,True,True,False,False,True,True,True,False,True
-1.277040579808332,-0.9844087704768292,-0.652967491328361,False,False,False,True,True,False,False,False,False,False,False,False
1.3963652157187205,1.9891539189485765,1.2528462586348057,False,False,True,True,False,True,True,False,True,False,False,True
-0.451279660902668,-0.6216712204708515,-0.7097478524455495,False,False,False,True,True,False,True,False,False,False,False,True
-1.277040579808332,-0.9734765689888113,0.17572807404027393,True,False,True,True,True,False,False,False,False,False,False,False
-1.2429560087470797,-0.9657489103705897,-0.6967516841417236,True,False,False,False,False,False,False,True,False,True,True,False
-1.1486732732399234,-0.8365437936472724,0.6530789982110823,False,False,True,True,True,False,False,True,True,False,True,True
0.517278553051508,0.7702840808583458,0.7887463030988786,False,False,True,False,True,False,True,True,True,False,False,True
-0.9658804320533169,-0.7092251532801352,0.5895398443558134,True,False,True,True,True,False,False,False,True,False,False,True
-1.2364625048858033,-0.920197829630711,0.9571007048889568,True,False,True,True,True,False,False,False,True,False,False,False
-1.0295176981875827,-0.7040552513594186,1.1558905666999963,True,False,True,True,True,False,False,False,True,False,False,True
-0.9835686644937488,-0.7529902124217357,0.1691684532576092,True,False,True,True,True,False,False,False,False,False,False,True
1.4166482331425492,2.2875628604675793,1.4893517069451152,False,True,True,True,True,True,False,True,True,True,False,True
-0.4584063414184417,-0.15610188434151914,1.0823076927392012,True,False,True,True,True,False,False,False,False,True,False,False
-1.277040579808332,-0.9715585514568789,0.3211198896552669,True,False,True,True,True,False,False,False,False,False,False,True
-1.0753443678184023,-0.7769556071946446,1.0031285672047532,True,False,True,True,False,False,False,False,True,False,False,False
-0.9562214311339006,-0.6684988220778847,0.7647405528061978,False,False,True,True,True,False,True,False,True,True,False,False
-0.7566614714866806,-0.5297153916118281,0.46318889291868265,True,False,True,True,False,False,False,False,True,False,False,True
-0.10574566958591047,0.2812638983766656,1.0718286121827267,True,False,True,True,False,False,False,True,True,False,False,False
-0.34532190377513294,0.09894488821520389,1.3058617320419748,True,False,True,True,True,True,False,True,True,False,False,True
-1.1958844299632747,-0.903945154837786,0.3277195199004301,True,False,True,True,False,False,False,False,True,False,False,False
-1.0526278840910486,-0.7575357025087129,0.8252052270056398,True,False,True,True,True,False,False,False,False,False,False,False
-1.26322832638923,-0.9528629297511835,0.6594234207525357,True,False,True,True,True,False,False,False,True,False,False,False
0.5404454411973807,0.9774410854295664,1.15324450944096,False,False,True,True,True,False,False,True,True,False,False,True
-0.9212991034713105,-0.5377681744971755,0.9240392681254939,False,False,True,True,False,True,False,True,True,True,False,False
-1.277040579808332,-0.9955637297759153,-1.4985488056823055,False,False,False,False,True,False,False,False,False,False,False,False
1.1931636620280754,1.8653671942577537,1.3167980466787055,False,False,True,True,True,False,False,True,True,False,False,True
-1.062556828534274,-0.8748612802318672,-0.5053938192792188,True,False,False,True,True,True,True,True,False,False,True,False
0.6776884480069695,1.2325855216885913,1.309798186782995,False,False,True,True,True,False,True,False,False,True,False,True
-0.8470920770899752,-0.7491446629383073,-0.42730482180794555,False,False,False,True,False,False,False,False,False,True,False,True
-1.2487306061295598,-0.9913598871579303,-1.4763404781197944,False,False,False,False,True,False,False,False,False,False,False,False
-0.902829763263124,-0.5541435591127668,1.1033747596973318,True,False,True,True,False,False,False,False,True,False,False,False
-1.0335721302731604,-0.7226708474861994,0.9306230506950377,False,False,True,True,True,False,False,False,True,False,False,False
-1.1240851917565162,-0.8083936472203261,0.6860032326706335,True,False,True,True,True,False,False,True,False,True,True,False
-1.019676250530937,-0.8370779058662127,-0.5275490070605925,False,False,False,True,True,True,False,False,False,False,False,False
-1.1476266734149878,-0.9296488341770497,-0.6463942363112521,True,False,False,False,False,False,False,True,False,False,False,False
0.0971630962280107,0.26107138815531955,0.6668812600909836,False,False,True,True,False,False,False,False,True,True,False,True
-0.5552157032877544,-0.22887944125245496,0.9966821373355893,True,False,True,True,False,False,False,False,True,False,False,False
-1.1181231325250833,-0.8203089345765269,0.619672224006204,False,False,True,True,True,False,False,False,True,False,False,False
0.6590415659242352,0.44842021668234455,0.10728218238593626,False,False,False,False,True,True,True,True,False,True,False,True
-0.2220106318225888,-0.6391363057435455,-1.1044652941793238,False,False,False,False,True,True,False,True,False,False,False,False
-1.2093616766127686,-0.917774365520412,0.46478347853084245,True,False,True,True,False,False,False,False,False,False,False,False
-0.6220679986502273,-0.5075332632992051,-0.07807658524040154,False,False,False,False,False,True,False,True,False,True,True,True
-1.194983420736618,-0.9322551465088262,-0.2321704127506058,True,False,True,False,False,False,False,True,False,False,True,False
0.3138364980734587,0.4413023438165954,0.5950629996087372,False,False,True,True,True,False,False,True,False,False,True,True
-0.7908525423463559,-0.5184003801431927,0.6501622079702463,True,False,True,True,False,False,False,False,True,False,False,False
-0.8501081418550834,-0.5004583796731663,1.1453988909894424,True,False,True,True,True,False,False,False,True,False,False,False
0.7666271623693942,1.2731598836193412,1.366607442028578,True,False,True,True,True,False,False,True,True,True,False,True
-0.8712598305830461,-0.5169676323940426,1.1112521174506504,True,False,True,True,False,False,False,True,True,False,False,True
-0.5914051186166328,-0.2634704204536902,1.0078889788415242,True,False,True,True,False,False,False,False,True,False,False,False
1.0195719751877355,1.5459673897019308,1.2188253097623867,False,False,True,True,False,False,False,True,True,True,False,False
1.3955616633295183,2.398942856554167,1.647689027090313,True,False,True,True,True,True,True,True,True,True,False,True
-1.1195318557643823,-0.9115467666532534,-0.5261102274414755,True,False,False,True,True,False,False,False,False,True,False,False
-1.234477915439779,-0.9557944467247433,-0.3890072672609867,True,False,False,False,True,True,False,False,False,False,False,True
-0.8167149173297601,-0.6111810922872949,0.3572268398139691,False,False,True,True,True,False,False,True,False,False,True,False
-1.1830312926062925,-0.8891944784357684,0.4842505708196463,True,False,True,True,False,False,False,False,False,False,False,False
-0.16683615555238515,0.27011671060959397,1.2636991036597398,True,False,True,True,False,False,False,False,True,True,False,False
-1.277040579808332,-0.9933295567797071,-1.329191402577961,True,False,False,False,True,False,False,False,False,False,True,False
-1.2657656871989302,-0.9582144954534075,0.6416889765193291,False,False,True,False,False,False,False,False,True,False,False,False
-1.255396777223616,-0.9539930709357914,0.4911706255024801,True,False,True,True,False,False,False,False,False,False,True,False
-1.2717641786262763,-0.968307423503284,0.2442150723051355,False,False,True,False,False,False,False,False,True,False,False,False
-1.12002990071469,-0.9494930218461936,-1.224270776098496,True,False,False,True,False,False,False,False,False,False,False,True
-0.890186720504665,-0.47707551476688315,1.5259591731483448,False,False,True,True,True,False,False,False,True,True,False,True
-0.9523578122338768,-0.6757984141416333,0.6960836151455473,True,False,True,True,True,False,False,False,True,False,False,False
-0.6110903107412191,-0.28309717053429223,0.978957253707167,True,False,True,True,False,True,False,False,True,False,False,True
0.27475932155826915,0.31486831068120685,0.360306579523541,False,False,True,True,True,True,False,True,False,False,False,False
-1.277040579808332,-0.9693844574348472,0.4859231158606016,True,False,True,True,True,False,False,False,False,False,False,False
-0.5758599855790418,-0.22942762692453908,1.1400267445355967,True,False,True,True,True,True,False,True,True,True,True,False
0.2588884132530631,0.37632261462016076,0.4991486453277172,False,False,False,False,True,True,True,True,False,True,True,True
-0.6156749642951186,-0.28578953423754233,0.9568281234587588,True,False,True,True,True,False,False,False,False,False,False,False
-0.9187813658460691,-0.6340176050435361,0.812668426087222,True,False,True,True,True,False,False,False,False,False,True,False
-1.277040579808332,-0.9885966033413621,-0.9704185122546657,True,False,False,True,False,False,False,False,False,False,False,False
-1.1571255779798886,-0.8534578159238053,0.3622608747478281,False,False,True,True,False,False,False,False,True,False,False,True
-1.277040579808332,-0.9732403775684699,0.19363213323911654,False,False,True,False,True,False,False,False,False,False,False,False
-0.927068070629802,-0.646192027575278,0.671865817467973,True,False,True,True,False,False,False,False,True,False,False,False
1.3489377436282703,1.9278322408172088,1.2688753116388907,True,False,True,True,False,False,True,True,True,False,True,True
-1.0880272721963795,-0.832066183055497,0.19417113088917431,False,False,True,False,True,False,False,False,False,False,False,False
-1.246128275722761,-0.9416526716839294,0.42289391137201915,True,False,True,True,True,True,False,False,True,False,False,False
-1.1894072959464324,-0.9087327169507321,0.30833545872354556,False,False,True,True,True,False,False,False,True,False,False,False
0.5434823531058357,0.8343982079911528,0.9333496181794152,True,False,True,False,True,True,False,True,True,False,False,False
-1.0535497504869182,-0.7768900270542838,0.47633051553894246,True,False,True,True,False,True,False,False,True,False,False,False
-1.277040579808332,-0.9733451521961063,0.18568988396932137,False,False,True,True,True,False,False,True,False,False,True,False
-0.9469613597719562,-0.6487600795110843,0.8079122994459689,False,False,True,True,False,False,False,False,False,False,False,False
0.7120666517546972,1.097904188137298,1.018179528706881,True,False,True,True,True,False,False,False,True,False,False,False
0.2708876141461049,0.5287720105908368,0.7970021533078147,True,False,True,True,True,False,False,False,True,False,False,False
-1.277040579808332,-0.9843330100644225,-0.6472246116475637,True,False,False,False,True,False,False,False,False,False,False,False
0.43443553596870943,0.6396796069904372,0.732420163800288,True,False,True,True,False,False,False,False,True,True,False,True
-1.074150205195689,-0.7827568835092725,0.8393439849653938,True,False,True,True,False,False,False,False,False,False,False,False
-0.8975697271089818,-0.6336650131972118,0.5438215895302142,False,False,True,True,False,False,False,False,True,False,False,True
-0.9118379055055746,-0.5672490835153062,1.1120805495146462,True,False,True,True,True,True,False,False,True,False,False,False
-1.2408962361980982,-0.9844748457685835,-1.3369129915780633,True,False,False,True,True,False,False,False,False,False,False,False
-0.3209446084069107,0.023439308765728174,1.0158880912236699,False,False,True,True,True,True,False,False,True,False,False,False
-0.6277913810478746,-0.33108395085581016,0.8845440217224384,True,False,True,False,False,True,False,True,True,False,True,False
-1.2335726147120678,-0.9868741925588769,-1.4736759605062473,False,False,False,True,False,False,True,True,False,False,True,False
0.48823808041599775,0.5162570760393737,0.5105462418768609,True,False,True,True,True,False,False,True,False,False,False,False
-1.0005972820906983,-0.9372796874786401,-1.482074069871207,False,False,False,False,False,False,False,True,False,False,False,False
-1.2533967019150007,-0.9721803624381401,-0.6402822437784566,False,False,False,True,False,False,False,False,False,True,False,False
-0.5144456092534354,-0.21967500283393876,0.7982526900338731,True,False,True,True,False,False,False,False,True,True,False,False
0.3270633705928736,0.5750081991646441,0.8570691145191397,False,False,True,True,True,False,False,True,True,False,True,True
-1.0697887772093806,-0.9080905733306727,-0.7767756683335454,True,False,False,True,False,False,False,False,False,False,False,False
-1.0425338865722837,-0.7833855149118892,0.297843341506698,True,False,True,False,True,False,False,False,True,False,False,True
-0.8751383021430316,-0.5266574001755526,1.0852202949267644,False,False,True,True,False,False,False,False,True,False,False,False
-1.0161020352445327,-0.7412887367324922,0.6313374593985059,True,False,True,True,True,False,False,True,True,False,False,False
-1.1958844299632747,-0.9057489792505651,0.3281954719299759,False,False,True,True,False,False,False,True,True,False,False,False
-1.277040579808332,-0.9846381361685231,-0.6703541386347415,True,False,False,True,False,False,False,False,False,False,False,False
0.9921828670187448,1.4620105415361293,1.1113910579519148,False,False,True,True,True,False,False,True,True,False,False,False
-1.0444823677798456,-0.7534981242781567,0.8523476892932835,True,False,True,True,True,False,False,False,True,False,False,False
-1.1351399468811716,-0.8412627815694351,0.7761665057694177,True,False,True,True,False,False,False,False,False,False,False,False
-0.34463827850497253,-0.2972455175214914,0.07914238344833112,False,False,False,True,False,True,False,False,True,False,False,True
-1.277040579808332,-0.9734922645717046,0.17453829904813536,True,False,True,True,False,False,False,False,False,False,False,False
-0.34374485659017456,0.05758219061980366,1.2269414862312527,True,False,True,True,True,False,False,True,True,False,False,True
-0.7709694776946278,-0.4370605756081374,1.1604284497603807,True,False,True,True,True,False,False,True,True,False,False,True
-0.4249010064352317,-0.08608988815462454,1.1846802848323914,True,False,True,True,True,True,False,False,True,False,False,False
-0.3850422416074913,-0.004812775120134273,0.9852807497584943,True,False,True,True,False,False,False,False,True,False,False,True
0.4688777476372414,0.9007395913035728,1.0302241874192122,True,False,True,True,False,False,True,True,True,False,False,True
-0.6802472592411949,-0.36973033551910633,0.8509342491625301,True,False,True,False,True,True,False,True,False,False,True,False
0.5547489385356451,1.157570183212771,1.4175462754263253,True,False,True,True,True,False,False,True,True,True,False,True
-0.611123482002478,-0.8417737124588374,-1.480480212351101,False,False,False,False,True,False,True,False,False,False,True,False
-0.8683553985344923,-0.896649530279518,-1.3836229030526161,False,False,False,False,True,False,False,False,True,False,False,False
-1.1466385310640839,-0.8252176865338675,1.0298608545410854,True,False,True,False,True,False,False,False,False,False,False,False
-1.243192597855016,-0.9435261361442672,0.21317401835654098,True,False,True,True,False,False,False,False,False,False,False,False
-0.8923217885065952,-0.6537446437593818,0.363364790343416,True,False,True,True,True,False,False,True,False,False,False,True
-1.277040579808332,-0.9731524691394937,0.2002958711267592,True,False,True,True,False,False,False,False,False,False,False,False
-1.2570297393194114,-0.9417823912156443,0.9666734491172464,True,False,True,True,False,False,False,True,True,False,False,False
-1.277040579808332,-0.9844171840586748,-0.6536052675321764,True,False,False,False,True,False,False,False,False,False,False,False
-1.0078390545806972,-0.7187652751734677,0.7553206430804539,True,False,True,True,True,False,False,False,True,False,False,False
-0.5777227409231396,-0.7054364602779494,-0.8518265296425181,True,False,False,True,True,False,False,True,False,False,False,False
0.9421265203051123,1.5950717849198943,1.3544115709708742,False,False,True,True,False,True,True,True,False,True,False,True
0.008538760344264595,0.10131449031897585,0.45713636435489946,True,False,True,True,True,True,False,True,True,False,False,True
-0.3391208688871544,-0.046134028502272884,0.7679947752175436,True,False,True,True,True,False,False,False,True,False,False,True
-0.7535419231456979,-0.389598326218741,1.131201408418954,True,False,True,True,False,False,False,False,True,True,False,False
-1.1210300011581955,-0.775981651002689,1.2880665390567403,False,False,True,True,True,False,False,False,True,False,False,True
-1.2605032681609436,-0.9646177856108183,0.16263652658423125,True,False,True,False,False,False,False,False,False,False,False,False
-1.132689715976284,-0.8129887166106435,0.8286474731859738,True,False,True,True,True,False,False,True,False,False,False,False
-1.1958844299632747,-0.9783147630632744,-1.4944634292022132,True,False,False,False,False,False,False,False,False,False,False,False
-0.06254086371483669,0.006253653259200714,0.30457030416143227,False,False,False,False,False,True,True,False,False,True,False,True
0.34608241709281135,0.8261860673675329,1.1112646320426585,True,False,True,True,True,False,False,True,True,False,False,False
-0.9101670606617899,-0.8109308473495324,-0.6587857573781155,True,False,False,True,False,False,False,True,False,True,False,False
1.2154501541690903,1.8540202350238508,1.274320801432303,True,False,True,True,True,False,False,True,True,False,False,True
0.20087248551602707,0.31350199425555264,0.5196693783988257,False,False,False,False,False,True,True,True,False,True,True,True
-0.5489651980159564,-0.7319833552654601,-1.0450415294621829,False,False,False,True,True,False,False,False,False,False,True,True
-0.9312108280274566,-0.6586609354973445,0.5454939083687417,True,False,True,True,True,False,False,False,True,False,False,False
-0.055587652782636984,0.251258632157036,0.8447490149337491,True,False,True,True,True,False,False,True,True,False,True,False
-1.2645649196113031,-0.9835454707637461,-0.8483034463345445,True,False,False,False,True,False,False,True,False,False,False,True
-1.2567262107505346,-0.9614633837873326,0.2453867016055245,True,False,True,False,False,False,False,False,False,False,False,True
-0.9440778167970338,-0.608449939695971,1.0122674852246538,True,False,True,True,False,True,False,False,True,False,False,False
0.99245605979862,1.5344353429267859,1.2518782124941754,False,False,True,True,False,True,True,False,True,False,False,False
0.07408091957021115,0.02942397520504678,0.17491870376658847,True,False,True,True,True,False,False,True,False,False,False,False
-1.201800862238372,-0.9140948191631463,0.3359662423107218,False,False,True,True,True,False,False,True,True,False,False,False
-1.1462580018327144,-0.8408084304716839,0.6403652793525068,True,False,True,True,False,False,False,False,True,False,False,False
0.48825213090756286,0.6240778151076661,0.7508056366230167,True,False,True,True,True,False,False,True,True,False,True,True
-1.1638840781468591,-0.8901155252517706,-0.16041249687977369,True,False,True,True,False,True,False,False,False,False,False,False
-0.8457789902163563,-0.9075106867373516,-1.4813039215390116,True,False,False,True,True,False,False,True,False,False,True,False
-1.277040579808332,-0.9646100165974023,0.847840882693015,True,False,True,True,True,False,False,True,False,False,False,False
-1.2016280086475544,-0.9467240741361824,-1.0258423132164147,False,False,False,False,True,True,False,False,False,True,False,False
-0.8306817556605175,-0.5213106298941752,1.0036332805469173,True,False,True,True,True,False,False,False,True,False,False,False
-0.7685747797648037,-0.5246535009104325,0.824844834029124,False,False,True,True,False,False,False,False,False,False,False,False
-1.277040579808332,-0.9646123627810677,0.8476630345257357,True,False,True,False,False,False,False,False,False,False,False,False
-1.1920598630291062,-0.8817531804979752,0.9426296990480898,True,False,True,True,True,False,False,False,False,True,False,False
-0.40016603086574265,-0.30196232325752204,0.3422637667171328,True,False,True,True,False,False,False,False,True,False,False,False
-0.46412639461194666,-0.43827680979888856,-0.027905982629083392,False,False,True,True,True,False,False,True,False,False,False,True
1.243064594804563,1.8827297362387325,1.2727871391911267,True,False,True,True,True,False,False,True,True,False,False,True
-0.4906763849890363,-0.12066715765845946,1.0846230598435547,True,False,True,True,True,False,False,False,True,False,False,True
0.20424981455210856,0.671031295620043,1.225871539946495,True,False,True,True,False,True,False,False,True,False,False,False
-0.7232384209559355,-0.37838993261395504,1.0229832356525457,True,False,True,True,True,False,False,False,True,False,False,True
0.7119600903157248,0.8189146825964148,0.7129760370807778,True,False,True,True,True,False,False,True,True,False,True,True
0.10261396755763985,0.11195003214292922,0.3209045569351204,True,False,True,True,True,False,False,True,True,False,False,False
-0.5481369206324366,-0.18738966761261017,1.1011147259551402,True,False,True,True,True,False,False,True,False,False,False,True
-1.2223393373116214,-0.9842376633063558,-1.47210949396085,False,False,False,True,False,False,False,True,False,False,True,False
-0.9257748167818705,-0.6230457269724564,1.0015769646267678,True,False,True,True,True,False,False,False,False,False,False,False
-1.2313639342247118,-0.9298641827236248,0.5274138202147618,True,False,True,True,False,False,False,False,False,False,False,False
-0.7580659162684612,-0.4330345704375522,1.0813872549041792,True,False,True,True,True,False,False,True,False,False,False,True
0.20952768175533118,0.6252160881893728,1.094272761039533,True,False,True,True,False,True,True,True,True,True,False,False
-1.277040579808332,-0.9737452114811055,0.15536412060621363,True,False,True,True,True,False,False,False,False,False,False,False
-1.0682046633583384,-0.8057653715938791,0.2968566362861425,False,False,True,True,False,False,False,False,True,False,False,False
-0.4255871206311861,-0.08881170737237898,1.1521837935104746,True,False,True,True,False,False,False,True,False,False,False,True
-1.0598465186192483,-0.7344318097510854,1.0131128864451564,True,False,True,True,False,False,False,False,True,False,False,False
0.35034319347077647,0.8288041921084107,1.2102450582296005,True,False,True,True,True,False,False,True,True,False,False,True
-1.277040579808332,-0.9953696181079826,-1.483834525253204,False,False,False,False,True,False,False,False,False,False,False,False
-1.079942491335064,-0.9499312899744466,-1.4901937394758769,False,False,False,False,False,False,False,False,False,False,True,False
-1.277040579808332,-0.983504322872505,-0.5844074927193756,False,False,False,False,True,False,False,False,False,False,False,True
0.8144677815895134,1.4085883260713883,1.3192976843439774,True,False,True,True,True,False,False,True,True,False,False,True
-1.1749249255996073,-0.8576905191710752,0.825737021190043,True,False,True,False,False,False,False,False,False,False,False,False
0.06759899947796918,0.5269653835651137,1.2584726465315286,True,False,True,True,False,False,False,True,True,False,False,True
-1.271610082467771,-0.9634250140850005,0.656651607531092,True,False,True,True,False,False,False,False,False,False,False,False
0.1491890146752198,0.03124202766594967,0.05446483332044899,False,False,False,True,True,False,True,True,False,True,True,False
-1.2210296792276427,-0.9535903821870421,-0.6654827952156335,True,False,False,True,False,False,False,True,False,False,False,False
-0.4142617235844337,-0.09275527898476385,0.9779824888691379,True,False,True,True,True,False,False,True,True,False,False,False
-1.1185620653282067,-0.8332942921081495,0.5156256716992222,True,False,True,True,False,False,False,True,False,False,False,False
-0.262665224904703,-0.010603572070687628,0.8002553995051688,True,False,True,True,False,False,False,False,True,False,False,True
-1.277040579808332,-0.9696065533844442,0.46908753807517767,True,False,True,False,True,False,False,False,False,False,True,False
-1.0817548462136752,-0.767540051842295,1.0943487762156971,True,False,True,True,False,False,False,False,True,False,False,True
-0.7665161702625948,-0.42885048571012857,0.9953329881618832,True,False,True,True,True,False,False,False,True,False,False,False
-1.2364625048858033,-0.9553456707355976,-0.33783583683631047,False,False,False,True,True,True,False,False,False,False,False,True
-1.0208530094579753,-0.731512430833355,0.48464756284272836,True,False,True,True,False,True,False,False,True,False,False,False
-0.14085448197753164,0.30279641726589696,1.1123547719227604,True,False,True,True,True,False,False,True,True,False,False,False
-1.2768855747004937,-0.9671879185716447,0.6402254461788787,True,False,True,True,False,False,False,False,False,False,False,True
-1.215915704877561,-0.9851473832318737,-1.471083915743086,False,False,False,True,True,False,False,True,False,False,False,False
-0.31681209309176783,-0.19055489340191473,0.3373832933904478,True,False,True,True,True,True,False,True,False,False,False,True
-1.0422514172484292,-0.9463069921594007,-1.4771018053702045,False,False,False,False,True,False,False,False,False,False,False,False
-0.7172167248068878,-0.5214656225064231,0.5052416261174218,True,False,True,True,False,False,False,False,True,False,False,True
0.3072603528117176,0.3095998489399393,0.34211892721241627,False,False,True,False,True,False,False,False,True,False,True,False
-1.266068540774872,-0.967293861359937,0.19017393120063672,True,False,True,False,False,False,False,False,False,False,False,False
-0.4249010064352317,-0.00856387119927339,1.2005561554544766,True,False,True,True,True,True,False,False,True,False,False,False
-0.3789066035144064,0.0831325348314655,1.2923848348025684,True,False,True,True,False,False,False,True,True,False,True,True
0.8988742671920197,0.5134022761981386,-0.05884679480323307,False,False,False,False,True,True,True,True,False,True,False,True
-0.7089475308929317,-0.479862219157026,0.4835477560246212,True,False,True,True,True,False,False,False,True,False,False,True
1.3429308144017513,1.5819906055566872,0.8974383033844682,False,True,True,False,True,True,False,True,True,True,True,True
0.9284123989251408,1.446456202343588,1.2577920818241992,False,False,True,True,True,True,True,False,True,True,False,True
0.8927576825382324,1.5378892115911744,1.417180893421762,True,False,True,True,True,True,False,True,True,True,False,True
-1.2712100649803308,-0.9815516741040631,-0.6355945136127675,True,False,False,True,True,False,False,False,False,True,False,False
-1.277040579808332,-0.9736494699459204,0.1626216328023222,True,False,True,True,True,False,False,False,False,False,False,False
-1.1274284357713569,-0.8394695531565007,0.4139036679317645,True,False,True,True,True,False,False,True,True,False,False,True
-1.257002556676874,-0.9577011319483725,0.13867886333803253,True,False,True,False,False,False,False,False,False,False,False,False
-1.0087240976220397,-0.6973742789617495,0.9394579336675916,True,False,True,True,False,False,False,False,False,False,False,False
1.180814680014384,1.6356169512229415,1.0309682595212069,False,False,True,True,True,False,False,True,True,True,False,False
0.8917067812945456,1.3852282832100178,1.1385700155222875,True,False,True,True,True,False,False,True,True,False,False,False
-0.9538324050903227,-0.7344978514335793,0.04139152248380869,False,False,False,False,False,False,False,True,False,True,False,True
1.3063372106061746,1.9217982030885992,1.1720060231727931,False,False,True,True,True,False,False,True,True,True,False,False
0.1615384061443712,0.3501751389983986,0.6938673015920083,False,False,True,True,False,False,False,True,True,False,True,False
-1.2499657044421881,-0.9765514866820505,-1.2168244028670052,False,False,False,True,False,True,False,False,False,True,False,False
0.5627500605124072,1.0524106134088278,1.1917100856340255,True,False,True,True,True,False,False,True,True,False,False,False
0.5974559239597378,1.044871705576156,1.1352084228836143,True,False,True,True,True,True,False,True,True,False,False,False
-0.7029548846311988,-0.4669217512939605,0.5128323820179496,True,False,True,True,True,False,False,False,True,True,False,True
-1.0862205390108275,-0.7638533555695354,0.9968331186606425,False,False,True,False,True,False,False,False,False,False,True,False
-0.5872133061253461,-0.2606316159850405,1.0300972131236668,True,False,True,True,True,True,False,True,True,False,False,False
-0.717498542311535,-0.5168498818503311,0.36191582414530604,False,False,True,True,True,False,False,False,True,False,False,False
-1.268187412188835,-0.9812760251943261,-0.6690912726840113,False,False,False,False,True,False,False,False,False,False,False,False
-1.1724872383269793,-0.9633834569963237,-1.2446444786105035,True,False,False,False,False,False,False,False,False,False,False,True
-1.2364625048858033,-0.9327552925008401,0.490122533788057,True,False,True,True,False,False,False,False,False,False,False,False
0.3136097181092338,-0.44773205308210373,-1.0972773046564925,False,False,False,False,False,False,True,True,False,True,False,True
-0.7530315664633518,-0.5118365161709824,0.8298828300434262,False,False,True,True,False,False,True,False,False,False,False,False
-0.5059269345148217,-0.13040356836580935,1.035110393311247,False,False,True,True,False,False,False,True,False,False,False,True
0.7627820549528798,0.8080909625332956,0.5312210038059039,False,False,True,False,True,False,False,False,True,False,True,False
0.8309942619401354,1.1041919230737753,0.7961280190929252,True,False,True,True,True,False,False,True,True,False,False,True
-0.3982056479403716,-0.14212816101529552,0.7296140617972461,False,False,True,True,False,False,False,False,False,False,False,False
-1.131732514459027,-0.8194301722875774,0.6346711471300637,False,False,True,False,False,True,False,True,True,False,False,True
-1.277040579808332,-0.9954108169264173,-1.4869575264321195,False,False,False,False,True,False,False,False,False,False,False,False
-0.9524159804281033,-0.6410559851872153,1.0089299243473382,True,False,True,True,True,False,False,False,True,False,False,False
-0.30228945003775987,-0.23875798314856966,0.15026064005377116,True,False,True,True,False,False,False,True,False,False,False,False
-1.1180768704899644,-0.8365843373090112,0.31441090540932465,False,False,True,True,True,False,False,False,True,False,False,False
-0.8739753429134917,-0.5680829096923218,0.9122095106805093,True,False,True,True,False,False,False,False,True,False,False,True
-0.48341442711602467,-0.34146476564459527,0.46681981621534585,True,False,True,True,True,True,False,True,True,False,False,False
-1.155306355040746,-0.8382403754263684,1.1175336983802315,True,False,True,True,True,False,False,True,True,False,True,True
-0.5315975618355698,-0.2400178132751291,0.8749993983023201,True,False,True,True,True,False,False,True,True,False,False,False
-0.887006344966532,-0.6290175310558427,0.48077537540540993,True,False,True,True,True,False,False,False,True,False,False,True
-0.9410159587110679,-0.6692014807849275,0.4910036485321806,False,False,True,True,False,False,False,False,True,False,False,True
-1.277040579808332,-0.9736555435528139,0.16216123412560793,True,False,True,True,True,False,False,False,False,False,False,False
-1.277040579808332,-0.9736849070803187,0.15993538555765527,False,False,True,False,True,False,False,False,False,False,False,False
-1.2611239160369,-0.9616306617534,0.18258460953966185,True,False,True,True,False,False,False,False,False,False,False,False
-1.2484452703674467,-0.9896460615963227,-1.3331029011216382,False,False,False,True,False,False,False,True,False,False,True,False
-0.5539552959082917,-0.7042337165289619,-0.9467162204789803,False,False,False,True,True,False,False,False,False,False,False,True
0.2913685542708997,0.4628302050522817,0.7121951126118861,True,False,True,True,False,False,True,True,True,True,True,True
-0.9468636620495406,-0.8133773281999176,-0.5587030883833477,True,False,False,True,False,False,False,True,False,False,False,False
-0.2539670070889379,-0.561715581773039,-0.8281783470127209,True,False,False,True,False,False,False,True,False,False,False,False
-0.6929998147557086,-0.8063069552043672,-1.2727330135363877,False,False,False,False,True,True,True,True,False,False,False,False
-0.750513497794186,-0.5662351588590053,0.3892382571104117,False,False,True,True,True,True,False,True,False,True,False,False
-1.2654030672309085,-0.9765950081296227,-0.6026534912645126,True,False,False,True,False,False,False,False,True,False,False,False
1.466260183393599,2.0504838211364027,1.2595503342191776,True,False,True,True,True,False,False,True,True,False,False,True
0.45299914945438546,0.5104659816953072,0.4673193555144962,False,False,False,False,True,True,True,True,True,True,True,True
-0.7444166624362146,-0.5603432348576335,0.17594172873732689,False,False,True,True,True,False,False,True,False,False,True,False
-1.2000784971406222,-0.9736112005371937,-1.3355374783850955,False,False,False,True,False,False,False,False,False,False,False,False
-1.11708553970213,-0.948086023772249,-1.2146730331050215,True,False,False,True,False,False,False,False,False,False,False,True
1.4911719335016924,2.3048358722629883,1.4658070688032672,True,False,True,True,False,False,True,True,True,True,False,True
0.20341550938728659,0.6361540049430797,1.16579221547928,True,False,True,True,True,False,False,False,True,False,True,False
0.5358225237877444,1.0383209605518997,1.2173220887431786,True,False,True,True,True,False,False,True,True,False,False,True
0.39948958290137715,0.8607952599971749,1.0941571429596224,True,False,True,True,True,False,False,False,True,False,False,False
-1.277040579808332,-0.9712643686069947,0.3434198832451858,True,False,True,True,True,False,False,False,True,False,True,True
0.5476437627954838,0.9664137585154081,1.0609551105499682,True,False,True,True,True,False,False,False,True,False,False,False
-0.5212112602284793,-0.08543899298175119,1.376248586491498,True,False,True,True,True,False,False,False,True,False,False,True
-1.1966687080187242,-0.9022702672653877,0.17646436960717737,True,False,True,True,False,False,False,False,False,False,False,False
0.19386337782797225,-0.5708716511439159,-1.195859904767204,False,False,False,False,False,False,False,False,False,True,True,False
-0.7104200240575325,-0.4472489177869647,0.6692283970878469,True,False,True,True,True,False,False,True,True,False,False,False
-0.5489515626179765,-0.39759904983111866,0.47962663124619104,True,False,True,True,False,False,False,False,True,False,False,True
-0.8298114072329835,-0.6104869766752337,0.3594983648269789,True,False,True,True,True,False,False,False,True,False,False,True
-1.200905995693415,-0.94299353450759,-0.41256879275954234,True,False,False,False,True,False,False,False,True,False,False,False
-0.9417322510580792,-0.7323200895113524,0.1699433063274477,True,False,True,True,False,False,False,False,False,False,False,False
-0.9925913657933887,-0.7358953719878062,0.630092677764582,True,False,True,True,False,False,False,True,True,False,False,False
-1.277040579808332,-0.9935012111084073,-1.3422033454264422,True,False,False,True,True,False,False,True,False,False,False,False
-0.4071274399793204,-0.4405376903509339,-0.1923524056589102,True,False,False,False,True,True,False,True,True,True,False,True
-0.9211054249740952,-0.6089963017363593,0.8693453895155043,True,False,True,True,True,True,False,False,False,False,False,False
-0.712919329386924,-0.6768711758874908,-0.4902704403631307,False,False,False,True,True,False,False,False,False,False,False,False
-1.277040579808332,-0.9739096121430706,0.14290202871526048,True,False,True,True,True,False,False,False,False,False,False,False
0.5567609832268743,1.1100515032831209,1.3487925705355934,False,False,True,True,True,False,True,False,True,False,False,True
1.2572288836318957,1.8107494521661212,1.1847368950430648,True,False,True,True,True,False,False,True,True,False,False,True
-0.8591616939413587,-0.6050303498974968,0.4843411549637982,True,False,True,True,True,False,False,False,True,False,False,True
-1.2374358177618845,-0.9617126080930768,-0.6543945309134807,True,False,False,True,True,False,False,False,False,False,False,False
0.1790327578753174,0.5849158436761182,1.0096129073088902,True,False,True,True,True,False,False,False,True,False,False,False
-0.9936817589662831,-0.7500049953466231,0.5066686905869614,False,False,True,True,True,False,False,True,False,False,True,False
0.4272385669378685,0.948983534439334,1.317142664527419,True,False,True,True,True,False,False,True,True,True,True,True
-0.27331754311135154,0.09351930283956703,1.1602771822372844,True,False,True,True,True,False,True,True,True,False,False,False
-0.17499892762392177,0.11302466609145151,0.9823192351916383,False,False,True,True,True,True,False,True,False,False,True,False
-0.7419377494558657,-0.3612219965284459,0.9793647711393734,False,False,True,True,False,True,False,True,True,True,False,False
0.5995222422486021,1.309621855195495,1.5182593471360009,False,True,True,True,True,True,True,True,True,True,False,False
-0.8685445936522256,-0.6250027848348834,0.3150037385049995,True,False,True,True,False,False,False,False,True,False,False,False
-0.8934269734317495,-0.8407468335810389,-0.9331724586794492,True,False,False,True,True,False,False,False,False,True,False,False
-1.0618780077652856,-0.893033919942648,-0.6771615301089379,True,False,False,True,True,False,False,False,False,False,True,False
-1.2241345280828444,-0.9494719355089256,-0.37270879695545445,True,False,False,False,False,True,False,False,False,False,False,True
-0.26726402670365984,-0.1879515916213194,0.38381397468788503,True,False,True,True,True,True,False,True,True,False,False,False
-1.1957196473861766,-0.9365978454417425,-0.3259676180812264,False,False,False,True,False,True,False,False,False,True,True,False
-1.277040579808332,-0.9740171771830525,0.1347482573345135,True,False,True,True,False,False,False,True,False,False,False,False
-1.277040579808332,-0.9800979169056329,-0.32619111043934185,False,False,False,True,True,False,False,False,False,False,False,False
-1.277040579808332,-0.9953186598231537,-1.4799717255506057,False,False,False,False,True,False,False,False,False,False,False,False
-1.2708346025870951,-0.9807066336067854,-0.6421466417912153,True,False,False,True,True,False,False,False,False,False,False,False
-1.1166431566045791,-0.787643647659574,0.8151470638694449,True,False,True,True,True,False,False,False,True,False,False,True
-1.1917682145796744,-0.9757098443852712,-1.4896976942844398,False,False,False,False,False,False,False,False,False,False,False,False
-1.1816985281262204,-0.8814253641125751,0.34856575957476216,True,False,True,False,False,False,False,False,True,False,False,False
-0.9632257402054982,-0.807951467489522,-0.5025540183672366,True,False,False,False,True,True,False,False,True,False,False,True
-0.6141557711421385,-0.2797158651319489,0.9810092828085437,True,False,True,True,False,False,False,False,True,False,False,False
-1.0820229960643726,-0.8171303296989887,0.31886634040993284,True,False,True,True,False,False,False,True,False,False,True,False
-0.6277913810478746,-0.3475738234482521,0.8320881654782758,True,False,True,False,False,True,False,True,True,False,True,False
0.06262740392751182,0.1100802971053616,0.3351075237692133,False,False,True,False,True,False,False,False,True,False,False,False
0.6627823177231756,0.7599334747594749,0.5981568048180028,True,False,True,True,True,True,False,True,False,False,False,True
1.5033844601108317,2.2180983177723617,1.43420348360188,True,True,True,True,True,True,False,False,True,True,False,True
1.3801772057590045,2.305631856296606,1.6043172843833253,False,True,True,False,True,True,True,False,True,True,False,True
0.19609235840573747,0.1027314031322073,0.20500476234334117,True,False,True,True,True,True,True,True,True,True,False,False
-1.277040579808332,-0.995475998300438,-1.4918984814314187,False,False,False,False,True,False,False,False,False,False,False,False
0.016763384905544087,0.2001844931639751,0.62097961392111,True,False,True,True,False,False,False,False,True,False,False,False
-0.1728685138100827,0.14366879112021613,0.8174879606470576,True,False,True,True,False,False,False,False,True,False,False,True
0.509462464897809,0.9956071838494391,1.1873680487093825,True,False,True,True,True,False,False,True,True,False,False,False
-1.2103127204490038,-0.8953931872334239,0.8824628093089669,True,False,True,True,True,False,False,False,True,False,False,False
-1.236814401945866,-0.9414866186702019,0.5190520944972219,True,False,True,True,False,False,False,False,False,False,False,False
-1.1259922804139924,-0.8975091494057927,-0.3995441953583385,False,False,False,True,True,True,False,False,False,False,False,False
-0.8485980004893249,-0.6223908294867367,0.3800257740651031,True,False,True,True,False,False,False,False,True,False,False,False
-0.3430495727023212,-0.013767441756708711,1.1337504583320228,True,False,True,True,False,False,False,False,False,False,False,True
1.0755752365810016,1.7952243816746183,1.3774195085641492,True,False,True,True,False,False,True,True,True,False,False,True
-1.2456080428651164,-0.9908939907509233,-1.4737228990643396,False,False,False,False,True,False,False,False,False,False,False,False
-0.5554271878841051,-0.34696857907115014,0.5107482209658655,True,False,True,True,True,False,False,False,True,False,False,True
-1.2364625048858033,-0.927757249136835,0.733844063013616,True,False,True,True,False,False,False,False,True,False,False,False
-0.8919686658295564,-0.9179035182110802,-1.4936526088951352,False,False,False,True,False,False,True,True,False,False,True,False
-1.2592935035655213,-0.958469557950861,0.32949215209583604,True,False,True,True,False,False,False,False,True,False,False,False
-0.7108988816576217,-0.6618242446060082,-0.419865872351962,False,False,False,True,True,False,False,False,False,True,False,False
-1.1147282801182177,-0.834439894729483,0.49582904970388303,True,False,True,True,True,False,False,True,True,False,True,True
0.7266135590250172,1.1825851288032623,1.2388792465904952,False,True,True,True,True,False,False,True,True,True,True,True
-1.2474960654725238,-0.9390280841673069,0.6959809686942474,False,False,True,True,True,False,False,False,True,True,False,False
0.2788044365934679,0.49085196200564285,0.7356534116569478,True,False,True,False,True,False,True,True,True,False,False,True
-1.0176232277673338,-0.7239634935039878,0.762932811362935,False,False,True,True,True,False,False,False,False,True,False,True
-0.975116567828298,-0.6950219200010863,0.49648552848203115,True,False,True,True,False,False,False,False,False,False,False,False
-0.020992962628569256,0.028781394556811446,0.3195402903801266,True,False,True,True,True,True,False,False,False,False,False,False
-0.5901626845170893,-0.3216010241243997,0.8333237925820521,True,False,True,True,True,True,False,False,True,False,False,False
-0.6500069629105967,-0.47712584766366134,0.27801875801787646,False,False,True,True,True,False,False,False,True,False,False,False
-0.9856871455311794,-0.6843072463396017,0.6513607830397985,True,False,True,False,False,False,False,False,False,False,False,False
-1.277040579808332,-0.9737445075418053,0.15541748143907366,True,False,True,True,True,False,False,False,False,False,False,False
-1.2483226098329032,-0.9486886681070612,0.5499157844391428,True,False,True,True,True,False,False,True,False,True,False,False
0.49810568792120863,0.748993991293539,0.7999223639003645,False,False,True,False,True,False,True,True,True,False,False,True
-1.277040579808332,-0.9732742861080734,0.19106175833078373,False,False,True,False,True,False,False,False,False,False,False,False
-0.7511165891047336,-0.4667677786422351,0.6991935770179925,True,False,True,True,True,False,False,True,True,False,False,False
1.512221481420319,2.2483451619205006,1.4392480796692526,False,True,True,True,True,False,False,True,True,True,False,True
-1.277040579808332,-0.9711798421961755,0.3498272534239342,True,False,True,True,True,False,False,False,True,False,False,False
0.6355775565106353,1.21045133388949,1.3500939383863304,False,False,True,True,True,False,True,False,True,False,False,True
-1.277040579808332,-0.9734255878820278,0.17959260371944125,True,False,True,False,True,False,False,False,False,False,False,False
-1.238869573886697,-0.9585527798809232,-0.401527922467408,True,False,False,False,False,True,False,False,False,False,False,True
-0.9497843442772066,-0.7010164261050329,0.37633483454607075,True,False,True,True,False,False,False,False,True,False,False,False
-1.155306355040746,-0.8285991845553042,1.1284918229293752,True,False,True,True,True,False,False,True,True,False,True,True
-1.277040579808332,-0.9846188732022536,-0.6688939446618314,False,False,False,True,False,False,False,False,False,False,False,False
-1.2020717113612074,-0.9137948073099852,0.5011053908222846,False,False,True,False,False,False,False,False,False,True,False,False
0.5124044498144682,0.7168486667295576,0.7177617221954026,False,False,True,True,True,False,True,True,True,False,True,True
-1.277040579808332,-0.9730660618305195,0.20684581935456575,False,False,True,True,True,False,False,False,False,False,False,False
-1.277040579808332,-0.9908334949209514,-1.1399819926065309,False,False,False,True,False,False,False,False,False,False,False,False
-1.2402425264039307,-0.9536895601928849,-0.35302062440064447,False,False,False,True,True,False,False,False,False,False,False,False
-1.0686978106038107,-0.9496815703723065,-1.4885615430546615,False,False,False,False,False,False,False,False,False,False,False,False
-0.5800878054786958,-0.3654239109247131,0.517279607346065,True,False,True,True,True,False,False,False,True,False,False,True
-0.43857585342202066,-0.0601287561851464,1.087299405608588,True,False,True,True,False,False,False,False,True,False,False,True
-0.8576002395116509,-0.5746295958913676,0.8353928244114212,True,False,True,True,True,False,False,False,False,False,False,False
0.009242189189343886,0.43250764982331713,1.1569259012357214,True,False,True,True,False,False,False,False,True,False,False,False
-1.0396562885816834,-0.9454125704900207,-1.4858362319408878,False,False,False,False,False,False,False,False,False,False,False,False
0.5818854774252935,0.9692834559756398,1.0294984112212442,True,False,True,True,True,False,False,False,True,False,False,False
-1.2686456992408324,-0.9773203160194208,-0.45365785603024206,False,False,False,False,True,False,False,False,False,True,False,False
-1.0433572390939472,-0.7641776033198313,0.4929126172569165,False,False,True,False,True,False,False,False,True,False,False,False
-1.2364625048858033,-0.9405372201465082,0.506461924447086,True,False,True,True,False,False,False,False,False,False,False,False
-0.9818728787987339,-0.825696733093201,-0.5421076116103851,True,False,False,True,False,False,False,True,False,False,False,False
-1.1958844299632747,-0.9567412430819635,-0.9310396463704326,False,False,False,True,True,True,False,False,False,True,False,True
-0.9850031893611488,-0.8135179601463222,-0.656053853480049,False,False,False,True,True,False,False,False,False,False,False,False
0.3559368410635063,0.23837742333176537,0.14972096815844366,False,True,True,False,False,False,False,False,False,True,False,False
-0.4654790813577603,-0.14277696407515467,0.9694243160476987,True,False,True,True,False,False,False,False,True,False,False,False
-1.1834587111131867,-0.9094636592182468,-0.25591288412288926,False,False,False,True,False,False,False,False,False,True,False,True
-0.5443397780104852,-0.36135885063944284,0.6192752977274391,True,False,True,True,True,False,False,True,True,False,True,False
-0.9451628853663414,-0.9288596008615192,-1.4968387484660755,True,False,False,True,True,False,False,True,False,False,True,False
0.46162164677857437,0.6321191731724993,0.6427052003323359,False,False,True,True,False,False,True,True,True,False,True,False
-0.9650352608737035,-0.7368294246074024,0.16318365869423945,True,False,True,True,True,False,False,True,False,False,False,False
-0.9207373750299723,-0.5926310461808484,1.071267934559406,True,False,True,True,False,False,False,True,True,False,True,False
-0.03893976843676104,0.1172960604516079,0.4380391701102285,False,False,False,True,True,False,True,False,True,True,True,True
-1.1507731217124837,-0.8419857738012931,1.0294178202121738,False,False,True,True,False,False,False,False,True,False,False,True
-1.237226272035867,-0.9693694949030844,-0.6258304111232017,False,False,False,False,True,False,False,True,False,False,False,False
-1.277040579808332,-0.9735521788496275,0.16999660664780195,True,False,True,True,False,False,False,False,False,False,False,False
-0.8529252691317365,-0.4782683491837222,1.1943929903064436,True,False,True,True,False,True,False,True,True,False,True,False
-0.70467813005787,-0.4534891787966313,0.7979192694651449,True,False,True,True,True,False,False,False,True,True,False,False
-1.0449945351959609,-0.7350243228151649,0.9972454761423042,False,False,True,True,True,False,False,True,True,False,False,False
-1.0822383073515744,-0.8118747085286907,0.8623558243787276,True,False,True,True,False,False,False,False,False,False,False,False
-1.1289217817845298,-0.8354775693939861,0.667050824042312,False,False,True,False,True,False,False,False,True,False,False,False
0.6457825655148959,1.3818580259036402,1.726918927174343,True,False,True,False,False,True,False,True,True,True,False,True
-1.246310389483635,-0.9480099835827308,0.5159566844076316,True,False,True,True,False,False,False,False,False,False,False,False
-0.8724760115908372,-0.5126480915549756,1.1107692888238911,True,False,True,True,True,False,False,True,True,False,False,False
-1.234587806464913,-0.9560652848644404,-0.5784631550076517,True,False,False,True,True,False,False,False,False,False,False,False
-1.277040579808332,-0.9909171798894766,-1.1463255787891315,True,False,False,False,True,True,False,True,False,False,True,True
-1.1548746555848923,-0.8874545133914229,0.18425534069150457,False,False,True,True,True,False,False,False,False,False,False,False
0.9046613947040454,1.4671379733514267,1.2718541977841182,False,False,True,True,True,False,True,False,True,False,False,True
-1.277040579808332,-0.9732864634227457,0.19013867923476904,False,False,True,False,True,False,False,False,False,False,False,False
-0.13425243958339145,0.09848550279581106,0.6983583968037451,True,False,True,True,True,True,False,True,True,False,True,True
1.5175645164760119,2.2969981682146248,1.3191367135238419,True,True,True,True,True,False,False,True,True,False,True,True
-0.5453712305510232,-0.5321014279800267,-0.24968435291763277,True,False,False,False,False,True,False,True,False,True,True,True
-1.0743294524244895,-0.7886572374468442,0.6993551905490578,True,False,True,True,True,False,False,False,True,False,False,False
-1.277040579808332,-0.9930832190078007,-1.3105182177317678,False,False,False,False,False,False,False,False,False,False,False,False
-0.34667896599405035,0.05313387805609145,1.134064042679156,False,False,True,True,False,False,False,True,False,False,False,True
-1.01613546527461,-0.9389041663378134,-1.4825175548527851,False,False,False,True,False,False,False,True,False,False,True,False
-0.7990883886006954,-0.5457138018437895,0.6702081423112087,True,False,True,True,False,False,False,False,True,False,False,True
-0.790103680737989,-0.5350822578782691,0.48723906566100506,True,False,True,True,False,False,False,False,False,False,False,True
-1.277040579808332,-0.9736408299754784,0.16327656998015783,True,False,True,True,True,False,False,True,False,False,False,False
-1.1058237647382247,-0.8383801516395327,0.13170922487562298,True,False,True,True,True,False,False,True,False,False,True,False
1.3284751838354538,1.6671578878092987,1.0006997724378508,False,True,True,True,False,False,False,True,True,False,False,True
-1.27087442033511,-0.9810686426710548,-0.6583095210422026,False,False,False,True,True,False,False,False,False,False,False,False
-0.5390639984101582,-0.21102962054513358,0.8319448133742645,True,False,True,False,False,False,False,True,True,False,True,False
-0.5949555441700871,-0.8362638016095039,-1.4811389958332717,False,False,False,False,True,False,True,False,False,False,True,False
0.5547219668523262,1.226038732104664,1.5468976793654836,True,True,True,True,False,True,False,False,True,True,False,True
0.37449008560489117,0.4637760932707061,0.487179522529236,False,False,False,False,True,True,True,True,True,True,True,True
-0.7269102451654912,-0.4481383545789189,0.7158749267273189,True,False,True,True,False,False,False,False,True,False,False,False
-1.1400628001634172,-0.9197075367541856,-0.6560776770893083,True,False,False,True,False,False,False,True,False,False,False,False
-1.0074198803672778,-0.6937029924616636,0.9827942250947801,True,False,True,True,True,False,False,True,False,False,False,False
0.3100146199874063,0.9312037922118084,1.4189511144220177,False,False,True,True,False,True,True,True,True,True,True,False
-1.277040579808332,-0.9723919120471488,0.2579485123012457,True,False,True,True,False,False,False,True,False,False,True,True
0.3815247013916256,0.8629596449335056,1.239346486679406,True,False,True,True,True,False,False,True,True,False,False,True
0.6709807149625583,1.054434720305709,1.0332645480058542,True,False,True,True,True,False,False,False,True,False,False,False
-0.4012096237135733,-0.30931764268439066,0.14374962224099716,True,False,True,True,False,False,False,True,False,False,False,False
0.38487377063799,0.14356655025464973,-0.046349377657774804,False,False,False,True,False,False,True,True,False,True,True,True
-0.9513525317963677,-0.7000523569669851,0.5143377421074196,True,False,True,True,False,False,False,True,True,False,True,True
-0.3915204496445131,-0.19355484163575593,0.5331930487690919,True,False,True,True,True,False,False,False,True,False,False,True
1.0465734027304836,1.5784785123528124,1.183537142936761,False,False,True,True,True,True,True,True,True,False,True,False
-1.277040579808332,-0.9696839484462166,0.46322074678501984,True,False,True,True,True,False,False,False,False,False,False,False
-1.277040579808332,-0.9884398095935447,-0.9585330485961175,True,False,False,True,False,False,False,True,False,True,True,False
1.1342253920076366,1.7921312982226427,1.36392546769386,True,True,True,True,False,False,False,False,True,True,False,True
-0.23071033587506562,-0.08722141186376606,0.4396772853843439,False,False,False,False,False,True,True,False,False,True,False,True
-1.016330432050396,-0.7416375628228179,0.6305820754266589,True,False,True,True,False,False,False,True,False,False,False,False
1.0157019217246204,-0.04567107038092416,-0.8336747116718086,True,False,False,True,True,False,False,True,False,False,False,True
-1.0106830920693013,-0.9395130284857497,-1.4836167511643175,False,False,False,False,False,False,False,True,False,False,False,False
-0.8452321793378789,-0.6186333486008357,0.42011319213569226,True,False,True,True,False,True,False,False,True,False,True,False
-1.060216955178539,-0.8110944985841754,0.2790354099154373,True,False,True,True,True,False,False,True,True,False,False,False
-0.6340248791589946,-0.31704853410052125,0.9956017237967512,True,False,True,True,True,False,False,True,True,False,False,False
1.3595826588063702,1.7584229794169661,1.0463348342394783,False,True,True,True,False,True,False,True,True,True,True,True
0.8868681929521568,1.477777827681022,1.3378731428384774,False,False,True,True,True,True,True,True,False,True,False,True
-0.14085448197753164,0.1690567945816693,0.9891410082946354,True,False,True,True,True,False,False,True,True,False,False,False
-1.112794196706621,-0.7874855212879712,0.9707239569312658,True,False,True,True,False,False,False,False,True,False,False,False
-1.26807879903441,-0.955388528782139,0.9713678384141112,True,False,True,True,False,False,False,False,True,False,False,False
-1.1990438359003952,-0.9056588862758613,0.3666672478422163,True,False,True,True,True,False,False,False,True,False,False,False
1.2084530106166647,1.755160490609619,1.168521227878878,True,False,True,True,False,False,False,True,True,False,True,True
-0.5081400545371713,-0.34374987265010365,0.3695791269116245,False,False,True,True,False,False,False,True,False,False,True,True
-1.0335721302731604,-0.7697967191638259,0.32439917532926843,True,False,True,True,False,False,False,False,True,False,False,False
-0.9047281171092045,-0.5408057867623108,1.3694569770545488,True,False,True,True,True,False,False,False,True,False,False,True
-1.277040579808332,-0.9951648061169405,-1.4683091263756811,False,False,False,True,False,False,False,True,False,False,True,False
-1.2430866559263314,-0.9723268898924271,-1.1911773458472183,False,False,False,True,False,True,False,False,False,True,False,False
-1.2593236165036559,-0.9876322718208947,-1.3492288502520728,True,False,False,True,True,False,False,True,False,False,False,False
-1.277040579808332,-0.9952548428023834,-1.4751341928573745,False,False,False,False,False,False,False,False,False,False,False,False
-0.8881609264103267,-0.5217141765370072,1.3648303288364185,True,False,True,True,True,False,False,False,True,False,False,True
-1.2183102083195623,-0.9156534258176361,0.37067868268647813,False,False,True,True,False,True,False,False,True,False,False,False
-0.3666711496509065,-0.03033234599948769,0.8848418081723869,False,False,True,True,True,False,False,False,True,False,False,True
-1.0120453026228948,-0.667524414314319,1.1697346998318452,True,False,True,True,True,False,False,True,True,False,False,True
-0.9505149494443302,-0.6493961457554243,1.0005403297687285,True,False,True,True,True,False,False,False,True,False,False,False
-1.277040579808332,-0.99386710654522,-1.3699393806804252,True,False,False,True,True,False,False,True,False,False,False,False
-0.794463461032852,-0.41666448493697417,1.3607358691081353,True,False,True,True,True,False,False,False,True,False,False,True
-0.9759736632257277,-0.6250985532019476,1.1571655592367156,False,False,True,True,True,True,False,False,True,True,False,True
-1.061254209670866,-0.7209061509739022,1.1773847113792935,True,False,True,True,False,False,False,False,True,False,False,False
0.9084139636856432,1.4757437407287015,1.211287630961975,True,False,True,True,True,True,False,True,True,False,False,False
-1.0135825770037041,-0.69340562166302,0.9654888008316042,True,False,True,True,False,False,False,False,True,False,False,False
-1.277040579808332,-0.9846473605674515,-0.6710533773464907,False,False,False,True,True,False,False,True,False,False,True,False
-1.0611582121969219,-0.7655235559976393,0.8172278862373509,True,False,True,True,True,False,False,False,False,False,False,False
-1.2440155412906109,-0.9752738238304773,-1.191777277695134,False,False,False,False,True,False,False,False,False,True,False,False
-0.9795397981502176,-0.6349492070388763,1.0687818753873206,True,False,True,False,False,False,False,True,False,False,False,True
-0.4636788039817732,-0.5636001762322359,-0.5127396923956113,True,False,False,True,False,True,False,True,False,False,False,False
-1.277040579808332,-0.9655618014996492,0.7756925666798815,True,False,True,False,False,False,False,False,False,True,False,True
-0.06258579835960068,0.2700732746273477,1.1253660255727957,True,False,True,True,False,False,False,True,True,True,True,False
-1.277040579808332,-0.9734820262866021,0.17531439354938855,True,False,True,True,False,False,False,False,False,False,False,False
0.14319204248016842,0.32689917068204993,0.6550398165756671,True,False,True,True,True,False,False,False,True,False,False,False
-1.277040579808332,-0.9878294408302019,-0.912265159372144,True,False,False,True,False,False,False,True,False,True,True,False
-1.052094902774375,-0.778093420650126,0.3382803058658341,True,False,True,True,False,False,False,False,True,False,False,False
-1.0258979471638447,-0.7630993091081335,0.4714836831115051,True,False,True,True,False,False,False,False,False,False,False,False
-1.277040579808332,-0.9733310613785666,0.18675801265505612,False,False,True,True,True,False,False,False,False,False,True,False
-0.5469133452657315,-0.2636617100781582,0.9343809928599232,True,False,True,True,True,True,False,True,True,False,False,True
-1.277040579808332,-0.9955046400663881,-1.4940696181830826,False,False,False,True,False,False,False,False,False,False,False,False
-0.7250919120530523,-0.39946857328388685,0.9966633791459061,True,False,True,True,True,False,False,True,True,False,False,False
0.8581210247970231,1.0126202098497536,0.6636187132524811,True,False,True,True,True,False,False,True,True,False,True,True
-1.277040579808332,-0.9696280463213608,0.46745830525057386,True,False,True,True,False,False,False,False,False,False,False,False
0.03656709432117694,0.3685236573702848,0.9853688920231891,True,False,True,True,True,False,False,True,True,False,False,True
-0.9337133246568234,-0.8217282518591704,-0.6762593451582647,False,False,False,True,True,False,False,False,False,False,False,False
-1.277040579808332,-0.9841549121487021,-0.6337242244546794,True,False,False,False,True,False,False,False,False,False,False,False
-1.1613745476275514,-0.8667180330460136,0.3448174029875193,True,False,True,False,False,False,False,False,True,False,False,False
-0.3528922317169423,-0.020774134578201472,0.8458578685127037,False,False,True,True,True,False,False,False,True,False,False,True
-0.9981826439907391,-0.7606170643992979,0.21981876316982688,True,False,False,True,False,True,False,False,True,True,False,False
0.32453166521707816,0.46596774518870093,0.6537887963811766,True,False,True,True,False,False,False,True,True,True,True,False
-1.277040579808332,-0.986591695008126,-0.8184400981589869,True,False,False,True,True,False,False,True,False,False,False,True
-1.0639688600904516,-0.7781284406870496,0.5013921877633066,False,False,True,True,False,False,False,False,True,False,False,True
-1.171028293428957,-0.9049081917251942,-0.3776965647020427,True,False,False,False,False,True,False,False,False,False,False,True
0.9068517849079081,1.6901555119816292,1.479010109577002,False,True,True,True,True,True,False,True,True,True,False,True
0.3262606322495376,0.6349149342331875,1.0602440508170954,False,False,True,True,True,False,False,True,True,False,False,False
0.7948909677749113,0.854884146014789,0.4722471386648049,True,False,True,True,False,False,False,True,True,True,False,False
-0.23960486947143783,0.1267353632654404,1.0701321331274691,True,False,True,True,False,False,False,False,True,True,False,False
-0.9683272512817797,-0.7425199690932917,0.18873093106101457,True,False,True,True,True,False,False,False,False,False,False,True
-0.8213318910817208,-0.4640792777452704,1.1976123319173684,True,False,True,True,True,False,False,False,True,False,False,True
-1.2768611652192094,-0.968227514482475,0.5620188963468464,True,False,True,True,False,False,False,False,False,False,False,False
-1.277040579808332,-0.9953482250481516,-1.4822128634286251,False,False,False,True,True,False,False,False,False,False,False,False
1.4038030566648816,2.3924863953484863,1.750157025091291,False,False,True,True,True,True,True,False,True,True,False,True
-1.142032473426344,-0.87054006822289,0.2858327581810929,True,False,True,True,True,False,False,False,False,False,False,False
-1.2360218909192606,-0.9817872713423513,-1.3155567430331692,True,False,False,True,True,False,False,False,False,False,False,False
-1.266567229625883,-0.9535235105089215,0.9785477056047398,True,False,True,False,True,False,False,False,False,False,False,False
-1.2708899734847134,-0.9873808969360044,-1.019360009430863,True,False,False,True,False,False,False,False,False,True,False,False
-0.9512004746118718,-0.9300835715133502,-1.4976638982072756,True,False,False,True,True,False,False,False,False,False,True,False
1.45398279298651,2.13233367137308,1.4008954577791322,True,False,True,True,True,False,True,False,True,True,False,True
-1.1430850286819927,-0.9063532382821048,-0.5050083633412732,True,False,False,True,True,False,False,True,False,False,True,False
-1.277040579808332,-0.9729532250922438,0.21539920219535008,True,False,True,True,True,False,False,False,False,False,False,True
0.07287502141572003,0.4771361559186924,1.1045938048060873,True,False,True,True,False,False,False,False,True,False,False,False
-0.93394654107739,-0.6524133985346079,0.5029255957985013,True,False,True,True,True,False,False,True,False,False,False,False
-1.1507282139006825,-0.8958310369001437,-0.30641694630701133,True,False,False,False,False,True,False,False,False,False,False,True
-1.277040579808332,-0.971216405309715,0.3470556533871552,True,False,True,True,False,False,False,False,False,False,False,True
1.2033498938700633,0.3576734578907667,-0.4771853911328861,True,True,False,True,True,False,False,True,False,False,False,True
-0.47592416809932736,-0.20590594837969967,0.5734298604493278,True,False,True,True,True,False,False,False,True,False,False,True
0.5988334543602658,1.0450817001640813,1.1335919003954806,True,False,True,True,True,True,False,True,True,False,False,False
-1.277040579808332,-0.9738092009090494,0.1505135189020939,True,False,True,True,True,False,False,False,False,False,False,False
-0.7732503962606203,-0.7934251704028762,-1.161494195694195,False,False,False,True,True,False,False,True,False,False,False,False
-0.8210549189353109,-0.5488790754498131,0.9432523442425416,False,False,True,True,False,False,False,False,True,False,False,True
1.0892221096688235,1.8233168541080607,1.4878012214800966,True,False,True,True,True,True,True,True,True,False,False,True
-0.3324838238306169,-0.589989177135749,-0.8768712072747603,False,False,False,False,True,True,False,True,False,False,True,False
0.24511807760745608,0.29471315137751575,0.4060168393237746,False,False,False,False,False,True,True,False,False,True,False,True
-0.9050483290956844,-0.6524961942393827,0.3337476456350884,True,False,True,True,False,False,False,False,True,False,False,False
-0.048712256743206894,0.17610451067480565,0.7018942781588475,True,False,True,True,False,False,False,False,True,False,False,False
-1.0234811073044066,-0.801161543873849,-0.18560068063026963,False,False,False,True,True,True,False,True,False,True,True,True
1.2349225694691848,1.8696400678289684,1.2748633964928509,True,False,True,True,True,False,False,True,True,False,False,True
-1.0335721302731604,-0.7501288184602641,0.7050400465354107,True,False,True,True,False,False,False,True,True,False,False,False
-0.14085448197753164,0.2658232367617205,1.0738987080523485,True,False,True,True,True,False,False,True,True,False,False,False
-1.1315269909630685,-0.8386927113680757,0.5023097688254184,False,False,True,True,False,False,False,False,True,False,False,True
-1.1432725247042355,-0.8285881952700256,0.787395151974543,True,False,True,True,True,False,False,False,False,False,False,False
1.2852705145951369,1.9352014540070765,1.3019320959759189,False,False,True,True,True,False,True,False,False,True,False,True
-1.2462416065875621,-0.9477987508993584,0.5083303271338895,True,False,True,True,True,False,False,True,False,False,False,False
-0.88373953199498,-0.6798842832130896,0.1091773745458409,True,False,True,True,False,False,False,True,True,True,True,False
-1.277040579808332,-0.9667777428899346,0.6835203505912811,False,False,True,True,False,False,False,False,True,False,False,False
0.6493356941191454,0.9315275570821512,0.8816672692598553,True,False,True,True,False,False,False,True,True,True,False,True
-0.5272744950803249,-0.18707670233708956,1.1556794724519466,True,False,True,True,True,True,False,True,True,False,False,False
-1.0308503503210737,-0.7134963123696657,1.0038264362493392,True,False,True,True,True,False,False,False,False,False,False,False
-1.2490427339049435,-0.9492868483859871,0.3515059312324552,True,False,True,True,False,False,False,True,True,False,False,True
-0.8318141347600267,-0.6057948952491341,0.6000460119863045,True,False,True,True,False,False,False,False,True,False,False,True
-1.0509544312432122,-0.7120959921604582,1.2204411953259182,True,False,True,True,True,False,False,False,True,False,False,True
-0.48741533406419413,-0.27628782054556456,0.6584899867266389,True,False,True,True,True,False,False,False,True,True,False,False
-1.277040579808332,-0.995413995206164,-1.4871984501229707,False,False,False,False,True,False,False,False,False,False,False,False
-0.796903452775452,-0.5358671160826307,0.5811200997693174,True,False,True,True,True,True,False,True,False,False,True,False
-1.277040579808332,-0.9734790978780912,0.17553637620761012,True,False,True,True,False,False,False,False,False,False,False,False
1.5591042047425228,0.6658694655813318,-0.38452747249784736,True,True,False,True,False,True,False,True,False,True,False,True
-1.100299915191944,-0.8288699937360223,0.4214941542638102,False,False,True,True,False,False,False,False,False,False,False,False
-0.19995917620405618,-0.15474482941285367,0.2990984954688507,False,False,True,True,False,False,False,False,True,False,False,False
-0.6505932086428515,-0.3123550553089298,1.0079293559433133,True,False,True,True,True,False,False,False,True,False,False,False
-1.2630272681962467,-0.9657114062939661,0.18422574363975724,True,False,True,False,False,False,False,False,False,False,False,False
-1.277040579808332,-0.9933032936581602,-1.327200574620527,True,False,False,True,True,False,False,False,False,False,False,False
-1.1544349598881145,-0.9662210187641439,-1.3389064857015658,True,False,False,True,True,False,False,True,False,False,False,False
-0.8361591428220172,-0.7746537012099447,-0.648067741839464,False,False,False,True,True,False,True,True,True,False,True,False
-1.277040579808332,-0.9953249289552332,-1.480446945656895,False,False,False,True,False,False,False,False,False,False,False,False
-1.0667986638034652,-0.8077765924223383,0.32465613426587725,True,False,True,True,False,False,False,True,False,False,True,False
-0.434698821551068,-0.259540892118833,0.718804204542757,False,False,True,True,True,False,True,True,False,True,True,False
1.0934492930049677,0.3053135301096081,-0.46616697019485587,True,False,False,True,True,False,True,True,False,False,True,True
-1.277040579808332,-0.9736488840094433,0.1626660486467149,False,False,True,True,True,False,False,True,False,False,True,False
0.11984582805410027,0.6086231032353033,1.2568953876445381,True,False,True,True,True,False,False,True,True,True,False,False
-1.277040579808332,-0.9737539959187332,0.1546982323572392,False,False,True,True,False,False,False,True,False,False,False,False
-0.668648597890094,-0.40421049654564783,0.5867855404160421,True,False,True,True,False,False,False,False,True,False,False,False
-0.470528963675653,-0.3380455580648638,0.4748334863181535,True,False,True,True,False,False,False,False,True,False,False,True
-1.277040579808332,-0.9737126059974466,0.15783571973878407,True,False,True,True,True,False,False,False,False,False,False,False
-1.277040579808332,-0.9716806263182685,0.31186622776589323,True,False,True,True,True,False,False,False,True,False,False,False
1.4822685149236117,2.148577983459287,1.3109944545944225,False,False,True,True,True,False,True,False,True,True,False,True
-1.2751873006560777,-0.9635780113101388,0.7900689948940474,True,False,True,True,True,False,False,False,True,False,False,False
-1.277040579808332,-0.9695113960459917,0.47630076630503665,True,False,True,True,True,False,False,False,False,False,False,False
1.2006358089258087,1.6696665707131952,1.0548092228816415,True,False,True,True,True,False,True,False,True,False,False,False
-0.3918593103181432,-0.007105514786927808,1.1348479952298047,True,False,True,False,False,False,False,True,True,True,False,False
-1.2459972733185307,-0.9673220719435629,-0.6593231724866818,False,False,False,True,True,False,False,False,False,False,False,False
-1.277040579808332,-0.9713863298785027,0.3341748318293116,True,False,True,True,True,False,False,False,True,False,False,False
-0.8123654446015297,-0.5071108473324382,0.8388405568771093,True,False,True,True,True,False,False,False,False,False,False,False
-0.9821252821117854,-0.8192401141901307,-0.5329904379311757,True,False,False,False,True,False,False,False,True,False,False,False
-0.8119547246741247,-0.5096532144247475,0.8689986063408109,True,False,True,True,False,False,False,False,True,False,False,True
0.02984428674693477,0.49120700994794086,1.296162576056813,True,False,True,True,False,False,False,True,True,False,False,True
-1.072593436017293,-0.7637992691242598,0.9807049499633926,True,False,True,True,True,False,False,False,True,False,False,False
-0.6553764631162219,-0.6221089714629411,-0.5677975881714277,False,False,False,False,True,False,False,False,False,False,False,False
-0.9691373361871988,-0.836321638620415,-0.661411068392055,False,False,False,True,False,False,False,False,False,True,False,False
1.3345039105340533,1.1249677875019637,0.3366265269390699,True,False,True,False,True,True,True,True,True,False,True,True
-1.1390754076382696,-0.8169831283145407,1.027092804788585,True,False,True,True,False,False,False,False,True,False,False,True
-1.0517224160669703,-0.7739874619589583,0.661576398540701,True,False,True,True,True,True,False,False,True,False,False,False
-1.277040579808332,-0.9721240425580524,0.2782538696398344,False,False,True,True,False,False,False,False,True,False,False,False
-0.35541935655986084,-0.27665549157445757,0.1467635802033698,True,False,True,True,False,False,False,True,False,False,False,False
-1.23331226950932,-0.9449768872187504,-0.13298840694274963,False,False,False,False,True,False,False,False,True,True,False,True
-0.9993758993754547,-0.9353763846652666,-1.4819745362427934,False,False,False,False,False,False,False,True,False,False,False,False
0.9604861210093378,1.641447568396779,1.4040527142827959,True,False,True,True,True,True,True,True,True,False,False,True
-1.1618062374258833,-0.9662616299468503,-1.4560092224407644,False,False,False,False,True,False,False,False,False,False,False,False
-0.9524159804281033,-0.6193319302512482,0.9886163679668032,True,False,True,True,True,False,False,False,True,False,False,False
-1.2504784149625108,-0.9820851000980405,-1.1478578976720066,False,False,False,False,False,True,False,True,False,False,True,False
-1.2364625048858033,-0.9259140671013655,1.0210475865875888,True,False,True,True,False,False,False,False,True,False,False,False
-1.0033094519715877,-0.7285295783826737,0.4752478773929419,False,False,True,True,False,False,False,False,True,False,False,True
-1.0488348875293285,-0.757280202444484,0.5034619434222701,True,False,True,True,True,False,False,True,False,False,False,False
-1.184329334140203,-0.8747133119676648,0.7409310682312314,False,False,True,True,False,True,False,True,False,False,False,False
1.1508604940479266,1.801123125952696,1.3739677278774363,True,True,True,True,False,False,True,False,True,True,False,False
1.2742265396816614,1.4824495075345452,0.8329746214718123,True,False,True,False,True,True,True,True,True,False,False,True
-1.2364625048858033,-0.9685926820616478,-0.6808843557244663,True,False,False,True,True,False,False,False,False,False,False,False
-1.1579917824791737,-0.9342628970098265,-0.7005889276934872,True,False,False,True,True,False,False,False,False,False,False,False
-1.0461925119152575,-0.8091488414429496,0.1706409579683513,True,False,True,True,True,False,False,True,False,False,False,False
0.45195591728340767,0.9627409393695218,1.3317109001315806,False,False,True,True,True,False,True,False,True,False,False,True
-0.7089475308929317,-0.5175426040511666,0.3676575989344183,True,False,True,True,True,False,False,False,True,False,False,True
1.0234612869359092,0.14195015920355106,-0.6543562793427201,True,False,False,True,True,False,False,True,False,False,False,True
-1.0813054171822085,-0.7553456840322487,0.9863019408727003,True,False,True,True,False,False,False,True,True,False,False,False
-1.2518297282619957,-0.9669154385994584,-0.5010626463885369,True,False,False,True,True,False,False,False,True,False,False,False
-1.2500176094205788,-0.9840930691985555,-1.3183160344008893,True,False,False,True,True,False,False,False,False,False,False,False
-0.784101297376916,-0.8836709301030952,-1.4895083802874787,False,False,False,False,False,False,False,True,False,False,False,False
-1.1466396022831815,-0.916776264344189,-0.39862809887357736,False,False,False,True,False,True,False,False,False,True,True,False
-0.4193537238684875,-0.24537570129868194,0.47821252702265404,True,False,True,True,True,False,False,False,True,False,False,True
-0.8164275086768068,-0.5344093289143641,0.8532876086993819,True,False,True,True,True,False,False,False,False,False,False,False
-0.4132804655494601,-0.15784162375807154,0.7678764758774504,True,False,True,True,False,False,False,False,True,True,False,False
-0.7265083777572995,-0.5209865906960829,0.47795686468941107,True,False,True,True,False,False,False,False,True,False,False,True
0.1978691312473967,0.5183438185354485,0.9765932329144901,False,False,True,True,True,False,False,False,True,False,False,False
-1.1281119286086345,-0.816099406496335,1.0527934356051367,True,False,True,True,False,False,False,False,True,False,False,True
1.391927817099907,1.983345041440148,1.2520950455777657,True,False,True,True,False,True,False,True,True,False,True,True
0.7779687543422604,1.4235815944696542,1.5228428555262818,False,True,True,True,False,True,False,True,True,True,False,True
-1.2747864102348487,-0.962201372850212,0.8540735522520236,True,False,True,True,True,False,False,True,False,False,True,False
-1.0426774617228303,-0.8085204606675171,0.16911341848460246,True,False,True,True,True,False,False,True,False,False,False,False
-1.063162836538869,-0.7799911064042788,0.4986098016392999,True,False,True,True,False,False,False,True,True,True,False,False
0.34135448467832313,0.7483894933310764,1.1615552380269505,True,False,True,True,True,False,False,False,True,False,False,False
-1.2120338658106553,-0.9456967317241469,-0.35533499772828053,False,False,False,True,True,True,False,False,False,True,True,False
-1.2600653969281588,-0.958911901393187,0.346705547528524,True,False,True,True,False,False,False,False,True,False,False,False
-1.277040579808332,-0.9952891640674646,-1.4777358536666632,False,False,False,True,False,False,False,False,False,False,False,False
-0.9447460417617819,-0.5714419926384215,1.2758732494334601,True,False,True,True,True,True,False,False,False,False,False,True
1.0246349600101963,0.1429374888250969,-0.6539258739326165,True,False,False,True,True,False,False,True,False,False,False,True
-0.5439665637587363,-0.358082489047367,0.45488161572192043,False,False,True,True,False,False,False,True,True,False,True,True
-1.0260965479432396,-0.854233123329608,-0.6479383328463759,True,False,False,False,True,False,False,True,False,False,False,False
0.263333069846011,0.6332790167486948,1.0172334857544127,False,False,True,True,True,False,False,False,True,True,False,False
-0.8416382492477079,-0.49179098637940233,1.143414469966228,True,False,True,True,True,False,False,False,True,False,False,False
-0.4654790813577603,-0.2851771135889207,0.4683166825381466,False,False,True,True,True,False,False,False,False,False,False,False
-1.1220065536233645,-0.812813515317843,0.9846951737063153,True,False,True,True,True,False,False,False,False,True,False,False
-0.9595553164522079,-0.8261590030134295,-0.6548969116387836,True,False,False,False,False,False,False,False,False,False,False,False
-1.277040579808332,-0.972925543393039,0.21749756284100685,False,False,True,True,True,False,False,False,False,False,False,False
1.3847350133659182,1.6022363543503617,0.8394277894891871,True,True,True,True,True,True,False,True,True,False,True,False
-1.2451322116372288,-0.9441938499125799,0.47209939406335116,True,False,True,False,False,False,False,True,False,False,True,False
1.4435385392183524,2.1394153518006123,1.411067040121674,True,True,True,True,True,True,False,False,True,True,False,False
-1.0147589913042567,-0.7325788431699629,0.49056282898980047,True,False,True,True,False,False,False,False,False,False,False,False
-0.6683694559704032,-0.342166611678575,0.9949869945814068,True,False,True,True,False,False,False,False,True,True,False,False
1.587868394804154,2.2729822255565226,1.3056520987791238,True,True,True,True,True,False,False,True,True,False,True,True
-1.1445825330340489,-0.8612014810488815,0.36354905150139427,True,False,True,True,False,False,False,False,False,False,False,True
-1.277040579808332,-0.9736510367132684,0.1625028668653143,True,False,True,False,False,False,False,False,False,False,False,False
-1.2574397587702317,-0.9768666736407946,-0.5644423624218672,False,False,False,False,True,False,False,False,False,False,False,False
-1.2146693391399246,-0.9248945953667437,0.1620774113106637,True,False,True,False,False,False,False,False,False,False,False,False
-0.7597012358395234,-0.350947339633431,1.3470883678355408,True,False,True,True,False,False,False,False,True,False,False,True
0.6361612395333645,1.1337804653862669,1.2118144338261663,True,False,True,True,True,False,True,False,True,True,False,False
-1.1984378189863636,-0.9577711093135525,-0.9349391198236298,False,False,False,True,True,False,False,False,False,True,True,True
-1.162979198234832,-0.9351999514055973,-0.6509816647771276,True,False,False,False,False,False,False,True,False,False,False,False
0.5396017559592786,0.9726478844921063,1.188037412819731,True,False,True,True,True,True,False,True,True,False,True,True
1.510578439662597,2.149789571033384,1.2964311931755168,False,True,True,True,True,True,False,True,True,True,False,False
-0.3744671705925844,0.09344201439545835,1.370269309272567,True,False,True,True,True,False,False,False,True,False,False,True
0.6323178623066368,1.221106833441544,1.3934614193608106,True,False,True,True,False,False,True,True,True,True,False,False
-0.5210007605168733,-0.40700056292823594,0.21150212067367166,False,False,True,True,True,False,False,True,False,False,False,False
-1.0251463647751045,-0.758703812896112,0.4335293225935037,True,False,True,True,False,False,False,True,True,False,True,True
0.6816191548645155,-0.19894133168108188,-0.9581034887344715,True,False,False,True,True,False,False,True,False,False,False,True
-0.23948203576152172,0.11783509209842358,1.0353810240070185,True,False,True,True,True,False,False,False,True,False,False,False
-0.8523830747021963,-0.5660713552586325,0.7002609774248642,False,False,True,True,True,False,False,True,False,True,False,True
0.5520386040863824,0.9743045835737177,1.173937858731993,True,False,True,True,True,True,False,True,True,False,True,True
-1.277040579808332,-0.984758719095813,-0.6794947071848048,False,False,False,True,False,False,False,False,False,False,False,False
-0.09024060254925931,0.2636271648316283,1.1591648642559114,True,False,True,True,False,False,False,True,True,True,True,False
-1.1181464388788025,-0.8364345122030447,0.3319105644672959,True,False,True,True,True,True,False,False,False,False,False,False
-0.012080751652099736,0.11034779355478871,0.5455838393074779,False,False,True,True,False,False,False,False,True,True,False,True
-0.1388240733773698,0.231357731581163,1.0181012474054085,True,False,True,True,False,False,False,False,True,False,False,True
-1.0918204566096732,-0.8023952330057226,0.6000069377576914,False,False,True,True,True,False,False,True,True,False,True,True
0.006305052446256003,0.4721080930300214,1.2557872064112514,True,False,True,True,False,False,False,True,True,True,True,False
-0.9766682087824325,-0.6960678565996565,0.6783469564860364,True,False,True,True,True,False,False,False,True,False,False,False
-1.21183760286723,-0.917390939218276,0.33376393167361174,False,False,True,True,False,False,False,False,True,False,False,False
-1.264071923376791,-0.9640030254991849,0.19377816396741548,False,False,True,True,True,False,False,True,False,False,False,False
-1.277040579808332,-0.9740383231776769,0.13314532383664607,True,False,True,True,False,False,False,True,False,False,False,False
-0.16598507014609734,0.25791809559068746,1.1578275700776928,False,False,True,True,False,False,False,True,True,True,False,False
-0.7968311694327872,-0.5448632663712766,0.6638313263864754,True,False,True,True,False,False,False,False,True,False,False,True
-1.1701316473675551,-0.9338517287826344,-0.6509392646305985,True,False,False,True,False,False,False,True,False,False,True,False
-0.7037575465271702,-0.6546450522916278,-0.4457361918650827,False,False,False,False,True,False,False,False,False,True,False,False
-1.1948161577113992,-0.9441358377660846,-0.5461054740341884,True,False,False,True,False,True,False,True,False,False,False,False
-1.2268356655446357,-0.9434143647988026,0.166804321438452,True,False,True,True,True,False,False,False,False,False,False,False
-1.2201387898214848,-0.9463157638263802,-0.5012701625719213,True,False,False,True,True,False,False,True,False,False,True,False
-0.08238573332069049,0.200860984593128,0.9630270895652921,True,False,True,True,True,False,True,True,False,False,True,False
-1.253024514777549,-0.9524009973770919,0.297646437300957,True,False,True,False,True,False,False,True,False,False,False,False
0.30800312244417927,-0.25774591035084077,-0.7534511587074132,True,False,False,True,True,True,True,True,False,False,False,True
0.17070683435882317,-0.6462275666209069,-1.3732169754063344,False,False,False,False,True,False,True,True,True,False,False,False
-1.014038219747128,-0.7409538917633379,0.4919162402421152,True,False,True,True,False,True,False,False,False,False,False,True
1.4376532661469001,2.2938399350313126,1.552921350872915,False,False,True,True,True,True,True,False,True,True,False,True
-0.5758970039199475,-0.5655443112165239,-0.34951013284453386,False,False,False,True,True,False,False,False,False,True,False,True
-0.790103680737989,-0.5144913568028453,0.5981166689201634,True,False,True,True,False,False,False,False,True,False,False,False
-0.36324648381189334,-0.19267842167384733,0.5170642198468643,True,False,True,True,True,False,False,False,True,False,False,True
-1.1882338151372427,-0.8902221902892847,0.45492526542894723,True,False,True,True,True,False,False,True,True,True,False,False
-1.277040579808332,-0.9886829578912938,-0.9769644611796138,True,False,False,True,False,False,False,False,False,False,False,False
-1.2733085257064374,-0.9690391549277415,0.3140684242203136,True,False,True,True,False,False,False,True,True,False,False,False
-0.7818344289753674,-0.539961367087326,0.6289894163646802,True,False,True,True,False,False,False,False,True,False,False,True
-0.8668709364754468,-0.5066532465553658,1.183285766724811,True,False,True,True,False,False,False,False,True,False,False,False
-1.1675101452519139,-0.9295592575360956,-0.5656005497953398,False,False,False,True,True,True,False,False,False,True,False,True
1.526605153637134,2.3653115530547537,1.6034860368131352,False,True,True,True,True,True,False,True,True,True,True,True
0.5086569567024716,-0.0525089602376137,-0.5239207925181647,False,False,False,True,True,False,True,True,False,False,False,True
-0.9395775112702415,-0.8702310129573119,-1.0003133159134936,True,False,False,True,False,False,False,False,False,False,False,False
-1.0902140166721261,-0.8064959834350918,0.5173582884126212,True,False,True,True,False,False,False,True,False,False,False,False
-1.277040579808332,-0.9697644585515452,0.4571178253079122,True,False,True,True,True,True,False,True,True,False,False,False
-1.277040579808332,-0.9725090567633701,0.24906857106111024,True,False,True,True,True,False,False,False,False,False,False,True
1.256934229976426,1.7434190722836518,1.161602838432396,True,False,True,True,False,False,True,False,True,False,True,False
-1.277040579808332,-0.9847594821746606,-0.6795525509830244,False,False,False,False,True,False,False,False,False,False,False,False
0.05477615126025302,0.31951172955571716,0.8755645840338709,True,False,True,True,True,False,True,True,False,False,True,False
-0.7338337268316556,-0.45312673832778944,0.7941764484462888,False,False,True,True,False,False,False,True,True,False,True,True
0.1208435464861889,0.21409675190355082,0.4210143740587948,False,False,True,True,False,False,False,False,False,True,False,True
-1.2475782095252212,-0.9476398431351903,0.3195048366742342,True,False,True,True,True,False,False,True,True,False,False,False
-1.0103657502438497,-0.7567065145438776,0.25422186298153704,False,False,True,True,True,False,False,True,True,False,True,False
-1.1664318267797023,-0.9203927931290571,-0.49353462345510984,False,False,False,False,True,False,False,False,True,False,False,False
-1.277040579808332,-0.9842446115570119,-0.6405237242593624,True,False,False,True,False,False,False,False,False,False,False,False
-1.277040579808332,-0.9812982106682578,-0.41717718669462833,False,False,False,False,True,False,False,False,True,True,False,True
-1.05111561072618,-0.8092809114955314,0.19112404681138612,True,False,True,True,True,True,False,False,False,False,False,False
-0.9946673597122039,-0.9362554386610314,-1.481590825198447,False,False,False,False,False,False,False,True,False,False,False,False
-0.8012365228941549,-0.45535402003073827,1.0677487698363501,False,False,True,True,True,False,False,False,True,False,False,True
-1.2132848346248197,-0.941929107971503,-0.5476485491452002,True,False,False,True,True,False,False,False,False,False,False,False
-1.0403263761767363,-0.7690346751817133,0.5083665088533064,True,False,True,True,False,True,False,False,False,False,False,True
-0.4249010064352317,-0.016278778034497517,1.148828435842502,False,False,True,True,True,True,False,False,True,False,False,False
-1.2339253081725219,-0.9431504494380457,0.27828782383944106,False,False,True,True,True,False,False,False,True,False,False,False
-1.277040579808332,-0.9955863694968552,-1.5002649683751164,False,False,False,False,False,False,False,False,False,False,False,False
0.5461702222903394,1.1804783238447452,1.4854410751305376,True,False,True,True,True,False,False,True,True,True,True,True
-0.8379778893551973,-0.5381379626176395,0.8318831428821418,True,False,True,True,True,False,False,False,False,False,False,False
-0.29442471032554873,-0.3405626984981406,-0.1651450658801139,False,False,False,True,True,False,True,False,False,True,False,True
-0.20108758082474598,-0.6857987807207138,-1.3122270251277945,True,False,False,False,True,False,True,False,True,False,False,False
-0.984361790351036,-0.7346609746527104,0.16501709526352257,False,False,True,True,True,False,False,True,False,False,True,False
-1.2089918108971105,-0.9492421623428676,-0.6532115697550998,True,False,False,True,True,False,False,False,False,False,True,False
-1.1068192204590084,-0.9034590127898133,-0.5105130997132357,True,False,False,True,True,False,False,False,False,True,False,False
-0.09057364702691906,0.21391244579720503,0.9875067250453003,True,False,True,True,True,False,False,True,True,False,False,True
-1.1822320397508363,-0.8653817050527635,1.1158424329123813,False,False,True,True,False,True,False,False,False,False,False,False
-0.37713996850238046,0.04265759374369424,1.314433255305228,False,False,True,True,False,True,False,True,True,True,False,False
-1.277040579808332,-0.9731425440666981,0.20104822314119883,False,False,True,False,False,False,False,False,False,False,False,False
0.7018073834172414,0.694774711850347,0.39977232722709927,False,False,True,False,True,False,False,False,True,False,True,False
-1.2063178039771858,-0.919897240867151,0.32155983619667805,True,False,True,True,False,False,False,False,True,False,False,False
-1.277040579808332,-0.9733364078042066,0.186352736625033,False,False,True,False,False,False,False,False,False,False,False,False
-0.8306817556605175,-0.6037016597042154,0.45174282801038834,True,False,True,True,False,True,False,False,True,False,True,False
-1.277040579808332,-0.9692747863297477,0.494236533660709,True,False,True,True,True,True,False,True,True,False,False,False
-1.021036753262595,-0.7293580902418235,1.0415138823984889,False,False,True,True,False,False,False,False,True,False,False,True
-0.874474969081186,-0.5136940290606447,1.1834430015262896,True,False,True,True,False,False,False,False,True,False,False,False
-1.2364625048858033,-0.9727579310109987,-0.8553405609851814,True,False,False,True,False,False,False,False,False,False,False,False
-1.1271717718410692,-0.9633648884391696,-1.473697244961842,False,False,False,False,True,False,False,False,False,False,False,False
-1.277040579808332,-0.9736631244053885,0.16158658144316818,True,False,True,True,True,False,False,False,False,False,False,False
-0.9267888533830744,-0.6702477868639715,0.3240648939282893,True,False,True,True,False,False,False,False,True,False,False,False
0.24558146350161722,0.3187454324377874,0.46477704898647276,True,False,True,True,True,True,False,True,False,False,False,True
-0.8713837676737219,-0.6110941811468553,0.5125420685264798,True,False,True,True,False,False,False,False,False,False,True,False
0.3694056416994491,0.8452345992387598,1.2137403164182679,True,False,True,True,True,False,False,True,True,False,False,True
-0.43222201999327675,-0.7656664534883443,-1.3885290422426155,False,False,False,False,True,False,True,False,True,False,True,False
-1.2514663609175247,-0.9744828870790815,-0.669590279102636,True,False,False,False,True,False,False,False,False,False,False,False
-0.9720491174341451,-0.7988867299788764,-0.36543748068386095,True,False,False,False,True,False,False,False,True,False,False,False
-1.0766568828252643,-0.9302755768874524,-1.0401903451656538,True,False,False,True,True,False,False,False,False,False,False,True
0.9491534959958614,1.4705248679463598,1.1888672273444945,True,False,True,True,True,False,False,True,True,False,False,True
-0.3670587806350002,-0.6492141158921635,-0.9536963245180428,False,False,False,True,False,False,True,False,False,False,False,False
-0.8954966804801935,-0.7707388100077248,-0.46960759509639927,True,False,False,True,True,True,False,True,False,True,False,False
-0.6614043073565357,-0.8345865959302391,-1.3587369391616821,False,False,False,False,False,False,False,True,True,False,True,False
-1.277040579808332,-0.995439428468341,-1.48912637210666,False,False,False,False,True,False,False,True,False,False,True,False
-0.9260610695968006,-0.6621095462529702,0.6222921004226166,True,False,True,False,False,True,False,False,True,True,False,False
-1.265176236047944,-0.9611351307401208,0.48955986225511894,True,False,True,True,True,False,False,False,False,False,False,False
-0.37086081578164826,-0.16369937444527635,0.5745413016806923,False,False,True,True,False,True,False,False,False,False,False,True
-1.277040579808332,-0.9951812356432934,-1.4695545366111888,False,False,False,False,False,False,False,False,False,False,False,False
0.1266212299132726,0.26079308853919675,0.5578658511346435,False,False,False,False,False,True,True,True,False,True,True,True
-1.277040579808332,-0.9954142746356422,-1.4872196317641606,True,False,False,True,True,False,False,False,False,False,False,False
-0.9925408229149139,-0.7366097244362223,0.31388482401139767,False,False,True,False,True,False,False,False,False,False,False,False
-0.5586139509790127,-0.8290493411547335,-1.4923046589619167,False,False,False,False,False,False,False,True,False,False,False,False
0.6292990713876978,1.0145831967417356,1.0315683341269042,True,False,True,True,True,False,False,False,True,False,False,False
-0.8306817556605175,-0.5277082439090702,0.8315148802519061,True,False,True,True,False,False,False,False,False,True,False,False
-1.277040579808332,-0.9730286935038979,0.20967845709825172,False,False,True,True,True,False,False,False,False,False,True,False
-1.0335721302731604,-0.7949093600390876,0.24462591475674972,True,False,False,True,False,False,False,False,True,True,False,False
1.4248998819151195,2.22333033417567,1.45037655322099,True,False,True,True,False,False,True,True,True,True,False,True
-0.8729213563430318,-0.546194993228566,1.1609546253309806,False,False,True,True,False,True,False,False,True,True,False,False
-1.2429343938647701,-0.9409114180621135,0.7125861066463831,False,False,True,True,True,False,False,True,True,False,False,False
-0.8306817556605175,-0.6409630992464831,0.3973704591224574,False,False,True,False,True,True,False,True,False,True,False,False
-0.9929940553506318,-0.7262037100616804,0.6689274380934053,True,False,True,True,False,False,False,True,True,False,False,False
0.3431702716732987,0.48850461595208994,0.672786476976537,True,False,True,True,False,False,False,True,True,True,True,False
-0.6959180358151265,-0.6472800754772103,-0.3875851847311578,False,False,False,False,True,True,False,False,False,True,False,False
-1.0623767335730763,-0.7968614621330552,0.16514230401504928,False,False,True,True,True,False,False,True,False,False,True,False
-1.1186497208269672,-0.9219250916106334,-1.0805002101684147,False,False,False,False,True,True,False,True,False,False,True,False
-1.1876040748572039,-0.9324885944086637,-0.5072273699907379,True,False,False,True,True,False,False,True,False,False,True,False
0.3413532415889241,-0.26074316979559004,-0.7752782692106374,True,False,False,True,True,True,True,True,False,False,False,True
1.4705338450611598,2.1530420675596034,1.335037507638014,True,False,True,True,True,False,True,False,True,True,False,True
0.02320632675163173,-0.18395752692036582,-0.34347752327353476,False,False,False,True,False,True,False,False,False,False,False,True
-0.8205319958329763,-0.8222046276787712,-0.9903923104040386,True,False,False,True,False,False,False,False,False,False,False,False
-1.1577419581765986,-0.8513696865062168,0.9874697107948099,True,False,True,True,False,False,False,False,True,False,False,False
-0.9668430340677938,-0.706849024067553,0.3198100946060862,True,False,True,True,False,False,False,False,True,False,False,False
-0.3175025946443978,-0.7738440788912228,-1.496808368528409,False,False,False,False,False,False,False,True,False,False,False,False
-1.277040579808332,-0.9950033259347262,-1.4560684161177675,False,False,False,False,False,False,False,False,False,False,False,False
-0.31708054925407625,0.023695044347448593,1.1155714819309002,True,False,True,True,False,False,False,False,False,False,False,True
-1.1489286424686032,-0.955310345369472,-1.1251187161002132,True,False,False,False,True,False,False,True,False,False,False,True
-0.5529620280433118,-0.7806304763470076,-1.3792144355504592,False,True,False,False,False,False,False,False,True,False,False,False
-0.2996684826839473,-0.04685338720218771,0.8427213150661728,True,False,True,True,True,False,True,True,False,False,True,False
0.3150777210467355,0.4499288317488434,0.661797671739893,True,False,True,True,False,False,False,True,True,True,True,False
-1.0187088971824654,-0.7725782305667053,0.30472992016577305,False,False,True,True,False,False,False,True,False,False,False,False
-1.0335721302731604,-0.7116289840195211,1.0339401613816481,True,False,True,True,True,False,False,False,True,False,False,True
-1.277040579808332,-0.9647058385433199,0.8405772751082159,True,False,True,True,True,False,False,False,False,False,True,False
0.11217078387918467,0.5186997370384199,1.0089643847223875,True,False,True,True,True,False,False,False,True,False,False,False
-1.1958844299632747,-0.9228491523877059,-0.3766226211298057,False,False,False,True,True,False,False,False,False,False,True,False
1.0941778373609494,0.2099739795093796,-0.6196048485247869,True,True,False,True,True,False,False,True,False,False,False,True
-0.7929097917275505,-0.4900782767091917,0.8024283823563393,False,False,True,True,True,False,False,True,False,False,True,False
-1.1458458182613356,-0.9077839800718457,-0.3862772840128138,False,False,False,True,True,True,False,False,False,False,False,False
-0.8324612915429657,-0.49268867116032733,1.1448929280778675,False,False,True,True,True,False,True,True,False,True,True,True
-0.49032397608937994,-0.2019937822881104,0.8318265224076148,False,False,True,True,True,False,False,True,False,False,False,False
1.3605342901560258,2.000011288466051,1.1882334497577804,False,False,True,True,True,False,True,True,True,True,False,False
-1.277040579808332,-0.9637727906380217,0.9113052672920996,True,False,True,True,True,False,False,False,True,False,True,False
-0.395249907201737,-0.7338094581750829,-1.3379172153910548,False,True,False,False,True,False,False,False,True,False,False,False
-1.277040579808332,-0.9953379726250834,-1.4814356972247082,True,False,False,True,True,False,False,False,False,False,False,False
0.19398135242646436,0.6327969243262616,1.1800152705789313,True,False,True,True,True,False,False,False,True,False,True,False
-1.2315290713318345,-0.9349011713152005,0.6130815499310813,True,False,True,True,False,False,False,False,False,False,False,False
0.18673436990033954,-0.594317987299785,-1.3241897161971852,False,True,False,True,True,False,False,True,True,False,False,False
-1.0530940886666864,-0.7821517216359566,0.3215535292950169,False,False,True,True,True,False,False,False,False,False,False,False
0.17952235330526006,0.1569768734591382,0.16735783947170202,False,False,True,True,True,False,False,True,False,False,True,False
-1.1438232882842005,-0.8751471202217415,0.4629496010239297,False,False,True,True,True,False,False,True,True,False,False,False
-0.5565990279532584,-0.8147009299964412,-1.427039067232699,False,False,False,False,True,False,True,False,True,False,False,False
0.34608241709281135,0.9776718341493984,1.6316895261430406,False,False,True,True,False,True,False,True,True,True,False,True
-0.16705648356131086,-0.35622243372921825,-0.3979577394763658,False,False,True,True,True,False,False,True,False,False,False,True
-1.270333653383779,-0.9582871500813887,0.8024320822576211,False,False,True,True,True,False,False,True,False,False,True,False
-0.302196737521543,-0.34866423026819565,-0.21119736708765033,False,False,False,True,True,True,False,True,False,False,True,True
-1.0335721302731604,-0.7562140399611695,0.4812415619365849,True,False,True,True,False,False,False,False,False,False,False,False
-1.1901713775643388,-0.9299097287277757,-0.7812305587811813,False,False,False,False,False,True,False,False,False,True,False,False
0.8711735247191846,1.0548484223529981,0.8205531713254162,True,False,True,True,True,False,False,False,True,True,False,True
-1.277040579808332,-0.995319927975576,-1.4800678555286169,False,False,False,False,True,False,False,False,False,False,False,False
-1.273650105640721,-0.9877669117735004,-0.9836454915377715,True,False,False,True,True,False,False,False,False,False,False,False
-0.027658640176056327,0.4487478699383601,1.321827785571769,True,False,True,True,True,False,False,True,True,True,False,False
-1.2030574184334921,-0.9706788799579237,-1.1463246951244137,False,False,False,False,False,True,False,True,False,False,True,True
0.39994710885183943,0.8823207495595697,1.2136558544689708,True,False,True,True,True,False,False,False,True,False,False,True
-1.1847096552181113,-0.9729199427164872,-1.340858980754518,True,False,False,True,True,False,False,False,False,False,False,False
-1.0048208333557127,-0.696951717560908,0.9749958809721369,True,False,True,True,True,False,False,False,True,False,False,False
-0.6790879845922779,-0.3519160150166906,0.9613125761365976,True,False,True,True,False,True,False,False,True,False,False,True
1.4641717342453016,0.4820298914520345,-0.5052034045295537,True,True,False,True,True,False,False,True,False,False,False,True
-0.6441799381417758,-0.4332024984833816,0.6422186722309339,True,False,True,True,True,False,False,True,True,False,True,False
-0.46233319180270016,-0.12668253377015512,1.1651999087221447,True,False,True,True,False,False,False,False,False,False,False,True
0.732705693720712,0.8688553878152881,0.7423333541971125,True,False,True,True,True,True,False,False,True,False,False,True
-1.277040579808332,-0.9738862618429129,0.14467205556775278,True,False,True,True,False,False,False,False,False,False,False,False
-1.277040579808332,-0.973202145611043,0.19653023693852084,False,False,True,True,True,False,False,False,False,False,False,False
-0.24101767568770385,-0.15368881150086908,0.3749582411359356,False,False,True,True,False,True,False,True,False,False,False,True
-1.0117866763712111,-0.7301100056081348,0.7801072078770466,True,False,True,True,True,False,False,True,False,False,False,True
-1.2460954660335313,-0.9523920759316499,0.29708914556613114,False,False,True,True,False,False,False,False,True,False,False,False
-0.10640769502200581,0.31901537308111794,1.3016684393086786,True,False,True,True,True,False,True,False,True,False,False,True
-1.2590595600755818,-0.9909654969433969,-1.3280245066351652,False,False,False,True,False,False,False,True,False,False,True,False
-1.277040579808332,-0.9933224629241533,-1.3286536658151338,True,False,False,False,True,False,False,False,False,False,True,False
-0.8943262478769806,-0.9142189695109368,-1.4899607770066698,False,False,False,False,False,False,False,False,False,False,False,False
-0.9942830199251911,-0.7916857101533888,-0.2734830718981792,False,False,False,True,True,False,False,False,True,True,False,True
-1.0089355422044899,-0.7552325218291809,0.30333823188058273,True,False,True,True,False,False,False,False,True,False,False,False
-1.163073632218623,-0.9701533008713367,-1.324204907148134,True,False,False,True,True,False,False,True,False,False,False,False
1.3765394165832578,2.1832622222952978,1.5931172644641274,False,True,True,True,False,True,False,True,True,True,True,True
1.5025438265982367,2.3408303526124916,1.4235948011146284,False,True,True,True,True,False,False,True,True,True,True,True
-1.277040579808332,-0.9918346270785372,-1.2158709871744273,True,False,False,True,True,False,False,True,False,False,True,True
-0.5585948209119689,-0.09323885659535958,1.3364280670543423,False,False,True,True,False,False,False,True,True,False,True,True
-1.277040579808332,-0.9727926274515087,0.22757301300844807,False,False,True,True,False,True,False,False,False,False,True,False
-1.2148545149822245,-0.9454851536185082,-0.3520322331238043,False,False,False,False,False,False,False,True,False,False,True,False
-0.9399328601215415,-0.684351442760501,0.4883851954680523,False,False,True,True,True,False,False,False,True,False,False,True
-1.2290332139874085,-0.9798501148467975,-1.3154618221477175,True,False,False,True,True,False,False,False,False,False,False,False
0.33657059936100037,0.43955767741888696,0.4947532837051761,False,False,False,False,True,True,True,True,True,True,True,True
-1.277040579808332,-0.9931354787093364,-1.3144796689506735,True,False,False,True,True,False,False,False,False,False,False,False
-1.2306662529354861,-0.9270398831166826,0.42302833541041596,True,False,True,False,False,False,False,False,False,True,False,False
-1.133409136854944,-0.8505626738880514,0.4304724956666761,False,False,True,True,False,False,False,True,True,False,False,False
-1.277040579808332,-0.9841092183474796,-0.6302604893159182,False,False,False,False,True,False,False,True,False,False,False,False
-1.2046607068771658,-0.9740052612081637,-1.32954300728675,False,False,False,True,True,False,False,False,False,False,False,False
-0.7410589724352711,-0.5205495125103627,0.5401518903369502,True,False,True,True,False,False,False,False,True,False,False,False
-1.277040579808332,-0.9735833824374048,0.167631275671873,True,False,True,True,True,False,False,False,False,False,False,False
-1.0323052723927826,-0.7211768774052615,0.7218267562721251,True,False,True,True,True,False,False,False,True,False,False,True
-1.277040579808332,-0.9738676533596263,0.1460826376536097,True,False,True,True,False,False,False,False,False,False,False,False
-1.277040579808332,-0.9931145993864243,-1.3128969500148704,True,False,False,True,True,False,False,False,False,False,False,False
-1.218174242246632,-0.9293368348028788,0.15576013641853767,True,False,True,True,True,False,False,False,False,False,False,False
1.1310745904184931,1.3843684461963361,0.8570285774956972,True,False,True,False,True,True,True,True,True,False,True,True
-0.8670811038323417,-0.5821654926464401,0.6293983382864575,True,False,True,True,False,False,False,False,True,False,False,False
-0.9284819940173703,-0.6653820708201668,0.5657232869417556,True,False,True,True,False,False,False,False,True,True,False,True
-1.2515402439685261,-0.9597344018617288,0.16175916990905526,True,False,True,False,False,False,False,False,False,False,False,False
-1.0615154761212384,-0.7914652624911837,0.4724356303464371,True,False,True,True,False,True,False,False,True,False,False,False
-1.0124863706693363,-0.6824493506896179,1.1108405286456575,False,False,True,True,False,True,False,False,True,True,False,True
-0.9106231468649294,-0.6491746399824293,0.30450450434794385,False,False,True,True,True,False,False,False,True,False,False,False
-1.1130191432039158,-0.8467976475873584,0.21468869834304122,True,False,True,True,False,False,False,False,False,False,False,False
-0.29152622994128996,-0.3031251488895842,-0.1888233316787101,False,False,False,True,True,False,True,False,False,True,False,True
-0.09892059462273378,0.2336270336067984,0.9432805876765535,False,False,True,True,False,False,False,True,True,False,True,True
-0.6915438746774514,-0.47943822914659084,0.3097748749917361,True,False,True,True,False,False,False,False,True,False,False,False
-0.7861790981471969,-0.4688363877468963,0.8976244898446252,True,False,True,True,False,True,False,False,False,True,False,False
-0.6350493410970264,-0.2704663120840547,0.9347228838701882,False,False,True,True,False,True,False,True,True,True,False,False
-0.8308613516861449,-0.7305680993052595,-0.5071023191162938,False,False,False,False,True,False,False,False,False,True,False,False
-1.1011318349300607,-0.8926592701664283,-0.5560924972333302,True,False,False,True,True,True,False,False,False,False,False,False
-1.1488520554941517,-0.954652586618592,-1.2283323976917049,False,False,False,False,True,True,False,False,False,False,True,False
-1.2439062360754152,-0.9653923614486181,-0.6520217210494829,True,False,False,True,True,False,False,False,False,False,False,False
-0.6912929055930888,-0.8685167402591842,-1.4927634167322992,False,False,False,False,False,False,True,False,False,False,True,False
-0.6277913810478746,-0.3290929782786023,0.827930473828447,True,False,True,True,True,True,False,True,True,False,True,False
1.1713147679384073,1.7768870743573826,1.2740643097260334,False,False,True,True,False,False,True,True,True,True,False,False
-1.277040579808332,-0.97397453078439,0.1379809896884874,False,False,True,True,False,False,False,True,False,False,True,False
-1.252199741019364,-0.9797434439254944,-1.2254583309531433,False,False,False,False,True,False,False,False,False,True,False,False
-0.756062155282003,-0.7395976732869026,-0.7801607162464126,False,False,False,True,True,False,False,False,False,False,False,True
-1.2690689381503535,-0.9542055822148672,1.0245789018782638,True,False,True,True,False,True,False,False,False,False,False,False
-1.268784047618572,-0.9676146092330562,0.14404460427095223,True,False,True,True,False,False,False,True,False,False,False,False
1.025039049789422,1.678618268756244,1.3320508210951347,False,False,True,True,False,True,True,True,True,True,False,True
-0.9275315679181539,-0.691829057230305,0.2177021298315578,True,False,True,False,False,False,False,False,False,False,False,False
-0.8080546194266962,-0.8946655813077566,-1.4876147805648285,False,False,False,False,False,False,False,False,False,False,True,False
-1.2212572060351976,-0.9162935009877218,0.6728626421645738,True,False,True,True,True,False,False,False,True,False,False,False
-1.2718572683235543,-0.9617561203291942,0.6574027042764898,True,False,True,True,True,False,False,True,False,True,True,False
-0.8982705157480567,-0.5749132744374171,0.8175528211956351,True,False,True,True,False,False,False,False,False,False,False,False
-1.277040579808332,-0.9723202015820082,0.2633843931270547,True,False,True,False,False,False,False,False,False,False,False,True
0.8255188505241203,1.490010972514698,1.3320327240177958,True,False,True,True,False,False,True,True,True,False,False,True
-1.0892337857905086,-0.8996344768878971,-0.6456546265681322,True,False,False,True,True,False,False,False,False,False,False,False
-0.9182508645828749,-0.6253618549737103,0.6451500330677895,True,False,True,True,True,False,False,False,True,False,False,False
-0.8428720869507705,-0.537401181486098,0.9144082279165106,True,False,True,True,True,False,False,False,True,False,False,False
-1.277040579808332,-0.9739191865635156,0.14217625726177485,True,False,True,True,True,False,False,False,False,False,False,False
-1.1147282801182177,-0.820403454882001,0.570487779614834,False,False,True,True,False,False,False,False,True,False,False,False
-1.103177787472977,-0.8791709518553157,-0.46301673606446936,True,False,False,True,True,False,False,True,True,False,True,False
-1.0562868174479687,-0.7691088366246092,0.6455221141168864,True,False,True,True,False,False,False,True,True,False,False,False
-1.155306355040746,-0.8407272476577952,1.084375086155546,True,False,True,True,False,True,False,True,True,False,False,False
-1.2006564043219958,-0.8977374590327823,0.6394479155880723,False,False,True,True,False,False,False,False,True,True,True,False
-1.0853032802472304,-0.8117061331224827,0.598278916717463,True,False,True,True,True,False,False,True,True,False,False,False
0.054973733494930455,0.41048808255607694,1.0035785361226652,False,False,True,True,True,False,False,False,True,False,False,False
-1.239364768936528,-0.9366959633627955,0.34638478254858646,True,False,True,True,False,False,False,False,True,False,False,False
-1.1464563587830636,-0.9502654311504406,-1.1374328489117989,True,False,False,True,False,False,False,False,False,True,False,False
-0.590255306548902,-0.5795772643809339,-0.5472844131528768,False,False,False,False,True,False,False,False,False,False,False,False
0.9921957086736344,1.5890893494077414,1.38108528203853,True,False,True,True,True,False,False,True,True,True,False,True
-1.277040579808332,-0.9645771300302254,0.8503337888482543,True,False,True,True,True,False,False,True,False,False,False,False
-1.1323933282149596,-0.9190660487764275,-0.7636471400392372,False,False,False,True,True,True,False,False,False,True,False,True
-1.277040579808332,-0.9738978424072535,0.14379421204063286,False,False,True,True,False,False,False,True,False,False,True,False
0.14838948742064237,0.45281284224668983,1.0044210615109874,False,False,True,True,True,False,False,True,True,False,True,False
-1.1142970588906793,-0.7985994226085776,0.6848711285703727,True,False,True,True,False,False,False,True,False,True,True,False
-1.2532408866668603,-0.9707633625079343,-0.5841492145391503,False,False,False,False,True,False,False,False,True,False,False,False
-1.277040579808332,-0.995303532114117,-1.4788249971989196,False,False,False,False,True,False,False,False,False,False,False,False
-1.126516818660051,-0.9099986783722207,-0.536508437487029,True,False,False,True,True,True,False,False,False,False,False,False
-0.6575816407186033,-0.4861178163593002,0.23057990153698849,True,False,True,True,True,False,False,True,False,False,False,True
-0.11243137253748267,0.208108129230068,1.0199529349121632,False,False,True,True,True,True,False,True,True,False,True,False
-1.1147282801182177,-0.8005081092816755,0.7467152797518269,True,False,True,True,False,False,False,False,True,False,False,True
1.0337768941814645,1.6260292167759522,1.371403687527004,True,False,True,True,True,False,False,True,True,True,False,True
0.46724952515377705,0.5513860182005781,0.48283260697435443,False,False,True,True,False,False,False,True,True,False,True,False
-1.2444563015694812,-0.9734866921353538,-0.6282908034142759,False,False,False,False,True,False,False,False,False,True,False,False
-1.277040579808332,-0.9735626420787805,0.16920346067368774,True,False,True,True,True,False,False,False,False,False,False,False
-0.5338082671104504,-0.5431401314821789,-0.331025693619281,True,False,False,True,False,True,True,True,False,False,True,False
-1.277040579808332,-0.9731621730472899,0.1995602841211394,False,False,True,False,False,False,False,False,False,False,False,False
-1.0670576298483303,-0.807961797114376,0.39638532185712705,True,False,True,True,False,False,False,False,True,False,False,False
0.470331447862367,0.814201402906662,0.8837124447056086,True,False,True,True,False,False,False,True,True,False,True,False
-0.6010001945082286,-0.2630357023591259,1.110263179915806,True,False,True,True,True,True,False,True,True,False,False,False
0.7112850913955685,1.4225515646069442,1.4710500756174276,True,True,True,True,False,True,True,True,True,True,False,True
-1.277040579808332,-0.9953809483227268,-1.4846933914864493,False,False,False,True,True,False,False,False,False,False,False,False
-1.2364625048858033,-0.9491187043900566,0.1380572323031304,True,False,True,False,False,False,False,False,False,False,False,False
1.4048362763398263,1.6588339376644015,0.8662511300230964,False,False,True,True,True,True,True,True,True,False,False,True
-1.277040579808332,-0.9716625584096572,0.31323583257587634,True,False,True,True,True,False,False,True,True,False,False,False
-1.277040579808332,-0.9798097477472363,-0.30434697374821545,True,False,False,True,True,False,False,False,False,False,False,False
1.4917257180101346,0.5943438591835513,-0.4281110682444526,True,True,False,True,False,True,False,True,False,True,False,True
1.0270863324372832,0.27213152441912913,-0.4495849267369254,True,False,False,True,False,True,False,False,False,False,False,True
-1.219371293813526,-0.9231557428221022,0.48156543401144,True,False,True,True,True,False,False,False,False,False,False,False
-0.8969210531220004,-0.5343818551337832,1.1454464468605567,True,False,True,True,False,False,False,False,True,False,False,False
-1.277040579808332,-0.9735263892322438,0.171951541487036,False,False,True,True,False,False,False,False,False,False,False,False
-0.4656618118227032,-0.1078728113168407,0.9968435538123251,False,False,True,True,False,True,False,True,True,True,False,True
-0.1250917310451894,-0.3596638883104625,-0.4049672732904943,False,False,False,True,False,False,False,False,False,False,False,True
-1.1958844299632747,-0.9023059117520196,0.3316393882892122,True,False,True,True,False,False,False,False,True,False,False,False
-0.36015902717161297,-0.024101554109522805,0.8739626701230004,False,False,True,True,True,False,False,False,True,False,False,True
0.8712227793736393,1.2913996324439767,1.104569284809355,True,False,True,True,False,False,True,True,True,False,False,True
-1.2154836911163365,-0.9808747524002807,-1.4861840176876646,False,False,False,False,False,False,False,False,False,False,False,False
-1.277040579808332,-0.9739047478344636,0.1432707587442185,False,False,True,True,False,False,False,True,False,False,True,False
-1.2598009504755312,-0.9779843336815467,-0.6710370168237286,False,False,False,True,True,False,False,True,False,False,False,False
1.4555313474512406,2.4525308072647105,1.6601394833502074,False,False,True,True,False,True,True,False,True,True,False,True
-1.0735772714471083,-0.7997052255260308,0.4859352679259866,True,False,True,True,False,False,False,False,False,False,False,False
0.24204992537117132,0.7073397040017502,1.2463989936798534,True,False,True,True,False,False,False,False,True,False,False,True
-1.1240983666193654,-0.8546224937904184,0.36362041708284515,True,False,True,True,True,False,False,False,True,False,False,False
-1.277040579808332,-0.9957043235824062,-1.5092062623789322,False,False,False,True,True,False,False,False,False,False,True,False
-0.6503045482460289,-0.40097509553340094,0.622104584184173,True,False,True,False,True,True,False,True,False,False,True,True
-1.277040579808332,-0.9844759283722305,-0.6580582729206734,False,False,False,True,True,False,False,False,False,False,False,False
1.4019834827772528,2.05061008202337,1.3002793829549535,True,False,True,True,True,False,True,True,True,True,False,True
0.6518830365779782,1.2031991498984511,1.3065200595422266,False,False,True,True,True,False,True,False,False,True,False,True
-1.2660055330459252,-0.9791720375901772,-0.5280370349203384,False,False,False,False,True,True,False,False,False,False,True,False
-1.2645570971147093,-0.9410987257493352,1.2221126259817177,True,False,True,True,False,False,False,True,True,True,False,False
-0.1707174299009669,0.23885819905559885,1.1823764072741938,False,False,True,True,False,False,False,True,True,True,False,False
0.01898533390657303,0.33881251432936965,0.9586232701024829,True,False,True,True,True,False,False,True,True,False,False,False
-1.2217072732381062,-0.9556706532283055,-0.6618162426509031,True,False,False,True,True,False,False,False,False,False,False,False
1.5644985472689183,2.4398206161223195,1.4080407627797529,True,False,True,True,False,False,True,True,True,True,True,True
1.4822685149236117,2.150549514622661,1.308662127892021,False,False,True,True,True,False,True,False,True,True,False,True
0.44050872587309875,0.4883719090658796,0.5399422553956716,True,False,True,True,True,False,False,True,True,False,False,False
-1.2488533869340852,-0.938657479053816,1.0050524996627794,True,False,True,True,False,False,False,False,True,False,False,False
0.2662068903142014,0.8612555503174665,1.503209736686529,True,False,True,True,True,False,True,True,True,True,True,True
-0.9862125313557248,-0.6421799065071483,1.0866616684231953,True,False,True,True,False,False,False,True,True,False,False,True
-1.1529309101644647,-0.862644795910154,0.3509105354622498,True,False,True,True,False,False,False,False,True,False,False,False
-1.1690230045250418,-0.91418507138254,-0.4729933090067954,True,False,False,True,True,False,False,True,True,False,True,False
-0.6714005830906044,-0.4888692994953854,0.2881306015588737,False,False,True,True,True,False,False,False,True,False,False,False
-1.277040579808332,-0.97121922540582,0.34684188115302644,True,False,True,True,True,False,False,False,True,False,False,False
-1.1844189328740873,-0.8717266431624396,0.7885650247613214,True,False,True,True,True,False,False,False,False,False,False,False
1.5304640036889576,2.3653032561027496,1.5776996898522737,False,True,True,True,True,True,False,True,True,True,True,True
0.5644454296226522,0.6748895868636497,0.5720849333589213,True,False,True,False,True,True,False,True,True,False,False,False
-1.277040579808332,-0.9735873706470197,0.1673289567267706,False,False,True,True,False,False,False,False,False,False,False,False
-1.2364625048858033,-0.9699525173776786,-0.6420429226886,False,False,False,False,True,False,False,False,False,False,False,False
-0.4950761167051019,-0.22178526113296823,0.8035699555232765,True,False,True,True,True,False,False,True,True,False,False,False
0.4728725227449531,0.697961732071547,0.6796784487673158,False,False,True,True,False,False,False,False,True,False,False,True
1.0163978410668824,-0.04439453677957275,-0.8331784793745135,True,False,False,True,True,False,False,True,False,False,False,True
-0.9834283898738565,-0.7326574073478649,0.3156865023675362,True,False,True,True,True,False,False,False,False,False,False,True
-0.5893981053888865,-0.2608165808716276,0.9790134267966435,True,False,True,True,True,False,False,True,True,False,False,False
-0.8328253547252827,-0.5896179489189364,0.5204177749614602,True,False,True,True,True,False,False,False,True,False,False,True
-0.059698332132474476,0.34664320383334246,1.220339484268894,True,False,True,True,False,False,False,True,True,True,True,False
-1.2754588740141153,-0.9694055653837296,0.37740276787252935,False,False,True,True,False,False,False,True,True,False,False,True
-1.277040579808332,-0.9953600201935432,-1.4831069728803838,False,False,False,False,True,False,False,False,False,False,False,False
-0.0372464506816734,0.48975208066267767,1.333562715868431,True,False,True,True,False,False,False,False,True,False,False,True
-1.0584255875518673,-0.7859308249943027,0.6699019832330263,True,False,True,True,True,False,False,False,True,False,False,False
-1.1958844299632747,-0.9791028772627249,-1.4902535144691123,False,False,False,True,True,False,False,True,False,False,False,False
-1.2638409127248533,-0.9839462249087242,-0.920707560348888,True,False,False,True,False,False,False,True,False,True,True,False
-1.277040579808332,-0.9732495256913613,0.19293867649301574,False,False,True,False,False,False,False,False,False,False,False,False
-0.06437575851177546,-0.5358383741667243,-0.977788218565878,False,False,False,False,True,True,False,True,False,True,True,False
-1.277040579808332,-0.9734910810028743,0.1746280173214518,True,False,True,True,False,False,False,False,False,False,False,False
-1.2707457577349128,-0.9813823880667981,-0.6210558973909097,False,False,False,True,True,False,False,False,False,False,False,False
-1.2669362846581331,-0.9608605474172507,0.4490314421473095,False,False,True,True,False,False,False,False,True,False,False,False
-0.20310319572928576,0.16445201648876256,1.2226104211681714,True,False,True,True,False,True,True,False,False,True,False,False
-0.5950419948564627,-0.3400554694126875,0.8221791962289794,True,False,True,True,True,True,False,True,True,False,False,True
0.8330193161631543,1.1716659214644187,0.9868508532159291,False,False,True,True,True,False,True,True,False,False,False,True
-1.2765013517457546,-0.9641222678137833,0.8465613320249507,True,False,True,True,True,False,False,False,False,False,False,False
-0.8571905395322037,-0.7943370262150806,-0.644864228997891,True,False,False,True,True,False,False,False,False,False,False,False
-0.33411619133017706,-0.0656629770304274,0.7923350929030727,True,False,True,True,True,False,False,False,True,False,False,True
0.09071198227794713,0.2296624340894376,0.6336042979833743,True,False,True,True,True,False,False,True,True,False,False,False
-1.1901232876169505,-0.88930762852574,0.49149782145225374,False,False,True,True,True,False,False,True,True,True,True,False
-1.2767518624312042,-0.9734615799040098,0.16370803978695603,True,False,True,True,True,False,False,False,False,False,False,False
-1.0657309677568152,-0.8899452427509358,-0.5499738714594309,True,False,False,True,True,False,False,False,False,True,False,False
-0.6343408165498701,-0.35790715921651883,0.7870359960227972,True,False,True,True,False,False,False,False,False,False,False,True
-1.277040579808332,-0.9953420943395869,-1.4817481362640466,False,False,False,True,True,False,False,False,False,False,False,False
-0.6347191146219715,-0.6713822441124815,-0.5472128673192971,True,False,False,True,False,False,False,True,False,False,False,False
-0.6277913810478746,-0.3655056725609448,0.7750452444990951,True,False,True,False,False,True,False,True,True,False,True,False
-0.9929940553506318,-0.7127124301768751,0.6406717786607294,True,False,True,True,False,False,False,True,True,False,False,False
-1.0565992342941968,-0.7838933483959937,0.6390158675292064,True,False,True,True,False,False,False,True,True,False,False,False
-1.1714192653224802,-0.8850925779513711,0.5082253963329101,True,False,True,True,False,False,False,False,False,False,False,False
-1.0158756238295812,-0.7575638321902631,0.25870020125527815,True,False,False,True,False,True,False,False,False,False,False,True
-0.3938480682907898,-0.09199683610837928,0.8335769765447345,False,False,True,True,True,True,False,True,False,False,False,False
-0.9248302667001141,-0.8968737500698227,-1.2190155206853497,False,False,False,True,False,False,False,True,False,False,True,True
-1.2764570084121245,-0.9839478459126978,-0.6355763831937367,True,False,False,False,True,False,False,False,False,False,False,False
-0.651575015250395,-0.2644270457145859,1.2741130026828378,True,False,True,True,True,False,False,True,True,True,False,True
-0.2979415127126514,-0.20522211011941166,0.4142304889948477,True,False,True,True,True,True,False,True,True,False,False,False
-0.7611677750023236,-0.4726562010476967,0.8894883043790458,True,False,True,True,True,True,False,False,False,False,False,False
-1.277040579808332,-0.9952033728698927,-1.471232608638355,False,False,False,True,False,False,False,True,False,False,True,False
-0.5938226780706432,-0.28006453689531474,0.972193672269432,True,False,True,True,True,False,False,True,True,False,True,False
-1.2267622186852467,-0.9289093888303437,0.3632789840598256,True,False,True,True,True,False,False,False,True,False,False,False
1.4239738638307762,1.8213406023569418,1.0131869830698852,False,False,True,True,False,True,True,True,True,True,True,True
-1.277040579808332,-0.9716368804474466,0.31518230359866445,True,False,True,True,True,False,False,False,False,False,False,True
-0.8451140593937836,-0.522389776478111,0.9990474464069234,True,False,True,True,True,False,False,True,True,False,False,False
-0.9453605482748028,-0.6472956833930557,0.6664994233125751,True,False,True,True,True,False,False,True,True,False,False,False
-1.1580109916402497,-0.9563584329619289,-1.242670792060325,True,False,False,True,True,True,False,False,False,False,False,False
-1.2766623579454055,-0.9840262164370249,-0.6353421007084883,True,False,False,False,True,False,False,False,False,False,False,False
0.34171286151601954,0.6225823408159485,1.0119594269531975,False,False,True,False,True,False,False,False,True,True,False,False
-0.36716091944915297,-0.12689085937358485,0.6995444897357153,True,False,True,True,True,False,False,True,True,False,True,False
-1.2651673133531114,-0.9634165543928859,0.15505057411091597,True,False,True,True,False,False,False,False,False,False,False,False
-1.277040579808332,-0.9847690124097325,-0.6802749730450032,False,False,False,False,True,False,False,False,False,False,False,False
-0.4249010064352317,-0.49962192018498564,-0.3127813541930948,True,False,False,True,True,True,False,False,True,False,False,True
-0.10877525636605029,0.37999914294449333,1.2400358937650287,True,False,True,True,False,False,False,False,True,False,False,True
-1.0855859580831089,-0.9510638948113739,-1.4916123876384355,False,False,False,False,False,False,False,False,False,False,False,False
-1.274165197942473,-0.9659846676665175,0.5570002683221431,True,False,True,True,False,False,False,False,False,False,False,False
-1.249292863825587,-0.9622634423248165,-0.21626354379647592,True,False,False,True,False,True,False,False,False,True,True,True
-0.23443798119778525,0.09981375012837954,1.0496047224275225,True,False,True,True,True,True,False,True,True,False,True,True
-1.2364625048858033,-0.9706158340581426,-0.8856581651926785,False,False,False,True,True,False,False,False,False,True,False,True
-0.2631205502433652,-0.20301782322729997,0.332860029983705,False,False,True,True,False,True,False,False,True,False,False,False
-0.3261222807579077,-0.21409241333789375,0.46058077925700835,True,False,True,True,True,True,False,True,True,False,False,False
0.9041305807131965,1.5703524216910438,1.3648069872172717,True,False,True,True,False,True,True,True,False,False,False,True
-1.277040579808332,-0.9799110640404576,-0.31202707029455223,False,False,False,True,True,False,False,False,False,False,False,False
-1.2192371448041004,-0.930306966506237,0.15874314601046483,False,False,True,True,False,False,False,False,False,False,False,False
-0.7192841562807974,-0.4637284433094839,0.7072722895355558,False,False,True,True,False,False,False,False,True,False,False,True
-1.277040579808332,-0.9694016259465473,0.4846216881906544,True,False,True,True,False,False,False,False,False,False,True,False
-1.0483544400432208,-0.7292312318477087,0.9800143393682677,True,False,True,True,True,False,False,True,False,False,False,False
-1.155306355040746,-0.8685167125627224,0.26770212228727774,False,False,True,True,True,False,False,False,True,False,False,False
1.3880272187465796,2.3326583803030316,1.6382223283124302,False,True,True,False,True,True,True,False,True,True,False,True
-0.5557132225090439,-0.1811360218626782,1.16229337038204,True,False,True,True,True,False,False,True,True,False,False,False
-0.3457552664791822,-0.1488987692612227,0.6602557736678262,True,False,True,True,True,False,False,False,True,False,False,False
-1.277040579808332,-0.9717413791083135,0.30726097348575665,True,False,True,True,False,False,False,True,True,False,False,False
-1.277040579808332,-0.9954362715053543,-1.4888870642938747,False,False,False,True,False,False,False,False,False,False,False,False
0.07457922579438608,0.15013104495931667,0.41362880153390946,False,False,True,True,False,False,False,False,True,True,False,True
-1.0950203600725275,-0.8412818414835413,0.3380518903362847,False,False,True,True,True,False,False,True,True,False,False,False
-0.9008649590618256,-0.6430120368461474,0.43010850685102664,True,False,True,False,False,True,False,True,True,False,False,False
-1.277040579808332,-0.9721805631699859,0.2739694278910737,True,False,True,True,True,False,False,False,False,False,False,True
-0.8522441450403756,-0.5601705810120942,0.8322808518909091,True,False,True,True,True,False,False,False,True,True,False,False
1.1316497333679987,1.6264869138258344,1.2076395314340354,False,False,True,True,False,True,True,False,True,False,False,False
-0.27093087199827204,0.15245911747039664,1.198509454998668,False,False,True,True,False,True,False,True,True,False,False,False
-1.1771401199107139,-0.9197890813422555,-0.49545079401800074,True,False,False,True,True,False,False,True,True,False,True,False
-1.277040579808332,-0.9809369373411816,-0.38979152202661604,False,False,True,True,True,False,False,True,False,False,True,False
-1.0075463295751073,-0.7336753229295013,0.6518839962662473,True,False,True,True,True,False,False,True,True,False,True,True
1.4551720756072268,2.1389302163335904,1.3901197974681008,True,False,True,True,True,False,True,False,True,True,False,True
0.908558225177045,1.3940439019045092,1.1278251480231647,False,False,True,True,False,False,False,True,True,False,False,False
-0.5626460642607803,-0.5797812088421646,-0.3914056144261579,True,False,False,True,True,True,False,True,False,True,False,False
-0.3016130578917308,-0.04900630816014177,0.8156160620284401,True,False,True,True,False,False,False,False,True,False,False,True
-0.21025862689927877,-0.7754377480141401,-1.5036989216104608,True,True,False,True,True,False,False,False,False,False,True,False
-1.2364625048858033,-0.9755507419418987,-1.1395240733177494,True,False,False,True,True,False,False,False,False,True,False,False
-1.2039122915225131,-0.9282744050638082,-0.1725958901213839,False,False,False,True,False,False,False,False,False,True,False,False
-1.1696149917602772,-0.8444993054310458,0.9924520137649531,True,False,True,True,True,False,False,False,False,False,False,True
-1.277040579808332,-0.9955357528997026,-1.4964280696827221,False,False,False,False,False,False,False,False,False,False,False,False
-1.215847297209317,-0.9199871618452561,0.45553908802890214,True,False,True,True,False,False,False,True,True,True,False,False
-1.277040579808332,-0.9736362996195262,0.1636199853380989,True,False,True,True,True,False,False,True,False,False,False,False
-1.2572183674269304,-0.9550988646021334,0.26117985650472186,True,False,True,True,False,False,False,False,False,False,False,False
-1.155306355040746,-0.9081308247502438,-0.5353693781575183,False,False,False,False,False,False,False,True,True,False,True,False
-0.5902088143868339,-0.6916445796433449,-0.7988152230324045,True,False,False,True,False,True,False,False,False,False,False,False
-1.277040579808332,-0.9736073017693091,0.16581811440720587,True,False,True,True,True,False,False,False,False,False,False,False
-0.9367908805177401,-0.5776275026413413,1.3537339836694542,True,False,True,True,True,False,False,False,True,False,False,True
-1.1256342573275095,-0.8358740149404714,0.4698628758231527,True,False,True,True,False,True,False,False,False,False,False,True
0.07901861006422495,0.07185960818004816,0.19856762289564978,False,False,False,True,False,True,True,False,False,True,False,True
-1.2274752948259766,-0.9850613100551215,-1.4719002227470028,False,False,False,False,False,False,False,False,False,False,False,False
-1.2482362608464912,-0.9448599278089191,0.3438544198794832,True,False,True,True,False,False,False,False,True,False,False,False
-0.9671833751661791,-0.797744455035327,-0.3530228397244022,True,False,False,True,True,True,False,False,True,False,False,False
1.3895194570718996,1.7497002970892381,0.9712028264950443,False,False,True,True,False,True,True,True,True,True,True,True
-0.7856416355677773,-0.7770706618591919,-0.9570883434526744,False,False,False,False,True,True,False,True,False,False,True,False
-0.9998570558471952,-0.6521700045816035,1.3206355558061165,True,False,True,True,False,False,False,False,True,False,False,True
0.21117316138010303,0.3543391065251268,0.5416900342116312,False,False,True,True,False,False,False,True,True,False,True,False
-1.277040579808332,-0.968822291759893,0.52853705801558,True,False,True,True,False,False,False,False,False,False,False,False
-1.2269603221905607,-0.9381765722636052,0.0857469709359977,True,False,True,False,False,False,False,True,False,False,True,False
-0.6886178757082777,-0.8616574722975898,-1.4870918269716995,False,False,False,False,False,False,False,True,False,False,False,False
1.4353978894126804,2.3720509248785686,1.6416521711630263,False,True,True,True,True,True,False,True,True,True,False,True
1.3605342901560258,2.0375059873003196,1.3237677859310817,True,False,True,True,True,False,True,True,True,True,False,True
-1.0253488191628313,-0.9171065165283477,-1.1917710590532358,True,False,False,True,True,False,False,False,False,False,False,False
-1.1879046060592697,-0.9015780755499971,0.672165432172829,True,False,True,True,False,False,False,False,False,False,False,False
-0.7536074076847956,-0.48988814393433977,0.6732845430856218,False,False,True,True,False,False,False,True,True,False,False,False
-0.23933588329884958,0.1311522189011725,1.0722043408616033,True,False,True,True,False,False,False,True,True,False,False,True
-1.277040579808332,-0.9694645079977885,0.47985502915478423,True,False,True,True,True,False,False,False,False,False,False,False
-1.1546338708128152,-0.8355758754102962,1.0914553563064624,True,False,True,True,False,True,False,True,True,False,True,True
-0.6866454183786084,-0.858981288026936,-1.4958386655772469,False,False,False,True,True,False,False,False,False,False,False,False
-0.09087813492699864,0.3062597716098248,1.0228878403693489,True,False,True,True,True,False,True,True,True,False,False,False
-0.8965249790244664,-0.5341893928852579,1.1445588266103315,True,False,True,True,False,False,False,False,True,False,False,False
-0.9588964728707314,-0.8111856653991533,-0.31802875731761204,True,False,False,True,True,False,False,False,False,False,True,False
-0.511736541957841,-0.6807998876069828,-0.8823809066726563,False,False,False,True,True,False,True,False,False,False,False,True
-0.8712598305830461,-0.5349340203537849,0.9883824740945829,True,False,True,True,False,False,False,True,True,False,False,False
-1.277040579808332,-0.9954690542052045,-1.4913720969761237,False,False,False,True,False,False,False,False,False,False,False,False
-1.277040579808332,-0.9645979100022812,0.8487586010226263,True,False,True,True,True,False,False,True,False,False,False,False
0.5761668126046249,0.8366996858731659,0.9523678529351394,True,False,True,True,True,True,False,False,True,True,False,True
-1.197885486317357,-0.9316744105945007,-0.5226420517720429,True,False,False,True,True,False,False,False,False,False,True,False
-1.0518696656851858,-0.8716542042304888,-0.6038240235102097,True,False,False,False,True,False,False,False,False,False,True,False
-1.277040579808332,-0.9736007717131812,0.1663131133843894,False,False,True,True,False,False,False,False,False,False,False,False
-0.7114647823796089,-0.4762422995077016,0.5017219319797451,True,False,True,True,True,False,False,False,True,False,False,True
-1.0508388084528455,-0.8203943658829795,0.14760928044101318,False,False,False,True,False,False,False,False,False,True,False,True
-0.7280345781159202,-0.7502087027604523,-0.7327824147662972,True,False,False,True,False,False,False,True,False,False,False,False
-1.1639537321899691,-0.9725508537005487,-1.474371041241631,False,False,False,False,False,False,False,True,False,False,True,False
-1.2684870015404828,-0.9804523541009769,-0.6214240411298496,False,False,False,True,True,False,False,False,False,False,False,False
-1.2677333581230332,-0.9807697930647783,-0.6569967032046202,True,False,False,False,True,False,False,False,False,False,False,False
-1.1147282801182177,-0.8266063365044304,0.5594954567040124,True,False,True,True,True,False,False,True,True,True,False,True
1.327841082899154,1.9106431044759506,1.1771361657280826,True,False,True,True,True,False,False,True,True,False,False,True
-1.2405600020697896,-0.9228250065004263,0.9561668611849466,True,False,True,True,True,False,False,False,True,False,False,False
-0.8374782216226341,-0.4735925446746597,1.1388680517406617,False,False,True,True,False,True,False,False,True,False,False,True
-0.9942490923926238,-0.8428460150496845,-0.6472149497905101,True,False,False,True,True,False,False,False,False,False,False,False
-0.5839358309909386,-0.7061931799660207,-0.8414209289041713,True,False,False,True,False,True,True,True,False,False,True,False
-0.47000394586123156,-0.19275772763245203,0.7483201455073963,True,False,True,True,False,False,False,False,True,True,False,False
-0.4903344572337611,-0.4809295306536476,-0.15526694134434285,False,False,False,True,True,True,False,False,False,False,False,False
-1.2591967574003449,-0.9875874026324514,-1.349063441042432,True,False,False,True,True,False,False,True,False,False,False,False
-1.074150205195689,-0.7535117658616793,0.8099786408666699,True,False,True,True,False,False,False,False,False,False,False,False
-1.277040579808332,-0.993304694062788,-1.3273067297353978,True,False,False,True,True,False,False,True,False,False,True,True
-1.196746237095677,-0.9375989344583004,-0.2566504270688581,True,False,False,False,True,False,False,False,True,False,False,False
1.5391278628311187,2.329081756012179,1.3371485539452914,True,True,True,True,True,False,False,True,True,False,True,True
1.3048425843906637,1.9269036805466586,1.2680066934435235,True,False,True,True,True,False,False,True,True,False,False,True
-1.277040579808332,-0.9733959555371817,0.18183882949495278,False,False,True,True,True,False,False,True,False,False,True,False
-1.0418808389846221,-0.6734349041307512,1.3696688677652353,False,False,True,True,True,False,False,False,True,True,False,True
-1.2626223884333045,-0.9767956432938727,-0.7027177798681878,True,False,False,True,True,False,False,False,False,False,False,False
-1.0062227427976727,-0.7248941874189501,0.7169638107294513,True,False,True,True,True,False,False,False,True,False,False,False
-0.9296092314912543,-0.6703943987692799,0.32623724073039945,True,False,True,True,False,False,False,False,True,False,False,False
-1.091234137934594,-0.828817372642216,0.2846467768471993,True,False,True,False,False,False,False,False,False,False,False,False
0.17010202109649272,0.042524706946461086,0.020672979485169718,False,False,False,True,True,False,True,False,True,True,True,True
-0.199317983368893,0.125991417693088,0.876742167068406,True,False,True,True,False,False,False,False,True,False,False,True
-1.0636470238475566,-0.7845621993966412,0.5003543482147409,True,False,True,True,False,False,False,False,False,False,False,False
-1.041198922742072,-0.7865539884187698,0.46290120407133506,True,False,True,True,False,True,False,False,True,False,True,False
1.5697112356516434,2.3415069908753696,1.3441236160594816,True,True,True,True,True,False,False,True,True,False,True,True
0.3634498381610795,-0.12858572690441933,-0.5118324392924215,False,False,False,True,False,False,False,False,False,False,False,True
-0.19858450239084535,0.13971598692305595,0.9726944061776592,False,False,True,True,True,False,False,True,True,False,False,False
-1.1638146864649974,-0.8897577190948172,0.4308628884610362,True,False,True,True,True,False,False,True,True,False,False,False
-1.277040579808332,-0.9955962885165063,-1.501016861541988,False,False,False,True,False,False,False,False,False,False,False,False
-0.7798265339179367,-0.7018175328121368,-0.3933029648797599,False,False,False,True,False,False,False,False,False,True,False,True
0.2347779845373406,0.11661148258024016,0.08549398534984184,False,False,True,True,False,False,True,True,False,True,True,True
-0.842497496725561,-0.7179180422827085,-0.348301954037859,True,False,False,True,True,False,False,False,False,False,False,False
-0.8913253331524802,-0.6361865760387484,0.5174769636194183,False,False,True,True,True,False,False,True,True,False,False,True
-0.9984934916316169,-0.6917575602302308,0.6359832136404941,True,False,True,True,False,False,False,True,True,False,False,False
-1.1653695947128964,-0.9300333739966892,-0.6002682334303038,True,False,False,True,True,False,False,False,False,True,False,False
-0.8272522154599653,-0.4752234557467019,1.1704358117524563,True,False,True,True,True,False,False,False,True,False,False,True
0.673668976074668,0.8494131102402656,0.8092871949466909,True,False,True,True,True,True,False,False,True,False,False,True
-1.0536028455045516,-0.8216782615566093,0.14894310372329594,False,False,False,True,False,False,False,False,False,True,False,False
-1.239742507194704,-0.9518365781622999,-0.32447120372678917,True,False,False,True,True,False,False,False,False,False,False,False
-1.277040579808332,-0.9646004240846983,0.8485680255971497,True,False,True,True,True,False,False,True,False,False,False,False
-1.277040579808332,-0.9680649876558957,0.5859431123501992,True,False,True,True,False,False,False,False,False,False,False,True
-1.277040579808332,-0.966494462849589,0.7049938766188776,True,False,True,True,True,False,False,False,True,False,False,False
-0.2559831865520918,-0.04752368070318658,0.6494404658711878,True,False,True,True,True,False,False,False,True,False,False,True
1.3723894636872036,2.0707017236841843,1.3314683127728837,False,False,True,True,True,False,True,False,True,True,False,True
1.3311149392726715,1.996201902401457,1.3738556405153017,True,False,True,True,True,False,False,False,True,True,False,True
-0.7121958911069339,-0.7810512422841019,-1.0854121117116249,False,False,False,False,True,True,False,True,False,True,True,False
-0.27582688234516317,0.1356026633600158,1.2063576813156187,True,False,True,True,False,True,False,True,True,False,True,False
-1.2589467582266234,-0.9722321308624584,-0.5556663985692724,False,False,False,True,True,False,False,True,False,False,True,True
-0.9230209816235739,-0.6339135269325424,0.6946692597400803,False,False,True,True,False,False,False,False,False,False,False,False
-1.2364625048858033,-0.944482923667487,0.17078071104063056,True,False,True,True,False,False,False,False,False,False,False,False
1.4573508129013062,2.465512958639726,1.7230601122608775,False,False,True,True,True,True,True,False,True,True,False,True
-1.1213260268659029,-0.854980563377828,0.18868275937279103,False,False,True,False,True,False,False,False,False,False,False,False
-1.195456377165227,-0.8894471988672519,0.7733552881477099,False,False,True,True,True,False,False,False,True,True,True,False
-1.2635912987864557,-0.9778661979134321,-0.6882224442520253,False,False,False,False,False,False,False,False,False,False,False,False
0.82723029838829,1.214903323573306,1.029459549831556,True,False,True,True,True,True,True,True,True,False,False,True
-1.25328213513413,-0.9519223346579727,0.30361558032168523,False,False,True,True,True,False,False,True,True,False,False,False
0.74583714055215,-0.1352539003577664,-0.9022194348756608,True,False,False,True,True,False,False,True,False,False,False,True
-0.6159509933490392,-0.46009632343610496,0.20344667459937626,True,False,True,True,True,False,False,True,False,False,False,False
0.8312101193408541,1.4214717840732307,1.2739975213423,True,False,True,True,False,True,True,True,True,True,False,True
-1.151211425909205,-0.9628202096428923,-1.4911524284452338,False,False,False,False,False,False,False,False,False,False,False,False
-0.8963247365958035,-0.6077091470044136,0.9723217748643816,True,False,True,True,False,False,False,False,True,False,False,False
-0.7553633398929342,-0.653125483935849,-0.2416437174171165,False,False,False,True,False,False,False,False,True,False,False,False
-0.11316141061969387,0.27331423605996,1.1707282783880264,False,False,True,True,False,False,False,True,True,True,True,False
-0.27429395612669827,-0.03506449148085075,0.760679042606673,False,False,True,True,False,False,False,False,True,False,True,True
-1.2637215122540622,-0.9785023799763288,-0.651345875128265,True,False,False,True,True,False,False,False,False,False,False,True
-1.1884164266411517,-0.9468200427260534,-0.8956316739142587,True,False,False,False,True,False,False,False,False,False,False,False
-1.277040579808332,-0.9841275283359859,-0.6316484445501817,False,False,False,False,True,False,False,False,False,False,False,False
-0.9016120660514633,-0.5755567745064998,1.0972964443718705,True,False,True,True,False,True,False,False,True,False,False,False
-1.1140017734850842,-0.9052649538270092,-0.664406341128669,True,False,False,False,True,False,False,False,False,False,False,False
-1.273100028804093,-0.9607587817821703,0.8404875814346882,True,False,True,False,False,False,False,False,False,True,False,False
-0.510354355285118,-0.2059816649765127,0.8776807401767863,True,False,True,True,False,False,False,False,True,True,False,False
0.7377162050165444,1.2386298740626926,1.1317702596870127,True,False,True,True,True,False,False,True,True,False,False,False
-1.0293752346651388,-0.7471152195743921,0.5021523391605777,True,False,True,False,False,False,False,False,True,False,False,False
-1.2563305229907809,-0.9553488237328498,0.1836626233346024,True,False,True,True,False,False,False,False,False,False,False,False
-0.39232869202362447,-0.1831718857038774,0.6880519531252208,True,False,True,True,True,True,False,True,True,False,True,False
-0.905289164449439,-0.6261576568528401,0.5990115799326353,False,False,True,True,True,False,False,True,False,True,False,True
-0.3469620870506969,-0.5984284775089141,-0.8270109198344785,True,False,False,True,True,False,False,False,False,False,False,False
-1.2109865041988446,-0.9037691613236811,0.7542926698716248,False,False,True,True,True,True,False,True,True,True,True,False
1.4285701476535768,2.3203100072027647,1.6058461341298012,False,False,True,True,True,True,True,False,True,True,False,True
-1.2713100002845112,-0.9854678492400127,-0.8647094406477455,True,False,False,True,False,False,False,True,False,True,True,False
-1.2596276114778953,-0.9580953456215826,0.1929706839868092,True,False,True,True,False,False,False,False,False,False,False,False
-1.269522665446664,-0.9648655889253727,0.32027100026154237,False,False,True,True,False,False,False,False,True,False,False,False
-1.2544269816248823,-0.9864869213547269,-1.1993372587438191,True,False,False,False,True,False,False,True,False,False,True,True
-0.4249010064352317,-0.5036970610255685,-0.35367689355714854,True,False,False,True,True,True,False,True,True,True,False,False
0.6781262216032257,0.8409302046158027,0.6458744546972773,True,False,True,True,True,False,False,True,True,False,True,False
0.8330193161631543,1.2356518150414764,1.0535724836898333,False,False,True,True,False,True,True,True,False,False,False,True
-1.2132755787128493,-0.92521057908885,0.26454251101669124,False,False,True,True,True,False,False,False,True,False,False,False
-0.8940948456681251,-0.6040307909807167,0.6705108408607585,False,False,True,True,False,False,False,False,False,False,False,True
-1.2230389441008436,-0.9285145771352834,0.4454972388885583,True,False,True,True,False,False,False,False,True,False,False,False
-1.2596431550351899,-0.9583183584815479,0.30610723611300417,True,False,True,True,False,False,False,True,False,False,True,True
-1.2596324489997253,-0.9880887588644812,-1.2974568517461207,False,False,False,True,True,False,False,False,False,False,False,False
0.6603791836025068,0.7997691160254826,0.6197531353363084,True,False,True,True,False,False,False,True,True,True,False,False
-1.1872166926522045,-0.9044900062982341,0.05425914868016213,False,False,True,False,True,False,False,False,True,False,False,False
-1.277040579808332,-0.9692601378128645,0.4953469377265156,True,False,True,True,True,False,False,False,False,False,False,False
-0.9153122488661389,-0.9170015518056549,-1.4828932112218225,False,False,False,False,False,False,False,True,False,False,False,False
-0.8749703475837647,-0.5433204895154777,0.9873233597129887,True,False,True,True,True,False,False,False,True,False,False,False
-1.192469621042284,-0.9473947405184964,-0.6697490522741182,False,False,False,False,True,False,False,False,False,False,False,False
-1.2447434192380054,-0.9650316417373331,-0.5882804031383542,True,False,False,True,True,False,False,False,False,False,False,False
-0.9757933446134761,-0.9103536899024622,-1.1971688104387477,False,False,False,False,True,False,False,False,False,False,False,False
0.6264172968429702,1.1197572158049307,1.2093528508410254,True,False,True,True,True,False,True,False,True,True,False,False
-0.8485770327053749,-0.5273090862358736,1.0233116889460172,True,False,True,True,True,False,False,False,True,False,False,False
-0.4020318148841397,-0.0438867540711307,1.1677869015350355,True,False,True,True,True,True,False,True,True,False,False,True
0.1582204923142802,0.3315712042136394,0.6411873439615061,True,False,True,True,True,False,False,True,True,False,False,False
-0.5668436691010228,-0.3018189816397623,0.6782978254119203,True,False,True,True,True,False,False,True,True,False,False,False
-0.7388435352652957,-0.38327185221023674,1.1145457093420896,True,False,True,True,True,False,False,False,True,False,False,True
-1.236489018225069,-0.9576651766055606,-0.5143264644454715,True,False,False,True,False,False,False,False,True,False,False,False
-1.277040579808332,-0.9713754808030803,0.33499722617511385,True,False,True,True,True,False,False,False,True,False,False,False
-1.0197448060994694,-0.73707288786447,0.5144639021316549,True,False,True,True,False,False,False,False,False,False,False,False
-1.277040579808332,-0.994717869596015,-1.4344299197677381,False,False,False,True,True,False,False,False,True,False,False,False
-0.53667404368556,-0.3859449871125297,0.2864951671354862,False,False,True,True,True,False,False,True,True,False,True,False
-1.277040579808332,-0.9871101885580769,-0.8577435546482934,True,False,False,True,True,False,False,False,False,False,False,False
-0.09012951724704081,0.10485616784079811,0.6372469361236152,True,False,True,True,False,False,False,False,True,False,False,False
-0.2998016996521709,-0.7683383279744095,-1.49102002442864,False,False,False,False,True,False,False,True,False,False,False,False
-0.38051766060427145,-0.03577508187828276,1.1509793088136502,True,False,True,True,True,True,False,True,True,False,False,True
-1.051047176683985,-0.8719431662886871,-0.6684832116080943,False,False,False,True,False,False,False,False,False,False,False,False
-1.1585225874475285,-0.87888261076595,0.4806121124120979,True,False,True,True,False,False,False,False,False,False,False,False
-0.8875150499247418,-0.5276380615702457,1.2886556035198395,True,False,True,True,False,False,False,True,True,True,False,False
-0.7680821448166306,-0.5845132135411596,0.2975520519341607,True,False,True,True,True,False,False,False,False,False,False,True
-1.277040579808332,-0.9694163037158977,0.4835090666950201,True,False,True,True,True,False,False,False,False,False,False,False
-1.215211495473267,-0.9541743639455085,-1.0088939202415719,False,False,False,False,False,True,False,False,False,True,False,False
0.7810016215650036,1.4475430700615708,1.3565114028064016,False,False,True,True,False,True,True,True,False,True,False,True
0.45659747856653,0.9377504261374714,1.1677230675003165,True,False,True,True,True,False,False,True,True,False,True,True
-1.0335721302731604,-0.7363034884398217,0.8238210568153178,True,False,True,True,True,False,False,False,True,False,False,False
-1.2364625048858033,-0.9552240847819403,-0.3356203077181033,False,False,False,True,True,True,False,False,False,False,False,True
1.1477292195007414,0.958715102490044,0.36748264587895746,False,True,True,True,False,True,False,False,False,True,False,True
-1.2562347949316277,-0.9924086511877869,-1.477257781677207,False,False,False,False,True,False,False,False,False,False,False,False
-0.7085459500212306,-0.36253644649588823,1.2321447750350787,True,False,True,True,False,True,False,False,False,True,False,False
1.1727469214382844,1.7632113944598509,1.2713272906598139,False,False,True,True,False,True,False,True,True,False,False,False
0.9547176458294566,1.3987894969306178,1.1012132504291248,True,False,True,True,False,False,True,True,True,False,False,True
-0.9335902762040331,-0.643553647409554,0.964571467713464,True,False,True,True,False,False,False,False,True,False,False,False
-0.059698332132474476,0.3235364273249557,1.192390349746848,True,False,True,True,False,False,False,True,True,True,True,False
-0.43189857160021683,-0.10368418420269065,1.035939013908771,True,False,True,True,True,False,False,False,True,False,False,False
-1.2433895216421993,-0.9511633676843021,0.2820834700745866,False,False,True,True,True,False,False,True,True,False,False,False
-1.2376986626312647,-0.9419421678037008,0.504629964567217,True,False,True,True,True,False,False,False,False,False,False,False
-0.8813610158700763,-0.7900594389975686,-0.6763419380431455,False,False,False,True,True,True,False,False,False,True,False,True
-1.1967460919262431,-0.9787177243097642,-1.4680867771582364,False,False,False,False,False,False,False,False,False,False,False,False
0.5463967110918675,1.17013837989985,1.4692015293707428,False,True,True,True,True,False,False,True,True,True,True,True
-1.277040579808332,-0.9950782006290623,-1.4617441555580564,False,False,False,False,False,False,False,False,False,False,False,False
-1.277040579808332,-0.9842594946909438,-0.6416519130419872,False,False,False,False,True,True,False,False,False,False,True,False
-0.7567230270963246,-0.49987660982685944,0.6032382730903925,True,False,True,True,True,False,False,False,True,False,False,True
-1.1555134078535356,-0.8448026397447491,1.028230246024878,True,False,True,True,False,False,False,False,True,False,False,True
-1.1938456653463443,-0.9353584798531969,-0.47793616224804597,True,False,False,True,True,False,False,True,False,False,False,True
-1.1902178555658904,-0.9772565243345306,-1.4943930964935745,True,False,False,False,False,False,False,False,False,False,False,False
-0.2849537169740579,0.009124639536680898,0.8962043417710545,False,False,True,True,True,False,False,False,True,False,False,False
0.9365325072251431,1.3872218520597042,1.1793958538541,True,False,True,True,True,True,False,True,True,False,True,True
-1.0662008801806648,-0.8006006806642975,0.5041362591525003,False,False,True,True,False,False,False,False,False,False,False,False
-1.1082082118912597,-0.8324622908051441,0.47792556355668475,True,False,True,True,True,False,False,True,True,False,True,True
-1.0366120362021376,-0.7849766811048412,0.13784559150565934,True,False,True,True,False,False,False,True,False,False,True,False
1.4822685149236117,2.195693131635543,1.4021905559946124,False,True,True,True,True,False,False,True,True,True,False,True
-1.277040579808332,-0.9819934670229514,-0.46987982472782924,True,False,False,False,True,False,False,False,False,False,False,True
0.8937299486714594,1.4849937993843638,1.3380129383823938,False,False,True,True,True,True,True,False,True,True,False,True
1.1100135797485948,1.61606077549234,1.1174565697582732,True,False,True,True,True,False,True,True,True,False,False,False
-1.2498712051297625,-0.9430873976598809,0.7739112983782277,True,False,True,True,True,False,False,False,True,False,False,False
-0.20780493762137736,0.2311402119385205,1.3130080174654832,True,False,True,True,False,False,False,True,True,True,True,False
-1.155306355040746,-0.8645663095403717,0.4636094325190482,False,False,True,True,True,False,False,True,False,True,False,False
-1.277040579808332,-0.9825060366203798,-0.5087342268166731,False,False,False,False,True,False,False,False,False,False,False,True
0.040975624561782276,0.41534765175528876,1.0373300825710283,True,False,True,True,False,False,False,False,True,False,False,False
-1.0666799251860417,-0.8524261659938159,-0.3915260360937026,False,False,False,True,True,False,False,False,True,True,False,True
-0.8689191093157786,-0.608108770450899,0.5575466303637363,True,False,True,False,False,False,False,True,False,False,True,True
0.24469969155319043,-0.527765018085029,-1.1647890371119045,False,False,False,False,False,False,False,False,False,True,True,False
-1.155306355040746,-0.84514814672612,0.8117489092909691,True,False,True,True,True,False,False,False,True,False,False,True
-1.1202526969825402,-0.8133646208371935,0.9960894990227419,False,False,True,True,False,False,False,False,True,False,False,True
0.8928259875050945,0.8736629121071273,0.4368710554024516,True,False,True,True,False,False,False,False,True,False,False,True
-0.8123678791752127,-0.7601729652007789,-0.7301043668057561,False,False,False,True,True,False,False,False,False,False,False,True
-1.2241813340071142,-0.9273689108002026,0.4846198952256395,True,False,True,False,False,False,False,True,False,False,True,False
1.3199562152334972,1.9569989665499636,1.3657618888072995,False,True,True,True,True,True,False,True,True,True,True,False
1.2190830707737634,1.7644148753490987,1.266308277042943,False,False,True,True,False,False,True,True,True,False,True,True
-1.263616299859396,-0.9520419021979711,1.003689385080858,True,False,True,True,False,True,False,False,False,False,False,False
-1.277040579808332,-0.9649036131289486,0.8255853338937471,True,False,True,True,True,False,False,True,False,False,False,False
-1.277040579808332,-0.9732734347766451,0.19112629195470238,False,False,True,True,True,False,False,False,False,False,False,False
-0.6418435248638242,-0.3399595900235847,0.7684570965622997,False,False,True,True,True,False,False,False,True,False,False,True
-1.12794586392897,-0.8630831181306552,0.2283397224753096,False,False,True,True,False,False,False,True,False,False,False,False
-1.1984123466416996,-0.9424722513158003,-0.36923794699302254,False,False,False,True,False,False,False,False,False,True,False,True
-1.1790207412484524,-0.9222190520754816,-0.42627170020378746,False,False,False,True,True,False,False,False,False,False,False,False
0.9498673122025435,1.40034551881464,1.1079349697216456,True,False,True,True,False,False,True,True,True,False,False,True
-0.0175576898714218,0.2774133134537359,0.9358270990643771,True,False,True,True,True,False,False,True,True,False,False,False
-1.2500860178761906,-0.9892104719601967,-1.4991046969894237,False,False,False,False,False,False,False,False,False,False,False,False
0.21629502484285612,0.28347269119946084,0.4892355062704599,False,False,True,True,False,False,False,True,True,False,False,False
-1.1958844299632747,-0.8903506507559067,0.46628683404552446,True,False,True,True,True,False,False,False,False,False,False,False
-0.7001590413270821,-0.4919170130941465,0.37948057448783656,False,False,True,True,False,True,False,False,False,False,False,True
-1.277040579808332,-0.971272801782443,0.3427806217841014,True,False,True,True,True,False,False,False,True,False,False,False
-0.46355767302126843,-0.24326384599131567,0.6510938180655224,True,False,True,True,True,False,False,True,True,False,True,False
-1.2364625048858033,-0.9192960509738559,0.9564193990691451,True,False,True,True,True,False,False,False,True,False,False,False
-0.9695686693659477,-0.830041706111766,-0.6466591579961505,True,False,False,True,True,False,False,False,False,False,False,False
1.252817138371672,1.8817417775281222,1.2566167979703387,True,False,True,True,True,False,False,True,True,False,False,True
-1.277040579808332,-0.9838954028170385,-0.6140525935798623,False,False,False,True,True,False,False,False,False,False,True,False
0.7044839641597438,0.8633465666190009,0.6428089707229458,True,False,True,False,True,True,False,True,True,False,True,False
-1.2478899417417517,-0.947967052342271,0.18641400229927924,True,False,True,True,False,False,False,False,False,False,False,False
-0.46250554603360405,-0.019099023946919466,1.3582666680218058,True,False,True,True,True,False,False,True,True,True,False,False
-0.05802903194599867,0.22357757977437523,0.8285668339801779,True,False,True,True,False,False,False,False,True,False,False,False
-1.0806629753629322,-0.8140853179009376,0.21447053384570358,True,False,True,True,False,False,False,False,False,False,False,False
-1.0264703442972376,-0.774587265381287,0.29835377068887386,True,False,True,True,True,False,False,True,True,False,False,False
1.3811983435390682,1.1416970004142633,0.324741445283584,False,False,False,True,True,True,True,True,True,True,True,True
-1.276237851839217,-0.9689405573046558,0.4660779153147475,True,False,True,True,True,False,False,False,False,False,False,False
0.9443068465752223,1.7110806771490563,1.4732969842607488,False,False,True,True,True,True,True,False,True,True,False,True
-1.2364625048858033,-0.9698850552788861,-0.6407292754143594,False,False,False,False,True,False,False,False,False,False,False,False
-1.277040579808332,-0.9737290112255896,0.15659215138469543,True,False,True,True,False,False,False,False,False,False,True,False
-1.2138523259235026,-0.9230291547978148,0.30210114099206936,False,False,True,True,True,False,False,True,True,False,False,False
-1.155306355040746,-0.9199633698641169,-0.6296648932352843,False,False,False,True,False,False,False,False,False,False,False,False
1.3453764797650967,2.0017592213101407,1.2866656118488105,True,False,True,True,True,False,True,True,True,False,False,True
-0.979568538772018,-0.7426720885796119,0.20931320655649066,True,False,True,True,True,False,False,False,False,False,False,False
-0.19975795660627282,0.2769960212888258,1.3592569430981165,True,False,True,True,True,False,False,True,True,True,False,True
-1.2364625048858033,-0.9410909346391007,0.5164029729053614,True,False,True,True,False,False,False,False,False,False,False,False
-1.277040579808332,-0.9952667883901468,-1.4760397063183313,False,False,False,False,True,False,False,False,False,False,False,False
-1.2712485110130114,-0.979670311005779,-0.6261907114652243,True,False,False,True,False,False,False,False,False,False,False,False
1.0279365043862834,0.136931614387379,-0.663854341099452,True,False,False,True,True,False,True,True,False,False,False,False
-1.074150205195689,-0.8007555121232288,0.8598419550395213,True,False,True,True,False,False,False,False,False,False,False,False
-1.277040579808332,-0.9958520662501865,-1.5204056254476952,False,False,False,True,True,False,False,False,False,False,False,False
-1.277040579808332,-0.9821446728812423,-0.4813417086274909,False,False,False,True,True,False,False,False,False,False,False,False
-0.3742742320233965,-0.23837629985655884,0.5181102490841911,True,False,True,True,True,True,False,True,True,False,False,False
-0.46418368237246993,-0.12004426967290596,1.0510000685340524,False,False,True,True,True,False,False,True,False,False,False,False
-1.2545893204418814,-0.9904152381764921,-1.3305745461563325,False,False,False,True,False,False,False,True,False,False,True,False
-0.5672322482081742,-0.2403652321013957,1.0004033224707531,True,False,True,True,False,False,False,False,True,False,False,False
-1.0936257210277942,-0.8175734778259733,0.28772410816159866,False,False,True,False,True,False,False,False,False,False,False,False
-1.0073912075497227,-0.7432761223166974,0.3314781196995925,False,False,True,True,True,False,False,False,True,False,False,False
0.061457285722217245,0.4443029632203936,1.016400896333058,True,False,True,True,True,False,False,False,True,False,False,False
-0.678657272555581,-0.44764912794597816,0.5079887953940958,True,False,True,True,True,False,False,False,True,False,False,True
-0.9823786585699715,-0.7052336520375895,0.6542391674441186,True,False,True,True,True,False,False,True,True,False,False,False
-0.9442589752290691,-0.6575832193818445,0.7105046879717494,True,False,True,True,False,False,False,False,True,False,False,True
-0.9813513667029116,-0.6343097102536366,1.1417683279131057,True,False,True,True,False,False,False,False,True,False,False,False
0.7222262141089832,1.1358676372258552,1.0998705154155264,True,False,True,True,True,False,False,True,True,False,False,False
-1.277040579808332,-0.9694849065584691,0.478308753521781,True,False,True,True,True,False,False,True,False,False,False,False
-1.2725278497586199,-0.9939510242404055,-1.4570226143082765,False,False,False,False,False,False,False,False,False,False,False,False
-0.8729343973806256,-0.9107493163826631,-1.4878179019196185,False,False,False,False,True,False,False,True,False,False,False,False
0.1579080128093217,0.19537746466077668,0.40007517124782166,False,False,True,True,False,False,False,True,True,False,False,False
0.8064774255814695,1.242634509354948,1.0974117043452678,True,False,True,True,True,True,False,False,True,False,False,False
-0.9190447754044402,-0.568634757017642,1.0967002346118353,False,False,True,True,False,False,False,False,True,False,False,False
-0.9291431905460217,-0.7183357960125705,0.25461739945900363,False,False,True,True,False,False,False,False,True,False,False,False
1.549374939079286,2.3596010274940045,1.3727096254886053,False,True,True,True,True,False,False,True,True,True,True,True
-0.9693674147209103,-0.7301228927449132,0.4780776935237916,False,False,True,True,True,False,False,True,True,False,True,False
-0.9413218490259945,-0.6622760388901374,0.5044378528178967,False,False,True,True,False,False,False,False,False,False,False,False
-0.39232275840520753,-0.7481718698863368,-1.3646073381530208,False,False,False,False,True,False,True,False,True,False,True,False
-0.06266732592236525,0.3814329085846273,1.1979774750837404,True,False,True,True,False,True,True,True,True,False,True,False
-0.652859058238095,-0.3300521128816185,0.9796721141913232,True,False,True,True,False,False,False,False,True,False,False,False
0.4291437414230686,0.001841116949681365,-0.3839219523919679,True,False,False,True,True,False,True,False,False,False,False,True
